分类名称,销售日期,正价,品相折扣,清仓,总销量,正价占比,品相折扣占比,清仓占比
水生根茎类,2020-07-01,4.85,,,4.85,1.0,,
水生根茎类,2020-07-02,4.6,,,4.6,1.0,,
水生根茎类,2020-07-03,4.41,,5.162,9.572,0.4607187630589219,,0.5392812369410782
水生根茎类,2020-07-04,5.439,,,5.439,1.0,,
水生根茎类,2020-07-05,4.019,,,4.019,1.0,,
水生根茎类,2020-07-06,2.708,0.381,,3.0890000000000004,0.8766591129815474,0.12334088701845256,
水生根茎类,2020-07-07,3.117,,,3.117,1.0,,
水生根茎类,2020-07-08,10.605,,,10.605,1.0,,
水生根茎类,2020-07-09,2.106,,,2.106,1.0,,
水生根茎类,2020-07-10,8.781,0.244,,9.025,0.9729639889196676,0.02703601108033241,
水生根茎类,2020-07-11,7.406,1.522,,8.927999999999999,0.8295250896057348,0.17047491039426527,
水生根茎类,2020-07-12,12.625,1.369,,13.994,0.9021723595826783,0.09782764041732171,
水生根茎类,2020-07-13,10.342,1.263,,11.605,0.8911676001723395,0.10883239982766048,
水生根茎类,2020-07-14,8.682,0.325,,9.007,0.9639169534806262,0.03608304651937382,
水生根茎类,2020-07-15,9.615,0.382,0.241,10.238,0.9391482711467084,0.03731197499511624,0.023539753858175427
水生根茎类,2020-07-16,10.183,1.171,,11.354,0.896864541130879,0.10313545886912102,
水生根茎类,2020-07-17,10.727,,,10.727,1.0,,
水生根茎类,2020-07-18,7.242,3.176,,10.418,0.6951430216932233,0.30485697830677677,
水生根茎类,2020-07-19,8.204,2.92,,11.124,0.7375044947860482,0.2624955052139518,
水生根茎类,2020-07-20,9.003,0.5449999999999999,,9.548,0.9429199832425639,0.057080016757436104,
水生根茎类,2020-07-21,11.445,1.299,,12.744,0.8980696798493409,0.10193032015065913,
水生根茎类,2020-07-22,9.999,0.632,0.419,11.05,0.9048868778280543,0.0571945701357466,0.037918552036199094
水生根茎类,2020-07-23,25.973,0.444,4.0,30.416999999999998,0.8538974915343394,0.014597100305750075,0.13150540815991058
水生根茎类,2020-07-24,10.983,0.444,0.313,11.740000000000002,0.9355195911413968,0.03781942078364565,0.026660988074957405
水生根茎类,2020-07-25,7.516,2.908,,10.424,0.7210283960092095,0.27897160399079046,
水生根茎类,2020-07-26,11.031,1.957,,12.988000000000001,0.8493224514936865,0.1506775485063135,
水生根茎类,2020-07-27,16.436,0.579,0.25,17.265,0.9519837822183608,0.03353605560382276,0.014480162177816391
水生根茎类,2020-07-28,13.508,0.451,,13.959,0.9676910953506698,0.032308904649330186,
水生根茎类,2020-07-29,18.054000000000002,0.543,,18.597,0.9708017422164865,0.02919825778351347,
水生根茎类,2020-07-30,8.316,2.3289999999999997,,10.645,0.781211836542978,0.21878816345702207,
水生根茎类,2020-07-31,19.062,,,19.062,1.0,,
水生根茎类,2020-08-01,19.1,1.849,0.483,21.432000000000002,0.891190742814483,0.08627286300858528,0.02253639417693169
水生根茎类,2020-08-02,50.274,,5.88,56.154,0.8952879581151832,,0.10471204188481674
水生根茎类,2020-08-03,15.555,,,15.555,1.0,,
水生根茎类,2020-08-04,26.208,,,26.208,1.0,,
水生根茎类,2020-08-05,21.451999999999998,,,21.451999999999998,1.0,,
水生根茎类,2020-08-06,19.115000000000002,,,19.115000000000002,1.0,,
水生根茎类,2020-08-07,25.415,,,25.415,1.0,,
水生根茎类,2020-08-08,27.461,,,27.461,1.0,,
水生根茎类,2020-08-09,25.9,,,25.9,1.0,,
水生根茎类,2020-08-10,30.683,,,30.683,1.0,,
水生根茎类,2020-08-11,19.681,,0.777,20.458000000000002,0.9620197477759311,,0.03798025222406882
水生根茎类,2020-08-12,27.355,,,27.355,1.0,,
水生根茎类,2020-08-13,19.324,,,19.324,1.0,,
水生根茎类,2020-08-14,29.991,,,29.991,1.0,,
水生根茎类,2020-08-15,25.642,,,25.642,1.0,,
水生根茎类,2020-08-16,24.454,,,24.454,1.0,,
水生根茎类,2020-08-17,15.916,,,15.916,1.0,,
水生根茎类,2020-08-18,21.753,,,21.753,1.0,,
水生根茎类,2020-08-19,17.95,,,17.95,1.0,,
水生根茎类,2020-08-20,22.966,,,22.966,1.0,,
水生根茎类,2020-08-21,34.598,,,34.598,1.0,,
水生根茎类,2020-08-22,42.772,,,42.772,1.0,,
水生根茎类,2020-08-23,46.057,,,46.057,1.0,,
水生根茎类,2020-08-24,20.305,,,20.305,1.0,,
水生根茎类,2020-08-25,20.062,,,20.062,1.0,,
水生根茎类,2020-08-26,18.95,,,18.95,1.0,,
水生根茎类,2020-08-27,19.487000000000002,,,19.487000000000002,1.0,,
水生根茎类,2020-08-28,20.997,,,20.997,1.0,,
水生根茎类,2020-08-29,65.814,,,65.814,1.0,,
水生根茎类,2020-08-30,30.005,,,30.005,1.0,,
水生根茎类,2020-08-31,52.949,,,52.949,1.0,,
水生根茎类,2020-09-01,47.658,,,47.658,1.0,,
水生根茎类,2020-09-02,17.941,,,17.941,1.0,,
水生根茎类,2020-09-03,15.996,,,15.996,1.0,,
水生根茎类,2020-09-04,16.635,,,16.635,1.0,,
水生根茎类,2020-09-05,42.554,,,42.554,1.0,,
水生根茎类,2020-09-06,42.579,,4.384,46.963,0.9066499158912336,,0.09335008410876648
水生根茎类,2020-09-07,37.689,,1.237,38.926,0.9682217540975183,,0.031778245902481635
水生根茎类,2020-09-08,19.127,,,19.127,1.0,,
水生根茎类,2020-09-09,12.161,,,12.161,1.0,,
水生根茎类,2020-09-10,14.492,,,14.492,1.0,,
水生根茎类,2020-09-11,13.364,,,13.364,1.0,,
水生根茎类,2020-09-12,16.957,,,16.957,1.0,,
水生根茎类,2020-09-13,18.739,,,18.739,1.0,,
水生根茎类,2020-09-14,17.361,,,17.361,1.0,,
水生根茎类,2020-09-15,19.219,,,19.219,1.0,,
水生根茎类,2020-09-16,15.501,1.6,1.717,18.817999999999998,0.8237325964502074,0.08502497608672549,0.0912424274630673
水生根茎类,2020-09-17,17.437,,,17.437,1.0,,
水生根茎类,2020-09-18,11.389,,,11.389,1.0,,
水生根茎类,2020-09-19,39.431,,,39.431,1.0,,
水生根茎类,2020-09-20,39.551,,,39.551,1.0,,
水生根茎类,2020-09-21,16.289,,,16.289,1.0,,
水生根茎类,2020-09-22,37.808,,,37.808,1.0,,
水生根茎类,2020-09-23,18.629,,,18.629,1.0,,
水生根茎类,2020-09-24,46.652,,5.234,51.886,0.8991250048182554,,0.10087499518174459
水生根茎类,2020-09-25,22.732,,,22.732,1.0,,
水生根茎类,2020-09-26,65.744,,,65.744,1.0,,
水生根茎类,2020-09-27,28.289,,,28.289,1.0,,
水生根茎类,2020-09-28,11.860999999999999,,,11.860999999999999,1.0,,
水生根茎类,2020-09-29,24.135,,,24.135,1.0,,
水生根茎类,2020-09-30,36.839,,,36.839,1.0,,
水生根茎类,2020-10-01,55.356,,,55.356,1.0,,
水生根茎类,2020-10-02,21.931,,,21.931,1.0,,
水生根茎类,2020-10-03,18.497,,,18.497,1.0,,
水生根茎类,2020-10-04,19.253999999999998,,,19.253999999999998,1.0,,
水生根茎类,2020-10-05,79.752,,,79.752,1.0,,
水生根茎类,2020-10-06,25.784,,,25.784,1.0,,
水生根茎类,2020-10-07,52.071,,0.836,52.907,0.9841986882643129,,0.01580131173568715
水生根茎类,2020-10-08,31.952,,,31.952,1.0,,
水生根茎类,2020-10-09,45.216,,6.26,51.476,0.878389929287435,,0.12161007071256508
水生根茎类,2020-10-10,22.07,,,22.07,1.0,,
水生根茎类,2020-10-11,57.223,,,57.223,1.0,,
水生根茎类,2020-10-12,29.969,2.091,6.273000000000001,38.333000000000006,0.7818067983199853,0.05454830042000365,0.16364490126001094
水生根茎类,2020-10-13,46.823,,3.6959999999999997,50.519,0.9268394069557988,,0.0731605930442012
水生根茎类,2020-10-14,46.207,,,46.207,1.0,,
水生根茎类,2020-10-15,35.355,,6.8069999999999995,42.162,0.8385513021203927,,0.16144869787960722
水生根茎类,2020-10-16,52.785,,6.188000000000001,58.973,0.8950706255405015,,0.10492937445949843
水生根茎类,2020-10-17,84.728,,2.3920000000000003,87.11999999999999,0.9725436179981635,,0.027456382001836553
水生根茎类,2020-10-18,75.006,,4.332,79.338,0.9453981698555548,,0.054601830144445286
水生根茎类,2020-10-19,39.38,,1.22,40.6,0.9699507389162562,,0.03004926108374384
水生根茎类,2020-10-20,46.423,,3.011,49.434000000000005,0.9390905045110652,,0.06090949548893474
水生根茎类,2020-10-21,17.773,,3.428,21.201,0.8383095137021839,,0.16169048629781613
水生根茎类,2020-10-22,28.709,,7.208,35.917,0.7993150875629924,,0.20068491243700753
水生根茎类,2020-10-23,29.948,,0.853,30.801000000000002,0.9723060939579883,,0.02769390604201162
水生根茎类,2020-10-24,60.756,,7.176,67.932,0.8943649531884825,,0.1056350468115174
水生根茎类,2020-10-25,63.082,3.478,4.6,71.16,0.8864811691961777,0.048875772906127046,0.06464305789769534
水生根茎类,2020-10-26,20.666,,,20.666,1.0,,
水生根茎类,2020-10-27,20.755,,0.518,21.273,0.9756498848305363,,0.02435011516946364
水生根茎类,2020-10-28,14.625,12.609,5.184,32.418,0.45113825652415324,0.3889505830094392,0.15991116046640755
水生根茎类,2020-10-29,15.828,,,15.828,1.0,,
水生根茎类,2020-10-30,17.029,,1.7400000000000002,18.769,0.9072939421386329,,0.09270605786136717
水生根茎类,2020-10-31,73.563,,5.702,79.265,0.928064088815997,,0.07193591118400303
水生根茎类,2020-11-01,54.875,6.99,9.467,71.33200000000001,0.7692900801884146,0.09799248584085683,0.1327174339707284
水生根茎类,2020-11-02,15.053,,,15.053,1.0,,
水生根茎类,2020-11-03,14.238,,1.4889999999999999,15.727,0.9053220576079354,,0.09467794239206459
水生根茎类,2020-11-04,18.183,,,18.183,1.0,,
水生根茎类,2020-11-05,8.347,,,8.347,1.0,,
水生根茎类,2020-11-06,11.57,,1.8730000000000002,13.443000000000001,0.8606709811797961,,0.13932901882020382
水生根茎类,2020-11-07,60.508,,10.905,71.413,0.847296710682929,,0.1527032893170711
水生根茎类,2020-11-08,55.582,,2.625,58.207,0.9549023313347192,,0.04509766866528081
水生根茎类,2020-11-09,13.408,0.636,0.535,14.578999999999999,0.9196789903285548,0.04362439124768503,0.03669661842376021
水生根茎类,2020-11-10,9.913,,2.19,12.103,0.8190531273238041,,0.180946872676196
水生根茎类,2020-11-11,15.549,0.201,1.405,17.155,0.9063829787234041,0.011716700670358496,0.08190032060623724
水生根茎类,2020-11-12,14.446,,1.505,15.951,0.9056485486803335,,0.09435145131966646
水生根茎类,2020-11-13,13.047,,0.7190000000000001,13.766,0.9477698677902078,,0.052230132209792245
水生根茎类,2020-11-14,51.705,,6.422,58.126999999999995,0.8895177800333752,,0.11048221996662481
水生根茎类,2020-11-15,39.231,1.5550000000000002,4.567,45.353,0.8650144422640178,0.03428659625603599,0.1006989614799462
水生根茎类,2020-11-16,13.998000000000001,,0.452,14.450000000000001,0.9687197231833911,,0.031280276816609
水生根茎类,2020-11-17,20.615,0.937,3.21,24.762,0.8325256441321379,0.037840239076003555,0.1296341167918585
水生根茎类,2020-11-18,16.646,,2.525,19.171,0.8682906473319076,,0.13170935266809244
水生根茎类,2020-11-19,18.393,,4.5840000000000005,22.977,0.8004961483222353,,0.19950385167776474
水生根茎类,2020-11-20,20.641,1.505,0.334,22.479999999999997,0.918193950177936,0.06694839857651246,0.014857651245551605
水生根茎类,2020-11-21,91.691,,4.098,95.789,0.9572184697616637,,0.04278153023833634
水生根茎类,2020-11-22,67.538,,,67.538,1.0,,
水生根茎类,2020-11-23,34.987,,,34.987,1.0,,
水生根茎类,2020-11-24,40.528,,4.164,44.692,0.9068289626778842,,0.0931710373221158
水生根茎类,2020-11-25,31.807,5.034,1.856,38.697,0.8219500219655269,0.13008760369020853,0.04796237434426441
水生根茎类,2020-11-26,24.099,,,24.099,1.0,,
水生根茎类,2020-11-27,20.1,,3.0780000000000003,23.178,0.8672016567434636,,0.1327983432565364
水生根茎类,2020-11-28,30.289,,,30.289,1.0,,
水生根茎类,2020-11-29,31.494,,,31.494,1.0,,
水生根茎类,2020-11-30,16.105,1.5390000000000001,0.837,18.481,0.8714355283804989,0.08327471457172231,0.045289757047778795
水生根茎类,2020-12-01,25.029,,,25.029,1.0,,
水生根茎类,2020-12-02,22.394,,0.585,22.979,0.9745419731058792,,0.025458026894120717
水生根茎类,2020-12-03,30.514,,4.834,35.348,0.8632454452868621,,0.13675455471313794
水生根茎类,2020-12-04,67.286,8.816,11.148,87.25,0.7711862464183381,0.10104297994269341,0.12777077363896847
水生根茎类,2020-12-05,39.772,,3.7460000000000004,43.518,0.9139206765016774,,0.08607932349832254
水生根茎类,2020-12-06,89.278,,4.4830000000000005,93.76100000000001,0.9521869433986412,,0.047813056601358775
水生根茎类,2020-12-07,51.414,0.702,8.011,60.126999999999995,0.8550900593743245,0.011675287308530277,0.13323465331714537
水生根茎类,2020-12-08,69.831,6.892,1.6219999999999999,78.345,0.8913268236645606,0.08796987682685559,0.020703299508583826
水生根茎类,2020-12-09,20.512,15.755,3.63,39.897000000000006,0.5141238689625786,0.3948918465047497,0.09098428453267161
水生根茎类,2020-12-10,34.621,,13.827,48.448,0.7146012219286658,,0.28539877807133424
水生根茎类,2020-12-11,55.726,,,55.726,1.0,,
水生根茎类,2020-12-12,69.513,,1.9569999999999999,71.47,0.9726178816286555,,0.02738211837134462
水生根茎类,2020-12-13,73.578,,,73.578,1.0,,
水生根茎类,2020-12-14,22.631,39.392,3.494,65.51700000000001,0.34542179892241703,0.6012485309156401,0.0533296701619427
水生根茎类,2020-12-15,48.224,,3.545,51.769,0.9315227259556877,,0.06847727404431224
水生根茎类,2020-12-16,38.283,4.3149999999999995,4.684,47.282,0.8096738716636352,0.09126094496848694,0.09906518336787785
水生根茎类,2020-12-17,41.824,0.284,5.821,47.928999999999995,0.8726240897994951,0.005925431367230696,0.12145047883327423
水生根茎类,2020-12-18,55.335,1.087,6.9399999999999995,63.362,0.8733152362614817,0.017155392822196268,0.10952937091632207
水生根茎类,2020-12-19,86.825,,,86.825,1.0,,
水生根茎类,2020-12-20,76.108,,1.205,77.313,0.984414005406594,,0.015585994593406025
水生根茎类,2020-12-21,46.846000000000004,,1.622,48.468,0.9665346207807213,,0.033465379219278696
水生根茎类,2020-12-22,37.828,,0.87,38.698,0.9775182179957621,,0.022481782004237946
水生根茎类,2020-12-23,36.104,,7.726,43.83,0.8237280401551449,,0.17627195984485514
水生根茎类,2020-12-24,52.558,,9.264999999999999,61.823,0.8501366805234298,,0.1498633194765702
水生根茎类,2020-12-25,60.415,,5.569,65.984,0.9156007516973812,,0.08439924830261883
水生根茎类,2020-12-26,103.905,,,103.905,1.0,,
水生根茎类,2020-12-27,93.232,,,93.232,1.0,,
水生根茎类,2020-12-28,55.486000000000004,3.612,4.164,63.26200000000001,0.8770826088331067,0.057095886946350094,0.06582150422054313
水生根茎类,2020-12-29,51.913,,3.011,54.924,0.9451787925132911,,0.05482120748670891
水生根茎类,2020-12-30,74.772,,0.97,75.742,0.9871933669562463,,0.012806633043753795
水生根茎类,2020-12-31,72.72,,0.585,73.30499999999999,0.9920196439533457,,0.00798035604665439
水生根茎类,2021-01-01,91.569,,,91.569,1.0,,
水生根茎类,2021-01-02,95.19,,7.024,102.214,0.9312814291584323,,0.0687185708415677
水生根茎类,2021-01-03,71.854,,4.651,76.505,0.9392065878047187,,0.06079341219528136
水生根茎类,2021-01-04,68.248,,,68.248,1.0,,
水生根茎类,2021-01-05,89.144,,,89.144,1.0,,
水生根茎类,2021-01-06,49.852,,,49.852,1.0,,
水生根茎类,2021-01-07,54.723,,,54.723,1.0,,
水生根茎类,2021-01-08,53.903999999999996,,,53.903999999999996,1.0,,
水生根茎类,2021-01-09,90.49,,,90.49,1.0,,
水生根茎类,2021-01-10,79.563,,,79.563,1.0,,
水生根茎类,2021-01-11,47.911,,,47.911,1.0,,
水生根茎类,2021-01-12,55.595,,,55.595,1.0,,
水生根茎类,2021-01-13,40.616,,,40.616,1.0,,
水生根茎类,2021-01-14,43.51,,,43.51,1.0,,
水生根茎类,2021-01-15,51.428,,,51.428,1.0,,
水生根茎类,2021-01-16,82.624,,,82.624,1.0,,
水生根茎类,2021-01-17,67.482,,,67.482,1.0,,
水生根茎类,2021-01-18,48.095,,,48.095,1.0,,
水生根茎类,2021-01-19,42.265,,,42.265,1.0,,
水生根茎类,2021-01-20,44.546,,,44.546,1.0,,
水生根茎类,2021-01-21,48.089,,,48.089,1.0,,
水生根茎类,2021-01-22,48.728,,,48.728,1.0,,
水生根茎类,2021-01-23,66.893,,,66.893,1.0,,
水生根茎类,2021-01-24,88.664,,,88.664,1.0,,
水生根茎类,2021-01-25,86.892,,,86.892,1.0,,
水生根茎类,2021-01-26,59.222,,,59.222,1.0,,
水生根茎类,2021-01-27,50.075,,,50.075,1.0,,
水生根茎类,2021-01-28,58.18,,,58.18,1.0,,
水生根茎类,2021-01-29,48.372,,,48.372,1.0,,
水生根茎类,2021-01-30,39.938,,,39.938,1.0,,
水生根茎类,2021-01-31,47.573,,,47.573,1.0,,
水生根茎类,2021-02-01,50.34,,,50.34,1.0,,
水生根茎类,2021-02-02,47.323,,,47.323,1.0,,
水生根茎类,2021-02-03,36.091,,,36.091,1.0,,
水生根茎类,2021-02-04,61.4,,,61.4,1.0,,
水生根茎类,2021-02-05,56.39,,,56.39,1.0,,
水生根茎类,2021-02-06,55.472,,,55.472,1.0,,
水生根茎类,2021-02-07,101.527,,,101.527,1.0,,
水生根茎类,2021-02-08,124.55,,,124.55,1.0,,
水生根茎类,2021-02-09,211.431,,,211.431,1.0,,
水生根茎类,2021-02-10,296.79200000000003,,,296.79200000000003,1.0,,
水生根茎类,2021-02-13,50.0,,,50.0,1.0,,
水生根茎类,2021-02-14,34.891,28.601,1.581,65.073,0.5361824412582792,0.4395217678607103,0.02429579088101056
水生根茎类,2021-02-15,68.394,,,68.394,1.0,,
水生根茎类,2021-02-16,67.819,,,67.819,1.0,,
水生根茎类,2021-02-17,53.632,,,53.632,1.0,,
水生根茎类,2021-02-18,62.327,,,62.327,1.0,,
水生根茎类,2021-02-19,53.631,,19.413,73.044,0.734228684080828,,0.265771315919172
水生根茎类,2021-02-20,60.612,,,60.612,1.0,,
水生根茎类,2021-02-21,38.554,,,38.554,1.0,,
水生根茎类,2021-02-22,40.444,,,40.444,1.0,,
水生根茎类,2021-02-23,44.084,,,44.084,1.0,,
水生根茎类,2021-02-24,54.382,,,54.382,1.0,,
水生根茎类,2021-02-25,74.027,,,74.027,1.0,,
水生根茎类,2021-02-26,72.508,,,72.508,1.0,,
水生根茎类,2021-02-27,45.651,,,45.651,1.0,,
水生根茎类,2021-02-28,49.705,,,49.705,1.0,,
水生根茎类,2021-03-01,29.048,,,29.048,1.0,,
水生根茎类,2021-03-02,46.406,,,46.406,1.0,,
水生根茎类,2021-03-03,20.757,,,20.757,1.0,,
水生根茎类,2021-03-04,28.177,,,28.177,1.0,,
水生根茎类,2021-03-05,35.138,,,35.138,1.0,,
水生根茎类,2021-03-06,61.735,,,61.735,1.0,,
水生根茎类,2021-03-07,36.889,,,36.889,1.0,,
水生根茎类,2021-03-08,26.921,,,26.921,1.0,,
水生根茎类,2021-03-09,42.608,,,42.608,1.0,,
水生根茎类,2021-03-10,24.891000000000002,,,24.891000000000002,1.0,,
水生根茎类,2021-03-11,31.801,,,31.801,1.0,,
水生根茎类,2021-03-12,21.764,,,21.764,1.0,,
水生根茎类,2021-03-13,47.086,,,47.086,1.0,,
水生根茎类,2021-03-14,30.295,,,30.295,1.0,,
水生根茎类,2021-03-15,22.597,,,22.597,1.0,,
水生根茎类,2021-03-16,19.772,,,19.772,1.0,,
水生根茎类,2021-03-17,19.493,,,19.493,1.0,,
水生根茎类,2021-03-18,20.852,,,20.852,1.0,,
水生根茎类,2021-03-19,39.292,,,39.292,1.0,,
水生根茎类,2021-03-20,39.984,,,39.984,1.0,,
水生根茎类,2021-03-21,41.705,,,41.705,1.0,,
水生根茎类,2021-03-22,10.113,,,10.113,1.0,,
水生根茎类,2021-03-23,13.349,,,13.349,1.0,,
水生根茎类,2021-03-24,14.013,,,14.013,1.0,,
水生根茎类,2021-03-25,15.827,,,15.827,1.0,,
水生根茎类,2021-03-26,40.178,,,40.178,1.0,,
水生根茎类,2021-03-27,43.191,,,43.191,1.0,,
水生根茎类,2021-03-28,30.71,,,30.71,1.0,,
水生根茎类,2021-03-29,15.5,,,15.5,1.0,,
水生根茎类,2021-03-30,14.905,,,14.905,1.0,,
水生根茎类,2021-03-31,19.503,,,19.503,1.0,,
水生根茎类,2021-04-01,20.743,,,20.743,1.0,,
水生根茎类,2021-04-02,37.764,,,37.764,1.0,,
水生根茎类,2021-04-03,38.786,,,38.786,1.0,,
水生根茎类,2021-04-04,33.95,,,33.95,1.0,,
水生根茎类,2021-04-05,24.241,,,24.241,1.0,,
水生根茎类,2021-04-06,3.622,,,3.622,1.0,,
水生根茎类,2021-04-07,17.735,,,17.735,1.0,,
水生根茎类,2021-04-08,9.582,,,9.582,1.0,,
水生根茎类,2021-04-09,24.627,4.287,0.79,29.703999999999997,0.829080258551037,0.14432399676811206,0.026595744680851068
水生根茎类,2021-04-10,22.753,,,22.753,1.0,,
水生根茎类,2021-04-11,22.196,,,22.196,1.0,,
水生根茎类,2021-04-12,4.178,,,4.178,1.0,,
水生根茎类,2021-04-13,5.553,,,5.553,1.0,,
水生根茎类,2021-04-14,19.197,,,19.197,1.0,,
水生根茎类,2021-04-15,17.098,,,17.098,1.0,,
水生根茎类,2021-04-16,19.018,,,19.018,1.0,,
水生根茎类,2021-04-17,35.302,,,35.302,1.0,,
水生根茎类,2021-04-18,22.237,,,22.237,1.0,,
水生根茎类,2021-04-19,12.658,,,12.658,1.0,,
水生根茎类,2021-04-20,12.167,,,12.167,1.0,,
水生根茎类,2021-04-21,13.078,,,13.078,1.0,,
水生根茎类,2021-04-22,11.64,,,11.64,1.0,,
水生根茎类,2021-04-23,10.413,,,10.413,1.0,,
水生根茎类,2021-04-24,17.178,,,17.178,1.0,,
水生根茎类,2021-04-25,11.454,,,11.454,1.0,,
水生根茎类,2021-04-26,11.871,,,11.871,1.0,,
水生根茎类,2021-04-27,9.127,,,9.127,1.0,,
水生根茎类,2021-04-28,7.359,,,7.359,1.0,,
水生根茎类,2021-04-29,8.818,,,8.818,1.0,,
水生根茎类,2021-04-30,14.856,,,14.856,1.0,,
水生根茎类,2021-05-01,18.075,,,18.075,1.0,,
水生根茎类,2021-05-02,17.439,,,17.439,1.0,,
水生根茎类,2021-05-03,18.743000000000002,,,18.743000000000002,1.0,,
水生根茎类,2021-05-04,8.799,,,8.799,1.0,,
水生根茎类,2021-05-05,15.352,,,15.352,1.0,,
水生根茎类,2021-05-06,5.992,,,5.992,1.0,,
水生根茎类,2021-05-07,6.436,,,6.436,1.0,,
水生根茎类,2021-05-08,11.457,,,11.457,1.0,,
水生根茎类,2021-05-09,21.145,,,21.145,1.0,,
水生根茎类,2021-05-10,8.06,,,8.06,1.0,,
水生根茎类,2021-05-11,8.963000000000001,,,8.963000000000001,1.0,,
水生根茎类,2021-05-12,6.081,,,6.081,1.0,,
水生根茎类,2021-05-13,14.949,,,14.949,1.0,,
水生根茎类,2021-05-14,11.411999999999999,,,11.411999999999999,1.0,,
水生根茎类,2021-05-15,12.399000000000001,,,12.399000000000001,1.0,,
水生根茎类,2021-05-16,6.386,,,6.386,1.0,,
水生根茎类,2021-05-17,5.011,,,5.011,1.0,,
水生根茎类,2021-05-18,12.309000000000001,,,12.309000000000001,1.0,,
水生根茎类,2021-05-19,12.199,,,12.199,1.0,,
水生根茎类,2021-05-20,9.406,,,9.406,1.0,,
水生根茎类,2021-05-21,4.178,,,4.178,1.0,,
水生根茎类,2021-05-22,9.18,,,9.18,1.0,,
水生根茎类,2021-05-23,17.229,,,17.229,1.0,,
水生根茎类,2021-05-24,4.28,,,4.28,1.0,,
水生根茎类,2021-05-25,5.412,,,5.412,1.0,,
水生根茎类,2021-05-26,4.008,,,4.008,1.0,,
水生根茎类,2021-05-27,8.319,,,8.319,1.0,,
水生根茎类,2021-05-28,6.205,,,6.205,1.0,,
水生根茎类,2021-05-29,9.57,,,9.57,1.0,,
水生根茎类,2021-05-30,4.719,,,4.719,1.0,,
水生根茎类,2021-05-31,5.404,,,5.404,1.0,,
水生根茎类,2021-06-01,7.217,,,7.217,1.0,,
水生根茎类,2021-06-02,8.681,,,8.681,1.0,,
水生根茎类,2021-06-03,11.019,,,11.019,1.0,,
水生根茎类,2021-06-04,13.461,,,13.461,1.0,,
水生根茎类,2021-06-05,19.495,,,19.495,1.0,,
水生根茎类,2021-06-06,7.182,,,7.182,1.0,,
水生根茎类,2021-06-07,8.757,,,8.757,1.0,,
水生根茎类,2021-06-08,7.394,,,7.394,1.0,,
水生根茎类,2021-06-09,7.943,,,7.943,1.0,,
水生根茎类,2021-06-10,10.34,,,10.34,1.0,,
水生根茎类,2021-06-11,6.744,,,6.744,1.0,,
水生根茎类,2021-06-12,22.347,,,22.347,1.0,,
水生根茎类,2021-06-13,11.431000000000001,,,11.431000000000001,1.0,,
水生根茎类,2021-06-14,14.049,,,14.049,1.0,,
水生根茎类,2021-06-15,9.998,,,9.998,1.0,,
水生根茎类,2021-06-16,5.187,,,5.187,1.0,,
水生根茎类,2021-06-17,9.409,,,9.409,1.0,,
水生根茎类,2021-06-18,7.902,,,7.902,1.0,,
水生根茎类,2021-06-19,10.313,,,10.313,1.0,,
水生根茎类,2021-06-20,10.001,,,10.001,1.0,,
水生根茎类,2021-06-21,9.9,,,9.9,1.0,,
水生根茎类,2021-06-22,13.91,,,13.91,1.0,,
水生根茎类,2021-06-23,10.931000000000001,,,10.931000000000001,1.0,,
水生根茎类,2021-06-24,6.119,,,6.119,1.0,,
水生根茎类,2021-06-25,10.916,,,10.916,1.0,,
水生根茎类,2021-06-26,20.953,,,20.953,1.0,,
水生根茎类,2021-06-27,19.982,,,19.982,1.0,,
水生根茎类,2021-06-28,9.933,,,9.933,1.0,,
水生根茎类,2021-06-29,9.52,,,9.52,1.0,,
水生根茎类,2021-06-30,7.464,,,7.464,1.0,,
水生根茎类,2021-07-01,8.512,,,8.512,1.0,,
水生根茎类,2021-07-02,10.79,,,10.79,1.0,,
水生根茎类,2021-07-03,29.657,,,29.657,1.0,,
水生根茎类,2021-07-04,24.214,,,24.214,1.0,,
水生根茎类,2021-07-05,14.947,,,14.947,1.0,,
水生根茎类,2021-07-06,7.861,,,7.861,1.0,,
水生根茎类,2021-07-07,8.404,,,8.404,1.0,,
水生根茎类,2021-07-08,12.209,,,12.209,1.0,,
水生根茎类,2021-07-09,4.507,,,4.507,1.0,,
水生根茎类,2021-07-10,14.838,,,14.838,1.0,,
水生根茎类,2021-07-11,14.099,,,14.099,1.0,,
水生根茎类,2021-07-12,7.559,,,7.559,1.0,,
水生根茎类,2021-07-13,7.123,,,7.123,1.0,,
水生根茎类,2021-07-14,13.082,,1.1,14.182,0.9224368918347201,,0.07756310816527993
水生根茎类,2021-07-15,5.78,,,5.78,1.0,,
水生根茎类,2021-07-16,15.712,7.436,0.488,23.636,0.6647486884413607,0.3146048400744627,0.02064647148417668
水生根茎类,2021-07-17,14.606,12.509,,27.115000000000002,0.5386686335976396,0.4613313664023603,
水生根茎类,2021-07-18,17.119,10.419,2.6,30.138,0.5680204393124958,0.3457097352179972,0.08626982546950693
水生根茎类,2021-07-19,7.413,7.9719999999999995,0.369,15.754,0.470547162625365,0.506030214548686,0.023422622825948966
水生根茎类,2021-07-20,7.694,4.317,0.501,12.511999999999999,0.6149296675191817,0.3450287723785167,0.040041560102301796
水生根茎类,2021-07-21,11.756,5.619,0.6819999999999999,18.057,0.6510494545051781,0.31118125934540625,0.037769286149415736
水生根茎类,2021-07-22,8.25,9.023,0.57,17.843,0.4623661940256683,0.5056885052961946,0.031945300678137084
水生根茎类,2021-07-23,13.844,,,13.844,1.0,,
水生根茎类,2021-07-24,32.222,,,32.222,1.0,,
水生根茎类,2021-07-25,24.134,,,24.134,1.0,,
水生根茎类,2021-07-26,16.444,,,16.444,1.0,,
水生根茎类,2021-07-27,33.891,,,33.891,1.0,,
水生根茎类,2021-07-28,32.418,,,32.418,1.0,,
水生根茎类,2021-07-29,17.107,,,17.107,1.0,,
水生根茎类,2021-07-30,20.72,,,20.72,1.0,,
水生根茎类,2021-07-31,23.282,,,23.282,1.0,,
水生根茎类,2021-08-01,8.926,26.458,0.8440000000000001,36.228,0.24638401236612564,0.73031909020647,0.02329689742740422
水生根茎类,2021-08-02,5.183,16.991,0.7689999999999999,22.942999999999998,0.22590768426099464,0.7405744671577388,0.033517848581266614
水生根茎类,2021-08-03,6.123,20.656,0.77,27.549,0.22225852118044212,0.7497912809902355,0.0279501978293223
水生根茎类,2021-08-04,4.732,17.425,0.46,22.617,0.209223150727329,0.7704381659813415,0.02033868329132953
水生根茎类,2021-08-05,4.024,11.267,0.343,15.634,0.2573877446590764,0.7206728924139695,0.021939362926954076
水生根茎类,2021-08-06,22.376,,,22.376,1.0,,
水生根茎类,2021-08-07,28.627,,,28.627,1.0,,
水生根茎类,2021-08-08,23.912,0.361,,24.273,0.9851275079306224,0.014872492069377498,
水生根茎类,2021-08-09,19.711000000000002,,,19.711000000000002,1.0,,
水生根茎类,2021-08-10,24.532,,,24.532,1.0,,
水生根茎类,2021-08-11,20.738,,,20.738,1.0,,
水生根茎类,2021-08-12,2.6100000000000003,25.926,,28.535999999999998,0.09146341463414635,0.9085365853658537,
水生根茎类,2021-08-13,2.308,35.414,,37.722,0.06118445469487301,0.938815545305127,
水生根茎类,2021-08-14,3.6550000000000002,23.457,,27.112000000000002,0.1348111537326645,0.8651888462673355,
水生根茎类,2021-08-15,8.775,40.284,0.412,49.471,0.17737664490307456,0.8142952436781145,0.008328111418811021
水生根茎类,2021-08-16,9.999,36.518,4.016,50.533,0.19787069835553006,0.7226564819029149,0.07947281974155503
水生根茎类,2021-08-17,11.992,38.883,5.2700000000000005,56.145,0.213589812093686,0.6925460860272509,0.09386410187906315
水生根茎类,2021-08-18,11.666,39.911,2.973,54.55,0.213858845096242,0.731640696608616,0.05450045829514207
水生根茎类,2021-08-19,4.38,21.418,2.771,28.569,0.15331303160768667,0.7496937239665371,0.09699324442577618
水生根茎类,2021-08-20,5.2,19.279,2.811,27.29,0.1905459875412239,0.7064492488090875,0.10300476364968854
水生根茎类,2021-08-21,7.871,28.737,1.084,37.692,0.20882415366656054,0.7624164278892072,0.028759418444232198
水生根茎类,2021-08-22,51.313,,,51.313,1.0,,
水生根茎类,2021-08-23,38.788000000000004,,,38.788000000000004,1.0,,
水生根茎类,2021-08-24,31.616,,,31.616,1.0,,
水生根茎类,2021-08-25,35.363,,,35.363,1.0,,
水生根茎类,2021-08-26,63.126,,,63.126,1.0,,
水生根茎类,2021-08-27,56.396,,,56.396,1.0,,
水生根茎类,2021-08-28,49.574,,,49.574,1.0,,
水生根茎类,2021-08-29,55.375,,,55.375,1.0,,
水生根茎类,2021-08-30,40.953,,,40.953,1.0,,
水生根茎类,2021-08-31,31.335,,,31.335,1.0,,
水生根茎类,2021-09-01,47.449,,,47.449,1.0,,
水生根茎类,2021-09-02,45.638,,,45.638,1.0,,
水生根茎类,2021-09-03,54.834,,,54.834,1.0,,
水生根茎类,2021-09-04,66.409,,,66.409,1.0,,
水生根茎类,2021-09-05,58.946,,,58.946,1.0,,
水生根茎类,2021-09-06,33.471,,,33.471,1.0,,
水生根茎类,2021-09-07,34.142,,,34.142,1.0,,
水生根茎类,2021-09-08,38.571,,,38.571,1.0,,
水生根茎类,2021-09-09,39.028,,,39.028,1.0,,
水生根茎类,2021-09-10,43.851,,,43.851,1.0,,
水生根茎类,2021-09-11,67.532,,,67.532,1.0,,
水生根茎类,2021-09-12,57.208,,,57.208,1.0,,
水生根茎类,2021-09-13,29.937,,,29.937,1.0,,
水生根茎类,2021-09-14,41.431,,,41.431,1.0,,
水生根茎类,2021-09-15,32.841,,,32.841,1.0,,
水生根茎类,2021-09-16,35.964999999999996,,,35.964999999999996,1.0,,
水生根茎类,2021-09-17,31.276,,,31.276,1.0,,
水生根茎类,2021-09-18,34.827,,,34.827,1.0,,
水生根茎类,2021-09-19,93.77,,,93.77,1.0,,
水生根茎类,2021-09-20,94.882,,,94.882,1.0,,
水生根茎类,2021-09-21,94.155,,,94.155,1.0,,
水生根茎类,2021-09-22,30.22,,,30.22,1.0,,
水生根茎类,2021-09-23,19.216,,,19.216,1.0,,
水生根茎类,2021-09-24,23.218,9.096,,32.314,0.7185121000185678,0.2814878999814322,
水生根茎类,2021-09-25,43.444,,,43.444,1.0,,
水生根茎类,2021-09-26,48.868,,,48.868,1.0,,
水生根茎类,2021-09-27,42.395,,,42.395,1.0,,
水生根茎类,2021-09-28,33.697,,,33.697,1.0,,
水生根茎类,2021-09-29,39.563,,,39.563,1.0,,
水生根茎类,2021-09-30,38.451,,,38.451,1.0,,
水生根茎类,2021-10-01,69.809,,,69.809,1.0,,
水生根茎类,2021-10-02,61.246,,,61.246,1.0,,
水生根茎类,2021-10-03,52.697,,,52.697,1.0,,
水生根茎类,2021-10-04,40.08,,,40.08,1.0,,
水生根茎类,2021-10-05,53.813,,,53.813,1.0,,
水生根茎类,2021-10-06,50.852,,,50.852,1.0,,
水生根茎类,2021-10-07,51.57,,,51.57,1.0,,
水生根茎类,2021-10-08,49.695,,,49.695,1.0,,
水生根茎类,2021-10-09,41.198,,,41.198,1.0,,
水生根茎类,2021-10-10,58.704,,,58.704,1.0,,
水生根茎类,2021-10-11,5.668,37.991,1.6920000000000002,45.351,0.12498070604837822,0.8377103040726775,0.03730898987894424
水生根茎类,2021-10-12,2.4050000000000002,25.337,2.2110000000000003,29.953000000000003,0.08029245818448903,0.845891897305779,0.07381564450973191
水生根茎类,2021-10-13,3.141,32.09,1.295,36.526,0.08599353884903903,0.8785522641406122,0.035454197010348784
水生根茎类,2021-10-14,4.758,33.506,,38.264,0.124346644365461,0.8756533556345389,
水生根茎类,2021-10-15,17.992,47.667,,65.659,0.2740218401133127,0.7259781598866872,
水生根茎类,2021-10-16,8.796,46.025,,54.821,0.1604494627971033,0.8395505372028967,
水生根茎类,2021-10-17,10.955,42.305,2.76,56.019999999999996,0.1955551588718315,0.7551767225990718,0.04926811852909675
水生根茎类,2021-10-18,8.414,33.645,2.454,44.513000000000005,0.1890234313571316,0.7558466066093051,0.055129962033563226
水生根茎类,2021-10-19,5.216,33.039,4.483,42.738,0.12204595441995414,0.7730591043099818,0.1048949412700641
水生根茎类,2021-10-20,14.309,26.238,0.701,41.248,0.34690166795965865,0.6361035686578743,0.01699476338246703
水生根茎类,2021-10-21,3.186,38.555,5.1690000000000005,46.91,0.06791728842464294,0.8218929865700277,0.11018972500532938
水生根茎类,2021-10-22,4.197,38.543,2.575,45.315000000000005,0.09261833829857662,0.8505572106366545,0.05682445106476884
水生根茎类,2021-10-23,11.957,48.265,1.052,61.274,0.19513986356366486,0.7876913535920619,0.017168782844273266
水生根茎类,2021-10-24,4.698,43.219,,47.917,0.09804453534236283,0.9019554646576372,
水生根茎类,2021-10-25,5.343,27.774,0.579,33.696000000000005,0.1585648148148148,0.8242521367521367,0.01718304843304843
水生根茎类,2021-10-26,2.352,34.864,,37.215999999999994,0.06319862424763543,0.9368013757523647,
水生根茎类,2021-10-27,2.4690000000000003,31.33,2.362,36.161,0.06827797903819031,0.8664030308896324,0.0653189900721772
水生根茎类,2021-10-28,4.604,31.958000000000002,1.387,37.949000000000005,0.1213207199135682,0.8421302274104718,0.036549052675959835
水生根茎类,2021-10-29,4.406,31.965,3.674,40.045,0.1100262205019353,0.7982269946310401,0.09174678486702459
水生根茎类,2021-10-30,6.781,52.441,0.534,59.756,0.11347814445411339,0.8775855144253297,0.008936341120556931
水生根茎类,2021-10-31,7.4239999999999995,48.537,,55.961,0.1326638194456854,0.8673361805543146,
水生根茎类,2021-11-01,6.082,35.78,2.454,44.316,0.13724162830580378,0.8073833378463761,0.0553750338478202
水生根茎类,2021-11-02,2.561,36.356,0.976,39.893,0.06419672624269922,0.9113378286917505,0.024465445065550345
水生根茎类,2021-11-03,4.634,31.922,3.3850000000000002,39.940999999999995,0.11602113116847353,0.7992288625722942,0.08475000625923239
水生根茎类,2021-11-04,8.215,25.675,8.475999999999999,42.366,0.19390549025161685,0.6060284190152481,0.20006609073313505
水生根茎类,2021-11-05,5.732,51.82,1.144,58.696,0.0976557175957476,0.8828540275316887,0.019490254872563718
水生根茎类,2021-11-06,5.919,57.337,0.671,63.927,0.09258998545215635,0.8969136671515948,0.010496347396248848
水生根茎类,2021-11-07,5.102,59.52,,64.622,0.07895144068583455,0.9210485593141655,
水生根茎类,2021-11-08,6.766,50.536,1.509,58.811,0.11504650490554488,0.8592950298413562,0.025658465253098908
水生根茎类,2021-11-09,6.047000000000001,35.86,1.71,43.617,0.1386386042139533,0.8221564986129262,0.039204897173120576
水生根茎类,2021-11-10,4.3580000000000005,44.875,0.618,49.851000000000006,0.08742051312912479,0.9001825439810635,0.012396942889811637
水生根茎类,2021-11-11,35.903,,,35.903,1.0,,
水生根茎类,2021-11-12,50.696,,,50.696,1.0,,
水生根茎类,2021-11-13,55.708,,,55.708,1.0,,
水生根茎类,2021-11-14,53.547,,,53.547,1.0,,
水生根茎类,2021-11-15,28.879,,,28.879,1.0,,
水生根茎类,2021-11-16,19.63,,,19.63,1.0,,
水生根茎类,2021-11-17,34.26,,,34.26,1.0,,
水生根茎类,2021-11-18,21.426,,,21.426,1.0,,
水生根茎类,2021-11-19,28.706,,,28.706,1.0,,
水生根茎类,2021-11-20,55.584,,,55.584,1.0,,
水生根茎类,2021-11-21,7.775,39.816,,47.591,0.16337122565190898,0.836628774348091,
水生根茎类,2021-11-22,5.132,26.022,1.596,32.75,0.15670229007633588,0.7945648854961832,0.04873282442748092
水生根茎类,2021-11-23,3.7600000000000002,27.643,,31.403000000000002,0.11973378339649078,0.8802662166035092,
水生根茎类,2021-11-24,11.231,20.676,1.408,33.315,0.3371154134774126,0.6206213417379559,0.042263244784631546
水生根茎类,2021-11-25,8.789,21.51,,30.299,0.29007558005214695,0.7099244199478532,
水生根茎类,2021-11-26,6.906,32.805,1.523,41.234,0.1674831449774458,0.7955813163893873,0.0369355386331668
水生根茎类,2021-11-27,7.344,50.733000000000004,0.603,58.68000000000001,0.12515337423312883,0.8645705521472392,0.0102760736196319
水生根茎类,2021-11-28,8.369,40.803,0.374,49.546,0.16891373672950388,0.823537722520486,0.007548540750010092
水生根茎类,2021-11-29,5.896,22.717,1.307,29.919999999999998,0.1970588235294118,0.7592580213903743,0.043683155080213906
水生根茎类,2021-11-30,4.593,22.773,3.003,30.369,0.15123975106193815,0.749876518818532,0.09888373011952979
水生根茎类,2021-12-01,30.015,,,30.015,1.0,,
水生根茎类,2021-12-02,25.404,,,25.404,1.0,,
水生根茎类,2021-12-03,18.925,,,18.925,1.0,,
水生根茎类,2021-12-04,62.259,,,62.259,1.0,,
水生根茎类,2021-12-05,50.994,,,50.994,1.0,,
水生根茎类,2021-12-06,12.844,,,12.844,1.0,,
水生根茎类,2021-12-07,31.831,,,31.831,1.0,,
水生根茎类,2021-12-08,25.319,,,25.319,1.0,,
水生根茎类,2021-12-09,25.262,,,25.262,1.0,,
水生根茎类,2021-12-10,32.792,,,32.792,1.0,,
水生根茎类,2021-12-11,85.882,32.233,6.125,124.24000000000001,0.6912588538312943,0.259441403734707,0.049299742433998706
水生根茎类,2021-12-12,56.884,4.045,0.269,61.198,0.9295075002451061,0.06609693127226379,0.004395568482630152
水生根茎类,2021-12-13,21.631,0.201,,21.832,0.9907933308904361,0.009206669109563944,
水生根茎类,2021-12-14,29.013,4.162,,33.175000000000004,0.8745440844009043,0.1254559155990957,
水生根茎类,2021-12-15,0.487,2.115,,2.6020000000000003,0.18716372021521904,0.8128362797847809,
水生根茎类,2021-12-16,39.569,,,39.569,1.0,,
水生根茎类,2021-12-17,40.153999999999996,,,40.153999999999996,1.0,,
水生根茎类,2021-12-18,70.551,,,70.551,1.0,,
水生根茎类,2021-12-19,55.293,11.897,,67.19,0.8229349605596071,0.17706503944039292,
水生根茎类,2021-12-20,38.283,,,38.283,1.0,,
水生根茎类,2021-12-21,48.369,,,48.369,1.0,,
水生根茎类,2021-12-22,31.469,,,31.469,1.0,,
水生根茎类,2021-12-23,30.021,,,30.021,1.0,,
水生根茎类,2021-12-24,35.441,,,35.441,1.0,,
水生根茎类,2021-12-25,66.839,,,66.839,1.0,,
水生根茎类,2021-12-26,95.584,,,95.584,1.0,,
水生根茎类,2021-12-27,42.155,,,42.155,1.0,,
水生根茎类,2021-12-28,35.054,,,35.054,1.0,,
水生根茎类,2021-12-29,34.882,,,34.882,1.0,,
水生根茎类,2021-12-30,37.37,,,37.37,1.0,,
水生根茎类,2021-12-31,60.713,,,60.713,1.0,,
水生根茎类,2022-01-01,82.658,,,82.658,1.0,,
水生根茎类,2022-01-02,27.438,,,27.438,1.0,,
水生根茎类,2022-01-03,59.009,,,59.009,1.0,,
水生根茎类,2022-01-04,46.598,,,46.598,1.0,,
水生根茎类,2022-01-05,34.15,,,34.15,1.0,,
水生根茎类,2022-01-06,34.198,,,34.198,1.0,,
水生根茎类,2022-01-07,46.045,,,46.045,1.0,,
水生根茎类,2022-01-08,60.006,,,60.006,1.0,,
水生根茎类,2022-01-09,59.741,,,59.741,1.0,,
水生根茎类,2022-01-10,56.153,,,56.153,1.0,,
水生根茎类,2022-01-11,29.824,,,29.824,1.0,,
水生根茎类,2022-01-12,41.626,,,41.626,1.0,,
水生根茎类,2022-01-13,22.185,,,22.185,1.0,,
水生根茎类,2022-01-14,48.285,,,48.285,1.0,,
水生根茎类,2022-01-15,56.825,,,56.825,1.0,,
水生根茎类,2022-01-16,52.794,,,52.794,1.0,,
水生根茎类,2022-01-17,42.312,,,42.312,1.0,,
水生根茎类,2022-01-18,32.418,,,32.418,1.0,,
水生根茎类,2022-01-19,50.389,,,50.389,1.0,,
水生根茎类,2022-01-20,55.56,,,55.56,1.0,,
水生根茎类,2022-01-21,58.294,,,58.294,1.0,,
水生根茎类,2022-01-22,64.682,,,64.682,1.0,,
水生根茎类,2022-01-23,68.285,,,68.285,1.0,,
水生根茎类,2022-01-24,38.076,,,38.076,1.0,,
水生根茎类,2022-01-25,70.849,,,70.849,1.0,,
水生根茎类,2022-01-26,64.858,,,64.858,1.0,,
水生根茎类,2022-01-27,95.025,,,95.025,1.0,,
水生根茎类,2022-01-28,157.934,31.0,9.0,197.934,0.797912435458284,0.15661786251982984,0.045469702021886084
水生根茎类,2022-01-29,200.905,,,200.905,1.0,,
水生根茎类,2022-01-30,234.678,,,234.678,1.0,,
水生根茎类,2022-02-01,38.25,,,38.25,1.0,,
水生根茎类,2022-02-02,37.868,,,37.868,1.0,,
水生根茎类,2022-02-03,7.01,,,7.01,1.0,,
水生根茎类,2022-02-04,55.923,,,55.923,1.0,,
水生根茎类,2022-02-05,2.2030000000000003,,,2.2030000000000003,1.0,,
水生根茎类,2022-02-06,66.88,,,66.88,1.0,,
水生根茎类,2022-02-07,41.735,,,41.735,1.0,,
水生根茎类,2022-02-08,29.778,,,29.778,1.0,,
水生根茎类,2022-02-09,30.194,,,30.194,1.0,,
水生根茎类,2022-02-10,29.54,,,29.54,1.0,,
水生根茎类,2022-02-11,38.286,,,38.286,1.0,,
水生根茎类,2022-02-12,58.417,,,58.417,1.0,,
水生根茎类,2022-02-13,38.757,,,38.757,1.0,,
水生根茎类,2022-02-14,24.829,,,24.829,1.0,,
水生根茎类,2022-02-15,50.087,,,50.087,1.0,,
水生根茎类,2022-02-16,25.240000000000002,,,25.240000000000002,1.0,,
水生根茎类,2022-02-17,38.54,,,38.54,1.0,,
水生根茎类,2022-02-18,34.695,,,34.695,1.0,,
水生根茎类,2022-02-19,38.763,,,38.763,1.0,,
水生根茎类,2022-02-20,35.58,,,35.58,1.0,,
水生根茎类,2022-02-21,26.034,,,26.034,1.0,,
水生根茎类,2022-02-22,25.201,,,25.201,1.0,,
水生根茎类,2022-02-23,17.076,,,17.076,1.0,,
水生根茎类,2022-02-24,19.778,,,19.778,1.0,,
水生根茎类,2022-02-25,43.644,,,43.644,1.0,,
水生根茎类,2022-02-26,40.831,,,40.831,1.0,,
水生根茎类,2022-02-27,33.609,,,33.609,1.0,,
水生根茎类,2022-02-28,29.583,,,29.583,1.0,,
水生根茎类,2022-03-01,5.051,,,5.051,1.0,,
水生根茎类,2022-03-02,23.171,,,23.171,1.0,,
水生根茎类,2022-03-03,27.705000000000002,,,27.705000000000002,1.0,,
水生根茎类,2022-03-04,21.276,,,21.276,1.0,,
水生根茎类,2022-03-05,44.23,,,44.23,1.0,,
水生根茎类,2022-03-06,47.119,,,47.119,1.0,,
水生根茎类,2022-03-07,24.482,,,24.482,1.0,,
水生根茎类,2022-03-08,6.754,,,6.754,1.0,,
水生根茎类,2022-03-09,17.2,,,17.2,1.0,,
水生根茎类,2022-03-10,16.626,,,16.626,1.0,,
水生根茎类,2022-03-11,29.63,,,29.63,1.0,,
水生根茎类,2022-03-12,37.329,,,37.329,1.0,,
水生根茎类,2022-03-13,28.204,,,28.204,1.0,,
水生根茎类,2022-03-14,15.345,,,15.345,1.0,,
水生根茎类,2022-03-15,15.026,,,15.026,1.0,,
水生根茎类,2022-03-16,16.886,,,16.886,1.0,,
水生根茎类,2022-03-17,30.851,,,30.851,1.0,,
水生根茎类,2022-03-18,26.993000000000002,,1.681,28.674000000000003,0.9413754620910929,,0.058624537908907016
水生根茎类,2022-03-19,45.815,,,45.815,1.0,,
水生根茎类,2022-03-20,43.592,,,43.592,1.0,,
水生根茎类,2022-03-21,25.391,,,25.391,1.0,,
水生根茎类,2022-03-22,27.306,,,27.306,1.0,,
水生根茎类,2022-03-23,14.86,,0.395,15.254999999999999,0.9741068502130449,,0.0258931497869551
水生根茎类,2022-03-24,16.899,,,16.899,1.0,,
水生根茎类,2022-03-25,42.983000000000004,,0.238,43.221000000000004,0.9944934175516531,,0.005506582448346868
水生根茎类,2022-03-26,42.87,,0.357,43.227,0.9917412728156014,,0.00825872718439864
水生根茎类,2022-03-27,41.214,,,41.214,1.0,,
水生根茎类,2022-03-28,19.777,,,19.777,1.0,,
水生根茎类,2022-03-29,18.253,,0.288,18.541,0.9844668572353164,,0.015533142764683672
水生根茎类,2022-03-30,27.389,,,27.389,1.0,,
水生根茎类,2022-03-31,30.993,,,30.993,1.0,,
水生根茎类,2022-04-01,25.437,,,25.437,1.0,,
水生根茎类,2022-04-02,34.452,,,34.452,1.0,,
水生根茎类,2022-04-03,42.309,,0.689,42.998,0.983975998883669,,0.016024001116330993
水生根茎类,2022-04-04,31.759,,,31.759,1.0,,
水生根茎类,2022-04-05,21.71,,,21.71,1.0,,
水生根茎类,2022-04-06,4.74,0.608,0.507,5.8549999999999995,0.8095644748078566,0.10384286934244236,0.08659265584970112
水生根茎类,2022-04-07,6.533,,,6.533,1.0,,
水生根茎类,2022-04-08,6.366,,,6.366,1.0,,
水生根茎类,2022-04-09,11.218,,,11.218,1.0,,
水生根茎类,2022-04-10,18.379,,,18.379,1.0,,
水生根茎类,2022-04-11,1.03,,,1.03,1.0,,
水生根茎类,2022-04-12,7.538,,,7.538,1.0,,
水生根茎类,2022-04-13,4.61,,,4.61,1.0,,
水生根茎类,2022-04-14,6.495,,,6.495,1.0,,
水生根茎类,2022-04-15,14.18,,,14.18,1.0,,
水生根茎类,2022-04-16,15.042,,,15.042,1.0,,
水生根茎类,2022-04-17,9.701,,,9.701,1.0,,
水生根茎类,2022-04-18,3.024,,,3.024,1.0,,
水生根茎类,2022-04-19,4.83,,0.276,5.106,0.9459459459459459,,0.05405405405405406
水生根茎类,2022-04-20,2.772,,,2.772,1.0,,
水生根茎类,2022-04-21,3.552,,,3.552,1.0,,
水生根茎类,2022-04-22,7.417,,,7.417,1.0,,
水生根茎类,2022-04-23,9.058,,0.709,9.767,0.927408620866182,,0.07259137913381795
水生根茎类,2022-04-24,4.52,,,4.52,1.0,,
水生根茎类,2022-04-25,4.202,,,4.202,1.0,,
水生根茎类,2022-04-26,3.896,0.282,0.727,4.905,0.7942915392456676,0.057492354740061154,0.14821610601427115
水生根茎类,2022-04-27,1.451,,0.947,2.398,0.6050875729774813,,0.3949124270225187
水生根茎类,2022-04-28,2.1390000000000002,,,2.1390000000000002,1.0,,
水生根茎类,2022-04-29,7.1499999999999995,,,7.1499999999999995,1.0,,
水生根茎类,2022-04-30,9.22,,,9.22,1.0,,
水生根茎类,2022-05-01,10.863,,,10.863,1.0,,
水生根茎类,2022-05-02,8.503,,,8.503,1.0,,
水生根茎类,2022-05-03,2.8680000000000003,,,2.8680000000000003,1.0,,
水生根茎类,2022-05-04,6.398,,,6.398,1.0,,
水生根茎类,2022-05-05,1.193,,,1.193,1.0,,
水生根茎类,2022-05-06,3.42,,,3.42,1.0,,
水生根茎类,2022-05-07,4.66,,,4.66,1.0,,
水生根茎类,2022-05-08,4.476,,,4.476,1.0,,
水生根茎类,2022-05-09,3.5380000000000003,,,3.5380000000000003,1.0,,
水生根茎类,2022-05-10,5.181,,,5.181,1.0,,
水生根茎类,2022-05-11,2.043,,,2.043,1.0,,
水生根茎类,2022-05-12,5.134,,,5.134,1.0,,
水生根茎类,2022-05-13,2.7920000000000003,,,2.7920000000000003,1.0,,
水生根茎类,2022-05-14,11.341,,,11.341,1.0,,
水生根茎类,2022-05-15,6.072,,,6.072,1.0,,
水生根茎类,2022-05-16,4.6370000000000005,,,4.6370000000000005,1.0,,
水生根茎类,2022-05-17,1.853,,,1.853,1.0,,
水生根茎类,2022-05-18,0.9259999999999999,,,0.9259999999999999,1.0,,
水生根茎类,2022-05-19,3.425,,,3.425,1.0,,
水生根茎类,2022-05-20,3.575,,,3.575,1.0,,
水生根茎类,2022-05-21,4.691,,,4.691,1.0,,
水生根茎类,2022-05-22,4.885,,,4.885,1.0,,
水生根茎类,2022-05-23,4.437,,,4.437,1.0,,
水生根茎类,2022-05-24,3.3609999999999998,,,3.3609999999999998,1.0,,
水生根茎类,2022-05-25,4.619,,,4.619,1.0,,
水生根茎类,2022-05-26,4.438,,,4.438,1.0,,
水生根茎类,2022-05-27,8.858,,,8.858,1.0,,
水生根茎类,2022-05-28,8.906,,,8.906,1.0,,
水生根茎类,2022-05-29,7.4399999999999995,,,7.4399999999999995,1.0,,
水生根茎类,2022-05-30,6.684,,,6.684,1.0,,
水生根茎类,2022-05-31,6.611,,,6.611,1.0,,
水生根茎类,2022-06-01,5.084,,,5.084,1.0,,
水生根茎类,2022-06-02,11.33,,,11.33,1.0,,
水生根茎类,2022-06-03,14.235,,,14.235,1.0,,
水生根茎类,2022-06-04,5.135,,,5.135,1.0,,
水生根茎类,2022-06-05,10.109,,,10.109,1.0,,
水生根茎类,2022-06-06,5.253,,,5.253,1.0,,
水生根茎类,2022-06-07,6.311999999999999,,,6.311999999999999,1.0,,
水生根茎类,2022-06-08,6.7250000000000005,,,6.7250000000000005,1.0,,
水生根茎类,2022-06-09,5.2410000000000005,,,5.2410000000000005,1.0,,
水生根茎类,2022-06-10,9.447000000000001,,,9.447000000000001,1.0,,
水生根茎类,2022-06-11,9.209,,,9.209,1.0,,
水生根茎类,2022-06-12,10.588000000000001,,,10.588000000000001,1.0,,
水生根茎类,2022-06-13,3.944,,,3.944,1.0,,
水生根茎类,2022-06-14,14.604000000000001,,,14.604000000000001,1.0,,
水生根茎类,2022-06-15,5.184,,,5.184,1.0,,
水生根茎类,2022-06-16,5.3469999999999995,,,5.3469999999999995,1.0,,
水生根茎类,2022-06-17,6.77,,,6.77,1.0,,
水生根茎类,2022-06-18,18.483999999999998,,,18.483999999999998,1.0,,
水生根茎类,2022-06-19,15.541,,,15.541,1.0,,
水生根茎类,2022-06-20,8.896,,,8.896,1.0,,
水生根茎类,2022-06-21,6.063,,,6.063,1.0,,
水生根茎类,2022-06-22,13.806000000000001,,,13.806000000000001,1.0,,
水生根茎类,2022-06-23,5.402,,,5.402,1.0,,
水生根茎类,2022-06-24,25.878,,,25.878,1.0,,
水生根茎类,2022-06-25,40.332,,,40.332,1.0,,
水生根茎类,2022-06-26,31.364,,,31.364,1.0,,
水生根茎类,2022-06-27,12.659,,,12.659,1.0,,
水生根茎类,2022-06-28,19.501,,,19.501,1.0,,
水生根茎类,2022-06-29,16.118,,,16.118,1.0,,
水生根茎类,2022-06-30,10.625,,,10.625,1.0,,
水生根茎类,2022-07-01,15.086,,,15.086,1.0,,
水生根茎类,2022-07-02,28.667,,,28.667,1.0,,
水生根茎类,2022-07-03,63.873000000000005,,,63.873000000000005,1.0,,
水生根茎类,2022-07-04,20.219,,,20.219,1.0,,
水生根茎类,2022-07-05,34.508,,,34.508,1.0,,
水生根茎类,2022-07-06,39.018,,,39.018,1.0,,
水生根茎类,2022-07-07,43.066,,,43.066,1.0,,
水生根茎类,2022-07-08,32.713,,,32.713,1.0,,
水生根茎类,2022-07-09,44.378,,0.213,44.591,0.9952232513287435,,0.004776748671256531
水生根茎类,2022-07-10,35.703,,,35.703,1.0,,
水生根茎类,2022-07-11,16.008,27.095,,43.102999999999994,0.3713894624504095,0.6286105375495906,
水生根茎类,2022-07-12,6.575,22.009,1.196,29.78,0.22078576225654803,0.7390530557421088,0.04016118200134318
水生根茎类,2022-07-13,9.644,22.351,,31.994999999999997,0.3014220972026879,0.6985779027973121,
水生根茎类,2022-07-14,6.406,5.97,,12.376,0.5176147382029735,0.4823852617970265,
水生根茎类,2022-07-15,11.528,31.203,0.51,43.241,0.2665988298142966,0.7216068083531834,0.011794361832520063
水生根茎类,2022-07-16,68.84,38.432,,107.272,0.6417331642926393,0.35826683570736073,
水生根茎类,2022-07-17,131.3,,,131.3,1.0,,
水生根茎类,2022-07-18,57.442,,,57.442,1.0,,
水生根茎类,2022-07-19,90.19,,,90.19,1.0,,
水生根茎类,2022-07-20,89.355,,,89.355,1.0,,
水生根茎类,2022-07-21,75.92,,,75.92,1.0,,
水生根茎类,2022-07-22,44.43,,,44.43,1.0,,
水生根茎类,2022-07-23,63.395,3.0,1.0,67.39500000000001,0.9406484160546034,0.0445136879590474,0.014837895986349133
水生根茎类,2022-07-24,112.091,,,112.091,1.0,,
水生根茎类,2022-07-25,90.633,,,90.633,1.0,,
水生根茎类,2022-07-26,68.863,,,68.863,1.0,,
水生根茎类,2022-07-27,71.087,,,71.087,1.0,,
水生根茎类,2022-07-28,68.756,,2.0,70.756,0.9717338458929278,,0.028266154107072193
水生根茎类,2022-07-29,62.925,3.0,1.0,66.925,0.9402316025401569,0.04482629809488233,0.014942099364960777
水生根茎类,2022-07-30,69.293,2.0,,71.293,0.9719467549408778,0.02805324505912221,
水生根茎类,2022-07-31,131.591,,,131.591,1.0,,
水生根茎类,2022-08-01,90.918,0.895,,91.813,0.9902519251086448,0.009748074891355254,
水生根茎类,2022-08-02,28.385,,,28.385,1.0,,
水生根茎类,2022-08-03,95.589,,,95.589,1.0,,
水生根茎类,2022-08-04,64.171,,,64.171,1.0,,
水生根茎类,2022-08-05,43.931,,,43.931,1.0,,
水生根茎类,2022-08-06,105.798,,0.925,106.723,0.9913327024165363,,0.008667297583463733
水生根茎类,2022-08-07,89.384,,0.362,89.746,0.9959663940454171,,0.004033605954582934
水生根茎类,2022-08-08,85.106,0.334,1.091,86.53099999999999,0.9835319134183126,0.003859888363707805,0.012608198217979684
水生根茎类,2022-08-09,52.727,,1.554,54.281,0.9713711980250916,,0.028628801974908347
水生根茎类,2022-08-10,89.154,,0.819,89.973,0.9908972691807542,,0.009102730819245773
水生根茎类,2022-08-11,69.603,0.345,0.429,70.377,0.9890020887505862,0.0049021697429557955,0.006095741506458076
水生根茎类,2022-08-12,77.693,,2.245,79.938,0.9719157346943881,,0.02808426530561185
水生根茎类,2022-08-13,139.761,,,139.761,1.0,,
水生根茎类,2022-08-14,96.504,,0.54,97.04400000000001,0.9944355137875602,,0.005564486212439718
水生根茎类,2022-08-15,100.713,0.379,1.833,102.925,0.9785086227835802,0.0036822929317464176,0.017809084284673305
水生根茎类,2022-08-16,68.594,,1.287,69.881,0.9815829767748028,,0.01841702322519712
水生根茎类,2022-08-17,102.184,,1.911,104.095,0.9816417695374418,,0.01835823046255824
水生根茎类,2022-08-18,78.82,,2.6830000000000003,81.503,0.967080966344797,,0.03291903365520288
水生根茎类,2022-08-19,141.122,1.329,2.0,144.45100000000002,0.9769541228513474,0.009200351676346995,0.013845525472305486
水生根茎类,2022-08-20,94.255,,1.443,95.698,0.9849213149700099,,0.015078685029990178
水生根茎类,2022-08-21,87.765,,0.206,87.971,0.9976583192188334,,0.0023416807811665204
水生根茎类,2022-08-22,64.148,,2.3400000000000003,66.488,0.9648056792203104,,0.03519432077968957
水生根茎类,2022-08-23,84.924,,1.281,86.20500000000001,0.9851400730816078,,0.014859926918392202
水生根茎类,2022-08-24,54.235,0.212,2.785,57.232,0.9476341906625664,0.0037042214145932345,0.04866158792284037
水生根茎类,2022-08-25,49.421,0.9630000000000001,0.835,51.219,0.9648958394345848,0.01880161658759445,0.01630254397782073
水生根茎类,2022-08-26,46.976,,1.744,48.72,0.9642036124794745,,0.035796387520525455
水生根茎类,2022-08-27,103.361,0.674,0.423,104.45800000000001,0.9894981715139098,0.006452354056175688,0.004049474429914415
水生根茎类,2022-08-28,102.31,,0.529,102.839,0.9948560371065452,,0.005143962893454818
水生根茎类,2022-08-29,58.775,,1.0,59.775,0.9832705980761188,,0.016729401923881223
水生根茎类,2022-08-30,93.293,,,93.293,1.0,,
水生根茎类,2022-08-31,28.994,,,28.994,1.0,,
水生根茎类,2022-09-01,51.993,2.0,2.777,56.77,0.9158534437202748,0.035229874933943986,0.04891668134578122
水生根茎类,2022-09-02,48.667,0.16,4.359,53.186,0.9150340315120521,0.0030083104576392283,0.08195765803030873
水生根茎类,2022-09-03,86.384,,2.205,88.589,0.975109776608834,,0.024890223391165946
水生根茎类,2022-09-04,121.857,1.275,1.418,124.55000000000001,0.9783781613809714,0.010236852669610597,0.011384985949417902
水生根茎类,2022-09-05,59.199,,0.993,60.192,0.9835027910685805,,0.016497208931419458
水生根茎类,2022-09-06,47.777,1.786,5.021,54.584,0.8752931261908251,0.032720211050857394,0.09198666275831745
水生根茎类,2022-09-07,50.688,4.0,4.979,59.667,0.8495148071798482,0.06703873162719762,0.08344646119295424
水生根茎类,2022-09-08,39.867,1.831,4.96,46.658,0.8544515410004714,0.039243002271850486,0.106305456727678
水生根茎类,2022-09-09,95.459,11.922,4.467,111.848,0.8534707817752665,0.10659108790501395,0.039938130319719614
水生根茎类,2022-09-10,155.467,,,155.467,1.0,,
水生根茎类,2022-09-11,95.482,,1.881,97.363,0.9806805459979664,,0.019319454002033627
水生根茎类,2022-09-12,33.861,1.794,2.7279999999999998,38.382999999999996,0.8821874267253732,0.04673944194044239,0.0710731313341844
水生根茎类,2022-09-13,17.11,4.0,4.517,25.627,0.667655207398447,0.15608537870215008,0.176259413899403
水生根茎类,2022-09-14,23.651,3.0,1.284,27.935,0.8466439949883658,0.10739216037229282,0.045963844639341334
水生根茎类,2022-09-15,21.823,1.116,6.607,29.546,0.7386109794896094,0.03777161037027009,0.22361741014012051
水生根茎类,2022-09-16,13.137,6.502,7.338,26.977,0.4869703821774104,0.24102012825740443,0.27200948956518517
水生根茎类,2022-09-17,42.769,,7.255,50.024,0.8549696145849992,,0.1450303854150008
水生根茎类,2022-09-18,54.627,,4.041,58.668000000000006,0.9311208836162814,,0.06887911638371855
水生根茎类,2022-09-19,7.422,1.8519999999999999,,9.274,0.8003019193444038,0.1996980806555963,
水生根茎类,2022-09-20,14.946,,,14.946,1.0,,
水生根茎类,2022-09-21,13.259,1.291,3.879,18.429000000000002,0.719463888436703,0.0700526344348581,0.21048347712843885
水生根茎类,2022-09-22,17.694,1.213,1.2750000000000001,20.182,0.8767218313348528,0.06010306213457537,0.0631751065305718
水生根茎类,2022-09-23,25.662,,5.0,30.662,0.8369317069988911,,0.16306829300110887
水生根茎类,2022-09-24,45.677,,3.614,49.291,0.9266803270373902,,0.07331967296260981
水生根茎类,2022-09-25,13.012,,1.026,14.038,0.9269126656218835,,0.07308733437811654
水生根茎类,2022-09-26,32.568,0.267,2.028,34.863,0.9341708975131228,0.007658549178211858,0.05817055330866535
水生根茎类,2022-09-27,35.242,0.423,,35.665,0.9881396326931164,0.0118603673068835,
水生根茎类,2022-09-28,61.331,0.701,0.609,62.641000000000005,0.9790871793234462,0.011190753659743617,0.009722067016810075
水生根茎类,2022-09-29,40.177,0.5640000000000001,2.922,43.663,0.9201612349128553,0.012917115177610336,0.06692164990953439
水生根茎类,2022-09-30,59.066,4.0,7.1690000000000005,70.235,0.8409767210080444,0.0569516622766427,0.10207161671531288
水生根茎类,2022-10-01,90.731,10.0,2.0,102.731,0.8831900789440383,0.09734160087996807,0.019468320175993616
水生根茎类,2022-10-02,76.871,4.0,0.74,81.61099999999999,0.9419195941723543,0.04901300069843527,0.009067405129210525
水生根茎类,2022-10-03,76.09,11.0,6.0,93.09,0.8173810291116125,0.11816521645719195,0.06445375443119561
水生根茎类,2022-10-04,87.954,8.0,9.03,104.984,0.8377848053036653,0.07620208793720948,0.0860131067591252
水生根茎类,2022-10-05,92.873,22.548000000000002,3.0,118.421,0.7842612374494389,0.19040541795796354,0.025333344592597597
水生根茎类,2022-10-06,120.357,8.0,4.0,132.357,0.9093361136925134,0.060442590871657716,0.030221295435828858
水生根茎类,2022-10-07,95.636,10.0,4.666,110.30199999999999,0.8670377690341063,0.09066018748526773,0.042302043480625925
水生根茎类,2022-10-08,74.876,4.0,3.032,81.908,0.9141475802119452,0.048835278605264446,0.037017141182790446
水生根茎类,2022-10-09,62.718,0.484,3.277,66.479,0.9434257434678621,0.00728049459227726,0.04929376193986071
水生根茎类,2022-10-10,42.834,4.0,,46.834,0.914591963103728,0.08540803689627194,
水生根茎类,2022-10-11,47.596000000000004,4.0,,51.596000000000004,0.9224746104349174,0.07752538956508256,
水生根茎类,2022-10-12,33.24,2.0,3.966,39.206,0.8478294138652247,0.05101260011222772,0.10115798602254757
水生根茎类,2022-10-13,53.877,6.758,1.2029999999999998,61.83800000000001,0.8712603900514246,0.10928555257285164,0.01945405737572366
水生根茎类,2022-10-14,6.854,2.0,4.192,13.046,0.5253717614594512,0.15330369461904034,0.32132454392150855
水生根茎类,2022-10-15,89.798,6.0,6.0,101.798,0.8821194915420735,0.05894025422896324,0.05894025422896324
水生根茎类,2022-10-16,83.93599999999999,,2.3970000000000002,86.333,0.9722354140363476,,0.02776458596365237
水生根茎类,2022-10-17,34.023,2.882,1.71,38.615,0.8810824809012042,0.07463420950407873,0.044283309594717074
水生根茎类,2022-10-18,37.728,3.0,0.294,41.022,0.9197016235190874,0.07313149041977476,0.007166886061137926
水生根茎类,2022-10-19,36.515,,2.0,38.515,0.9480721796702584,,0.05192782032974166
水生根茎类,2022-10-20,46.368,4.0,2.0,52.368,0.8854262144821264,0.07638252367858234,0.03819126183929117
水生根茎类,2022-10-21,92.057,6.0,,98.057,0.9388110996665205,0.061188900333479505,
水生根茎类,2022-10-22,63.747,12.0,2.0,77.747,0.8199287432312501,0.15434679151607136,0.02572446525267856
水生根茎类,2022-10-23,57.265,4.0,,61.265,0.9347098669713539,0.06529013302864604,
水生根茎类,2022-10-24,31.405,2.939,2.892,37.236000000000004,0.8434042324632076,0.07892899344720163,0.0776667740895907
水生根茎类,2022-10-25,30.034,6.798,0.149,36.981,0.8121467780752277,0.18382412590249045,0.004029096022281712
水生根茎类,2022-10-26,28.485,4.4959999999999996,2.4939999999999998,35.475,0.8029598308668076,0.12673713883016208,0.0703030303030303
水生根茎类,2022-10-27,35.119,,0.872,35.991,0.9757717207079548,,0.024228279292045234
水生根茎类,2022-10-28,47.812,10.879,4.429,63.12,0.7574778200253486,0.17235424588086184,0.07016793409378962
水生根茎类,2022-10-29,83.593,13.504,1.365,98.462,0.8489874266214377,0.13714935711238851,0.013863216266173753
水生根茎类,2022-10-30,59.957,7.631,,67.588,0.8870953423684679,0.11290465763153223,
水生根茎类,2022-10-31,31.213,1.0,,32.213,0.9689566324154845,0.031043367584515567,
水生根茎类,2022-11-01,26.046,1.0,2.439,29.485,0.8833644225877565,0.03391555027980329,0.08272002713244023
水生根茎类,2022-11-03,10.926,2.0,1.0,13.926,0.7845756139595003,0.14361625736033318,0.07180812868016659
水生根茎类,2022-11-05,73.55,,0.6659999999999999,74.216,0.991026193812655,,0.008973806187345047
水生根茎类,2022-11-06,58.806,,1.5,60.306,0.9751268530494478,,0.024873146950552184
水生根茎类,2022-11-07,22.799,,,22.799,1.0,,
水生根茎类,2022-11-08,30.844,,0.21,31.054000000000002,0.9932375861402718,,0.006762413859728215
水生根茎类,2022-11-09,20.313,,1.0,21.313,0.9530802796415333,,0.046919720358466664
水生根茎类,2022-11-10,15.668,1.199,0.179,17.046,0.9191599202158864,0.0703390824826939,0.010500997301419688
水生根茎类,2022-11-11,36.481,,3.882,40.363,0.9038228080172436,,0.09617719198275648
水生根茎类,2022-11-12,71.358,2.0,,73.358,0.9727364431963794,0.0272635568036206,
水生根茎类,2022-11-13,52.173,1.247,1.196,54.616,0.9552695180899371,0.022832137102680537,0.021898344807382453
水生根茎类,2022-11-14,26.464,1.429,,27.892999999999997,0.9487685082278708,0.05123149177212921,
水生根茎类,2022-11-15,31.82,,,31.82,1.0,,
水生根茎类,2022-11-16,17.224,,,17.224,1.0,,
水生根茎类,2022-11-17,40.679,,,40.679,1.0,,
水生根茎类,2022-11-18,58.711,0.196,0.994,59.900999999999996,0.9801338875811756,0.0032720655748651947,0.0165940468439592
水生根茎类,2022-11-19,182.523,0.784,,183.307,0.995723022034074,0.004276977965926015,
水生根茎类,2022-11-20,67.057,,,67.057,1.0,,
水生根茎类,2022-11-21,264.657,,,264.657,1.0,,
水生根茎类,2022-11-22,30.541,,,30.541,1.0,,
水生根茎类,2022-11-23,50.24,,,50.24,1.0,,
水生根茎类,2022-11-24,29.738,,,29.738,1.0,,
水生根茎类,2022-11-25,62.003,,,62.003,1.0,,
水生根茎类,2022-11-26,37.043,,,37.043,1.0,,
水生根茎类,2022-11-27,3.165,,,3.165,1.0,,
水生根茎类,2022-11-28,1.8090000000000002,,,1.8090000000000002,1.0,,
水生根茎类,2022-11-29,9.193999999999999,,,9.193999999999999,1.0,,
水生根茎类,2022-12-04,18.158,,,18.158,1.0,,
水生根茎类,2022-12-05,41.811,,,41.811,1.0,,
水生根茎类,2022-12-06,58.863,7.0,2.0,67.863,0.8673798682640025,0.10314899135022029,0.02947114038577723
水生根茎类,2022-12-07,58.331,6.0,,64.331,0.9067323685315012,0.09326763146849885,
水生根茎类,2022-12-08,39.48,2.0,6.0,47.48,0.8315080033698399,0.04212299915754002,0.12636899747262006
水生根茎类,2022-12-09,27.039,1.0,2.0,30.039,0.9001298312194148,0.03329005626019508,0.06658011252039016
水生根茎类,2022-12-10,69.28,4.0,,73.28,0.9454148471615721,0.05458515283842795,
水生根茎类,2022-12-11,62.385,1.0,,63.385,0.9842233967026899,0.01577660329731009,
水生根茎类,2022-12-12,30.168,,,30.168,1.0,,
水生根茎类,2022-12-13,50.434,,,50.434,1.0,,
水生根茎类,2022-12-14,29.923,,,29.923,1.0,,
水生根茎类,2022-12-15,60.996,,,60.996,1.0,,
水生根茎类,2022-12-16,59.198,,,59.198,1.0,,
水生根茎类,2022-12-17,97.791,,,97.791,1.0,,
水生根茎类,2022-12-18,65.117,,,65.117,1.0,,
水生根茎类,2022-12-19,67.122,,,67.122,1.0,,
水生根茎类,2022-12-20,53.792,,,53.792,1.0,,
水生根茎类,2022-12-21,61.52,,0.207,61.727000000000004,0.9966465242114472,,0.003353475788552821
水生根茎类,2022-12-22,45.018,,,45.018,1.0,,
水生根茎类,2022-12-23,54.487,,,54.487,1.0,,
水生根茎类,2022-12-24,61.874,,,61.874,1.0,,
水生根茎类,2022-12-25,104.56,,0.569,105.129,0.9945876018986197,,0.005412398101380209
水生根茎类,2022-12-26,56.004,,,56.004,1.0,,
水生根茎类,2022-12-27,70.514,2.0,,72.514,0.972419119066663,0.027580880933337014,
水生根茎类,2022-12-28,59.631,0.221,0.434,60.285999999999994,0.9891351225823575,0.0036658594035099364,0.007199018014132635
水生根茎类,2022-12-29,64.593,,1.694,66.287,0.9744444612065714,,0.025555538793428572
水生根茎类,2022-12-30,60.665,,1.86,62.525,0.9702518992403039,,0.029748100759696125
水生根茎类,2022-12-31,102.821,,0.45,103.271,0.9956425327536288,,0.004357467246371198
水生根茎类,2023-01-01,91.56400000000001,0.45,0.489,92.50300000000001,0.9898489778709879,0.004864707090580845,0.005286315038431185
水生根茎类,2023-01-02,52.659,1.675,,54.333999999999996,0.9691721573968418,0.030827842603158247,
水生根茎类,2023-01-03,48.556,0.847,1.415,50.818,0.9554882128379708,0.016667322602227558,0.027844464559801645
水生根茎类,2023-01-04,40.58,6.0,2.328,48.908,0.829721109021019,0.12267931626727734,0.047599574711703604
水生根茎类,2023-01-05,27.746,0.254,4.701,32.701,0.8484755817864896,0.00776734656432525,0.14375707164918503
水生根茎类,2023-01-06,59.76,,0.9450000000000001,60.705,0.9844329132690882,,0.015567086730911789
水生根茎类,2023-01-07,50.705,2.316,0.503,53.524,0.9473320379642777,0.04327030864658844,0.009397653389133846
水生根茎类,2023-01-08,56.788,,,56.788,1.0,,
水生根茎类,2023-01-09,38.799,1.16,,39.958999999999996,0.9709702445006132,0.029029755499386873,
水生根茎类,2023-01-10,43.848,1.0,1.0,45.848,0.9563775955330658,0.02181120223346711,0.02181120223346711
水生根茎类,2023-01-11,36.671,2.0,6.214,44.885,0.8169989974378968,0.044558315695666706,0.13844268686643646
水生根茎类,2023-01-12,37.65,4.0,2.0,43.65,0.8625429553264605,0.09163802978235969,0.04581901489117984
水生根茎类,2023-01-13,27.782,0.796,3.181,31.759,0.8747756541452817,0.025063761453446267,0.10016058440127208
水生根茎类,2023-01-14,111.361,,1.363,112.724,0.987908519924772,,0.01209148007522799
水生根茎类,2023-01-15,92.61,,,92.61,1.0,,
水生根茎类,2023-01-16,60.379,1.0,,61.379,0.9837077827921602,0.016292217207839816,
水生根茎类,2023-01-17,86.319,,,86.319,1.0,,
水生根茎类,2023-01-18,83.28,,1.0,84.28,0.9881347887992407,,0.011865211200759373
水生根茎类,2023-01-19,156.124,1.0,,157.124,0.9936355999083526,0.006364400091647362,
水生根茎类,2023-01-20,252.074,,,252.074,1.0,,
水生根茎类,2023-01-22,36.08,3.0,,39.08,0.9232343909928352,0.0767656090071648,
水生根茎类,2023-01-23,44.756,,2.0,46.756,0.9572247412096844,,0.042775258790315684
水生根茎类,2023-01-24,84.834,,,84.834,1.0,,
水生根茎类,2023-01-25,87.229,6.0,4.0,97.229,0.8971500272552427,0.06170998364685434,0.04113998909790289
水生根茎类,2023-01-26,66.927,1.0,5.0,72.927,0.9177259451232054,0.013712342479465766,0.06856171239732883
水生根茎类,2023-01-27,87.434,1.0,,88.434,0.9886921319854355,0.011307868014564534,
水生根茎类,2023-01-28,59.873,3.0,1.0,63.873,0.9373757299641476,0.0469682025268893,0.0156560675089631
水生根茎类,2023-01-29,48.473,,,48.473,1.0,,
水生根茎类,2023-01-30,48.383,2.0,2.0,52.383,0.9236393486436439,0.038180325678178036,0.038180325678178036
水生根茎类,2023-01-31,40.683,,,40.683,1.0,,
水生根茎类,2023-02-01,31.281,1.0,1.0,33.281,0.9399056518734413,0.03004717406327935,0.03004717406327935
水生根茎类,2023-02-02,32.252,,,32.252,1.0,,
水生根茎类,2023-02-03,53.97,,1.0,54.97,0.9818082590503912,,0.01819174094960888
水生根茎类,2023-02-04,80.605,2.0,3.0,85.605,0.9415921967174815,0.023363121313007416,0.035044681969511125
水生根茎类,2023-02-05,79.513,4.0,,83.513,0.9521032653598841,0.04789673464011591,
水生根茎类,2023-02-06,8.573,1.154,1.9569999999999999,11.684000000000001,0.733738445737761,0.09876754536117767,0.16749400890106125
水生根茎类,2023-02-07,22.399,2.676,0.578,25.653000000000002,0.8731532374381163,0.10431528476201614,0.022531477799867458
水生根茎类,2023-02-08,38.676,1.671,,40.347,0.9585842813592089,0.04141571864079114,
水生根茎类,2023-02-09,38.900999999999996,3.027,0.829,42.757,0.9098159365717894,0.07079542531047549,0.019388638117735106
水生根茎类,2023-02-10,44.946,2.652,1.659,49.257,0.9124794445459529,0.05384006334125099,0.033680492112796154
水生根茎类,2023-02-11,72.161,2.878,2.11,77.149,0.9353458891236439,0.037304436868916,0.027349674007440147
水生根茎类,2023-02-12,71.738,2.349,,74.087,0.9682940326912953,0.03170596730870463,
水生根茎类,2023-02-13,29.092,,1.3639999999999999,30.456,0.9552140793275545,,0.044785920672445495
水生根茎类,2023-02-14,37.561,,2.0,39.561,0.9494451606380021,,0.05055483936199793
水生根茎类,2023-02-15,38.839,1.3699999999999999,1.0,41.208999999999996,0.942488291392657,0.03324516489116455,0.024266543716178507
水生根茎类,2023-02-16,28.783,4.0,,32.783,0.8779855412866425,0.12201445871335753,
水生根茎类,2023-02-17,21.471,1.0,6.0,28.471,0.7541357872923325,0.03512345895823821,0.21074075374942924
水生根茎类,2023-02-18,57.745,6.0,2.0,65.745,0.8783177427941288,0.09126169290440338,0.03042056430146779
水生根茎类,2023-02-19,46.268,1.0,1.0,48.268,0.9585646805336869,0.020717659733156542,0.020717659733156542
水生根茎类,2023-02-20,21.15,1.0,2.0,24.15,0.8757763975155279,0.041407867494824016,0.08281573498964803
水生根茎类,2023-02-21,21.144,3.0,,24.144,0.8757455268389662,0.1242544731610338,
水生根茎类,2023-02-22,28.124,3.0,,31.124,0.9036113610075825,0.09638863899241742,
水生根茎类,2023-02-23,18.699,0.818,3.0,22.517000000000003,0.8304392236976507,0.03632810765199626,0.13323266865035305
水生根茎类,2023-02-24,29.391,3.0,3.0,35.391,0.8304653725523438,0.08476731372382809,0.08476731372382809
水生根茎类,2023-02-25,36.824,2.0,3.0,41.824,0.880451415455241,0.0478194338179036,0.0717291507268554
水生根茎类,2023-02-26,34.64,,,34.64,1.0,,
水生根茎类,2023-02-27,12.036,1.295,,13.331,0.9028580001500263,0.09714199984997374,
水生根茎类,2023-02-28,21.011,,,21.011,1.0,,
水生根茎类,2023-03-01,14.748,1.0,,15.748,0.936499872999746,0.06350012700025401,
水生根茎类,2023-03-02,19.735,1.0,1.0,21.735,0.9079825166781689,0.04600874166091558,0.04600874166091558
水生根茎类,2023-03-03,29.054,,,29.054,1.0,,
水生根茎类,2023-03-04,34.038,,,34.038,1.0,,
水生根茎类,2023-03-05,31.386,,,31.386,1.0,,
水生根茎类,2023-03-06,15.767,0.644,2.0,18.410999999999998,0.8563902015099669,0.03497908858834393,0.10863070990168922
水生根茎类,2023-03-07,19.542,,,19.542,1.0,,
水生根茎类,2023-03-08,15.906,1.0,1.0,17.906,0.888305595889646,0.05584720205517704,0.05584720205517704
水生根茎类,2023-03-09,22.284,,,22.284,1.0,,
水生根茎类,2023-03-10,20.047,1.207,0.358,21.612000000000002,0.9275865260040718,0.055848602628169534,0.016564871367758652
水生根茎类,2023-03-11,38.155,,0.335,38.49,0.9912964406339309,,0.008703559366069109
水生根茎类,2023-03-12,33.314,,,33.314,1.0,,
水生根茎类,2023-03-13,17.418,,1.0,18.418,0.9457052883049191,,0.0542947116950809
水生根茎类,2023-03-14,9.612,,,9.612,1.0,,
水生根茎类,2023-03-15,16.301000000000002,1.0,0.382,17.683000000000003,0.9218458406379008,0.05655149013176496,0.021602669230334215
水生根茎类,2023-03-16,24.263,,1.658,25.921000000000003,0.9360364183480575,,0.06396358165194244
水生根茎类,2023-03-17,40.211,2.854,3.0,46.065,0.8729187018343645,0.06195593183544991,0.0651253663301856
水生根茎类,2023-03-18,53.936,,,53.936,1.0,,
水生根茎类,2023-03-19,41.768,,,41.768,1.0,,
水生根茎类,2023-03-20,22.509999999999998,,0.48,22.99,0.9791213571117877,,0.020878642888212267
水生根茎类,2023-03-21,12.402,,,12.402,1.0,,
水生根茎类,2023-03-22,17.337,,0.372,17.709,0.9789937320006776,,0.02100626799932238
水生根茎类,2023-03-23,24.959,,0.496,25.455,0.980514633667256,,0.01948536633274406
水生根茎类,2023-03-24,21.756,,0.723,22.479,0.9678366475377019,,0.03216335246229814
水生根茎类,2023-03-25,40.776,,,40.776,1.0,,
水生根茎类,2023-03-26,30.047,,,30.047,1.0,,
水生根茎类,2023-03-27,15.155000000000001,,0.281,15.436000000000002,0.9817958020212489,,0.01820419797875097
水生根茎类,2023-03-28,13.283999999999999,0.313,1.2189999999999999,14.815999999999999,0.896598272138229,0.021125809935205186,0.08227591792656587
水生根茎类,2023-03-29,18.377,2.0,2.672,23.049,0.7973014013623151,0.08677166037572129,0.11592693826196365
水生根茎类,2023-03-30,11.542,1.0,0.6120000000000001,13.154,0.8774517257108104,0.0760225026607876,0.04652577162840201
水生根茎类,2023-03-31,19.923000000000002,,2.238,22.161,0.8990117774468661,,0.10098822255313387
水生根茎类,2023-04-01,26.836,,,26.836,1.0,,
水生根茎类,2023-04-02,27.876,,,27.876,1.0,,
水生根茎类,2023-04-03,27.654,0.379,1.6880000000000002,29.721,0.9304532148985566,0.012751926247434474,0.05679485885400896
水生根茎类,2023-04-04,14.977,,,14.977,1.0,,
水生根茎类,2023-04-05,24.199,,,24.199,1.0,,
水生根茎类,2023-04-06,9.889,,,9.889,1.0,,
水生根茎类,2023-04-07,16.629,,,16.629,1.0,,
水生根茎类,2023-04-08,20.358,0.372,,20.73,0.98205499276411,0.017945007235890015,
水生根茎类,2023-04-09,31.303,,,31.303,1.0,,
水生根茎类,2023-04-10,17.868,,,17.868,1.0,,
水生根茎类,2023-04-11,6.577,,1.0,7.577,0.8680216444503102,,0.13197835554968984
水生根茎类,2023-04-12,19.088,,,19.088,1.0,,
水生根茎类,2023-04-13,15.052000000000001,,,15.052000000000001,1.0,,
水生根茎类,2023-04-14,26.338,,,26.338,1.0,,
水生根茎类,2023-04-15,27.541,,1.0,28.541,0.9649626852598017,,0.03503731474019831
水生根茎类,2023-04-16,16.458,,,16.458,1.0,,
水生根茎类,2023-04-17,6.313,0.753,,7.066,0.8934333427681856,0.10656665723181433,
水生根茎类,2023-04-18,15.097,,,15.097,1.0,,
水生根茎类,2023-04-19,12.216,,,12.216,1.0,,
水生根茎类,2023-04-20,12.171,,,12.171,1.0,,
水生根茎类,2023-04-21,25.82,0.8340000000000001,2.28,28.934,0.8923757517107901,0.02882422064007742,0.07880002764913249
水生根茎类,2023-04-22,25.397000000000002,0.361,1.345,27.103,0.9370549385676863,0.013319558720436851,0.049625502711876913
水生根茎类,2023-04-23,10.291,,,10.291,1.0,,
水生根茎类,2023-04-24,12.517,0.763,,13.28,0.9425451807228916,0.05745481927710844,
水生根茎类,2023-04-25,9.321,0.6719999999999999,,9.993,0.9327529270489342,0.06724707295106573,
水生根茎类,2023-04-26,4.702,,,4.702,1.0,,
水生根茎类,2023-04-27,10.343,,1.332,11.675,0.8859100642398287,,0.1140899357601713
水生根茎类,2023-04-28,13.908999999999999,,0.571,14.479999999999999,0.9605662983425415,,0.03943370165745856
水生根茎类,2023-04-29,23.006,1.245,0.442,24.693,0.9316810432106265,0.05041914712671607,0.01789980966265743
水生根茎类,2023-04-30,16.389,,0.594,16.983,0.9650238473767885,,0.034976152623211444
水生根茎类,2023-05-01,22.254,,0.5,22.754,0.9780258416102663,,0.021974158389733673
水生根茎类,2023-05-02,20.191,,,20.191,1.0,,
水生根茎类,2023-05-03,11.586,,,11.586,1.0,,
水生根茎类,2023-05-04,9.037,,,9.037,1.0,,
水生根茎类,2023-05-05,13.454,,,13.454,1.0,,
水生根茎类,2023-05-06,17.781,,,17.781,1.0,,
水生根茎类,2023-05-07,18.818,,,18.818,1.0,,
水生根茎类,2023-05-08,9.134,,0.494,9.628,0.9486913169921064,,0.051308683007893645
水生根茎类,2023-05-09,7.406,,,7.406,1.0,,
水生根茎类,2023-05-10,10.336,,,10.336,1.0,,
水生根茎类,2023-05-11,9.518,,,9.518,1.0,,
水生根茎类,2023-05-12,16.347,,,16.347,1.0,,
水生根茎类,2023-05-13,20.655,,,20.655,1.0,,
水生根茎类,2023-05-14,15.86,,,15.86,1.0,,
水生根茎类,2023-05-15,7.475,,,7.475,1.0,,
水生根茎类,2023-05-16,9.603,,,9.603,1.0,,
水生根茎类,2023-05-17,12.893,,,12.893,1.0,,
水生根茎类,2023-05-18,8.812,,,8.812,1.0,,
水生根茎类,2023-05-19,9.66,,,9.66,1.0,,
水生根茎类,2023-05-20,11.094,,,11.094,1.0,,
水生根茎类,2023-05-21,13.615,,,13.615,1.0,,
水生根茎类,2023-05-22,8.411,,,8.411,1.0,,
水生根茎类,2023-05-23,14.637,,,14.637,1.0,,
水生根茎类,2023-05-24,9.414,,,9.414,1.0,,
水生根茎类,2023-05-25,13.962,,,13.962,1.0,,
水生根茎类,2023-05-26,20.081,,,20.081,1.0,,
水生根茎类,2023-05-27,23.978,,0.992,24.970000000000002,0.9602723267921506,,0.039727673207849416
水生根茎类,2023-05-28,22.807,,,22.807,1.0,,
水生根茎类,2023-05-29,12.75,,,12.75,1.0,,
水生根茎类,2023-05-30,8.852,,,8.852,1.0,,
水生根茎类,2023-05-31,7.86,,,7.86,1.0,,
水生根茎类,2023-06-01,9.741,,,9.741,1.0,,
水生根茎类,2023-06-02,11.988,,,11.988,1.0,,
水生根茎类,2023-06-03,28.183,,0.858,29.041,0.9704555628249716,,0.029544437175028408
水生根茎类,2023-06-04,21.047,,,21.047,1.0,,
水生根茎类,2023-06-05,12.58,,,12.58,1.0,,
水生根茎类,2023-06-06,14.408,,,14.408,1.0,,
水生根茎类,2023-06-07,14.142,,,14.142,1.0,,
水生根茎类,2023-06-08,9.254,,,9.254,1.0,,
水生根茎类,2023-06-09,14.628,,1.188,15.816,0.924886191198786,,0.07511380880121396
水生根茎类,2023-06-10,18.153,,0.9650000000000001,19.118,0.9495240087875301,,0.05047599121246993
水生根茎类,2023-06-11,19.931,,1.316,21.247,0.9380618440250389,,0.061938155974961176
水生根茎类,2023-06-12,10.351,,,10.351,1.0,,
水生根茎类,2023-06-13,10.921,,1.133,12.053999999999998,0.9060063049610089,,0.09399369503899122
水生根茎类,2023-06-14,7.284,,,7.284,1.0,,
水生根茎类,2023-06-15,14.233,,2.5,16.733,0.8505946333592302,,0.14940536664076973
水生根茎类,2023-06-16,13.37,,2.12,15.489999999999998,0.8631375080697224,,0.1368624919302776
水生根茎类,2023-06-17,18.215,,4.411,22.625999999999998,0.8050472907274817,,0.19495270927251834
水生根茎类,2023-06-18,21.573,,1.8,23.373,0.9229880631497882,,0.07701193685021178
水生根茎类,2023-06-19,8.196,,3.314,11.51,0.7120764552562988,,0.28792354474370113
水生根茎类,2023-06-20,11.657,,,11.657,1.0,,
水生根茎类,2023-06-21,19.286,,7.8919999999999995,27.178,0.7096180734417544,,0.29038192655824563
水生根茎类,2023-06-22,29.007,,9.763,38.77,0.7481815836987361,,0.25181841630126384
水生根茎类,2023-06-23,12.227,,6.45,18.677,0.654655458585426,,0.3453445414145741
水生根茎类,2023-06-24,12.69,,3.364,16.054,0.7904572069266227,,0.20954279307337736
水生根茎类,2023-06-25,9.870000000000001,,6.63,16.5,0.5981818181818183,,0.4018181818181818
水生根茎类,2023-06-26,9.393,,0.991,10.384,0.9045647149460709,,0.09543528505392912
水生根茎类,2023-06-27,8.721,0.526,7.207,16.454,0.5300230946882217,0.03196791053847089,0.4380089947733074
水生根茎类,2023-06-28,5.986,,8.96,14.946000000000002,0.40050849725679105,,0.5994915027432088
水生根茎类,2023-06-29,18.558,0.662,3.725,22.945,0.8088036609283068,0.028851601656134235,0.16234473741555894
水生根茎类,2023-06-30,10.34,,9.079,19.419,0.5324682012462022,,0.46753179875379786
花叶类,2020-07-01,191.717,6.399,7.2860000000000005,205.40200000000002,0.9333745533149629,0.031153542808736036,0.03547190387630111
花叶类,2020-07-02,179.0,8.413,10.949,198.36200000000002,0.9023905788407053,0.042412357205513146,0.05519706395378146
花叶类,2020-07-03,184.947,1.461,5.371,191.77900000000002,0.9643756615687848,0.007618143800937537,0.028006194630277557
花叶类,2020-07-04,234.573,2.0140000000000002,,236.58700000000002,0.9914872752940779,0.008512724705922134,
花叶类,2020-07-05,219.64600000000002,2.253,2.0,223.899,0.9810048280697994,0.010062572856511196,0.008932599073689476
花叶类,2020-07-06,183.439,0.263,12.038,195.74,0.9371564320016348,0.001343619086543374,0.061499948911821804
花叶类,2020-07-07,159.875,8.131,7.046,175.052,0.9133000479857414,0.04644905513790189,0.040250896876356745
花叶类,2020-07-08,143.354,13.529,1.687,158.57000000000002,0.904042378760169,0.08531878665573563,0.010638834584095352
花叶类,2020-07-09,187.151,0.288,,187.43900000000002,0.9984635001253741,0.001536499874625878,
花叶类,2020-07-10,154.964,9.305,15.564,179.833,0.861710587044647,0.051742449939666244,0.08654696301568678
花叶类,2020-07-11,238.911,28.742,3.467,271.12,0.8812002065506049,0.10601209796400118,0.012787695485393921
花叶类,2020-07-12,271.355,26.121,2.713,300.189,0.9039471799433024,0.0870151804363251,0.009037639620372498
花叶类,2020-07-13,170.921,18.351,1.56,190.832,0.8956621530980129,0.09616311729688941,0.008174729605097679
花叶类,2020-07-14,183.131,6.032,1.436,190.59900000000002,0.9608182624253012,0.03164759521298642,0.007534142361712285
花叶类,2020-07-15,209.644,8.065,0.385,218.094,0.9612552385668566,0.03697946756902987,0.0017652938641136392
花叶类,2020-07-16,195.549,13.892,6.085,215.526,0.9073104869018123,0.06445626049757337,0.02823325260061431
花叶类,2020-07-17,173.432,22.032,6.2059999999999995,201.67,0.8599791738979521,0.10924778102841276,0.030773045073635145
花叶类,2020-07-18,231.29,38.992,4.983,275.265,0.8402448549579496,0.141652589323016,0.018102555719034383
花叶类,2020-07-19,269.199,49.196,2.769,321.164,0.8381979300295177,0.15318030663461657,0.00862176333586579
花叶类,2020-07-20,182.337,16.665,5.995,204.99699999999999,0.8894617970019073,0.08129387259325746,0.029244330404835196
花叶类,2020-07-21,200.51,12.454,2.026,214.99,0.9326480301409367,0.05792827573375506,0.009423694125308153
花叶类,2020-07-22,205.455,14.823,12.505,232.78300000000002,0.8826031110519239,0.06367733038924664,0.05371955855882947
花叶类,2020-07-23,172.376,13.298,14.767,200.441,0.8599837358624234,0.06634371211478689,0.07367255202278974
花叶类,2020-07-24,159.929,10.865,5.531,176.32500000000002,0.9070126187437969,0.06161916914788033,0.0313682121083227
花叶类,2020-07-25,204.513,18.76,3.864,227.137,0.9003949158437419,0.08259332473353087,0.017011759422727254
花叶类,2020-07-26,215.73,30.741,4.354,250.82500000000002,0.8600817302900428,0.12255955347353732,0.017358716236419814
花叶类,2020-07-27,179.605,12.22,6.184,198.009,0.9070547298355125,0.0617143665186936,0.03123090364579388
花叶类,2020-07-28,142.605,9.895,12.943,165.443,0.8619584993018743,0.059809118548382216,0.0782323821497434
花叶类,2020-07-29,175.106,15.217,3.406,193.729,0.9038708711653908,0.07854786841412488,0.017581260420484284
花叶类,2020-07-30,175.812,18.987000000000002,6.944,201.743,0.8714651809480379,0.0941147896085614,0.034420029443400765
花叶类,2020-07-31,195.166,2.0,,197.166,0.9898562632502561,0.010143736749743872,
花叶类,2020-08-01,202.487,11.189,16.214,229.89,0.8807995128104746,0.04867110357127322,0.0705293836182522
花叶类,2020-08-02,234.102,3.174,5.862,243.138,0.9628359203415344,0.013054314833551316,0.024109764824914247
花叶类,2020-08-03,206.505,,1.338,207.843,0.9935624485789755,,0.006437551421024524
花叶类,2020-08-04,178.012,2.0,,180.012,0.9888896295802502,0.011110370419749794,
花叶类,2020-08-05,240.806,2.0,1.589,244.395,0.9853147568485444,0.008183473475316597,0.006501769676139037
花叶类,2020-08-06,218.037,1.0,15.74,234.77700000000002,0.9286982966815318,0.00425936101066118,0.06704234230780698
花叶类,2020-08-07,198.712,1.0,5.229,204.941,0.9696058865722329,0.004879453110895331,0.025514660316871687
花叶类,2020-08-08,310.161,1.0,,311.161,0.9967862296367476,0.003213770363252464,
花叶类,2020-08-09,245.052,1.0,4.538,250.59,0.9779001556327067,0.003990582225946766,0.01810926214134642
花叶类,2020-08-10,204.951,,5.341,210.292,0.9746019820059726,,0.025398017994027352
花叶类,2020-08-11,200.068,,16.645,216.71300000000002,0.9231933478840678,,0.07680665211593213
花叶类,2020-08-12,194.523,0.564,11.790000000000001,206.87699999999998,0.9402833567772155,0.002726257631346162,0.0569903855914384
花叶类,2020-08-13,179.955,,8.253,188.20800000000003,0.9561495791889824,,0.043850420811017594
花叶类,2020-08-14,211.056,1.0,5.702,217.758,0.9692227151241286,0.004592253786313246,0.026185031089558133
花叶类,2020-08-15,245.136,,,245.136,1.0,,
花叶类,2020-08-16,241.48,,,241.48,1.0,,
花叶类,2020-08-17,213.346,,2.287,215.633,0.9893940166857578,,0.010605983314242253
花叶类,2020-08-18,225.113,,,225.113,1.0,,
花叶类,2020-08-19,214.173,,,214.173,1.0,,
花叶类,2020-08-20,233.532,,,233.532,1.0,,
花叶类,2020-08-21,201.695,,5.381,207.076,0.9740143715350885,,0.025985628464911436
花叶类,2020-08-22,264.51,,8.571,273.081,0.968613708020697,,0.031386291979302844
花叶类,2020-08-23,255.886,,5.666,261.552,0.9783370037315714,,0.021662996268428457
花叶类,2020-08-24,260.694,,,260.694,1.0,,
花叶类,2020-08-25,342.321,1.106,,343.427,0.9967795193738408,0.003220480626159271,
花叶类,2020-08-26,236.927,,4.7589999999999995,241.68599999999998,0.9803091614739787,,0.019690838526021368
花叶类,2020-08-27,199.007,,,199.007,1.0,,
花叶类,2020-08-28,195.032,,,195.032,1.0,,
花叶类,2020-08-29,267.031,,,267.031,1.0,,
花叶类,2020-08-30,261.124,,5.263,266.387,0.9802430298775842,,0.01975697012241588
花叶类,2020-08-31,224.882,,,224.882,1.0,,
花叶类,2020-09-01,184.319,,7.336,191.655,0.9617228874801074,,0.03827711251989252
花叶类,2020-09-02,179.819,,,179.819,1.0,,
花叶类,2020-09-03,184.89000000000001,,8.573,193.46300000000002,0.9556866170792347,,0.044313382920765206
花叶类,2020-09-04,176.316,,,176.316,1.0,,
花叶类,2020-09-05,239.841,,9.718,249.559,0.9610593086204064,,0.038940691379593606
花叶类,2020-09-06,272.15,,3.9610000000000003,276.111,0.985654320182825,,0.014345679817174979
花叶类,2020-09-07,142.541,,5.68,148.221,0.9616788444282524,,0.03832115557174759
花叶类,2020-09-08,143.853,,14.475999999999999,158.329,0.9085701292877489,,0.09142987071225106
花叶类,2020-09-09,130.623,,0.869,131.492,0.9933912329267179,,0.006608767073282025
花叶类,2020-09-10,119.919,,,119.919,1.0,,
花叶类,2020-09-11,151.957,,,151.957,1.0,,
花叶类,2020-09-12,230.844,,1.04,231.884,0.9955149988787497,,0.00448500112125028
花叶类,2020-09-13,262.477,,0.868,263.34499999999997,0.9967039434961742,,0.00329605650382578
花叶类,2020-09-14,175.124,,0.72,175.844,0.9959054616591979,,0.004094538340802075
花叶类,2020-09-15,154.468,,1.58,156.048,0.9898749102840151,,0.010125089715984826
花叶类,2020-09-16,176.949,,,176.949,1.0,,
花叶类,2020-09-17,142.796,,0.738,143.534,0.9948583610851784,,0.005141638914821576
花叶类,2020-09-18,154.388,,,154.388,1.0,,
花叶类,2020-09-19,235.102,,0.772,235.874,0.9967270661454845,,0.0032729338545155464
花叶类,2020-09-20,317.998,,,317.998,1.0,,
花叶类,2020-09-21,212.997,,,212.997,1.0,,
花叶类,2020-09-22,232.243,,,232.243,1.0,,
花叶类,2020-09-23,179.262,,,179.262,1.0,,
花叶类,2020-09-24,162.861,,,162.861,1.0,,
花叶类,2020-09-25,173.781,,,173.781,1.0,,
花叶类,2020-09-26,227.771,,,227.771,1.0,,
花叶类,2020-09-27,199.813,,,199.813,1.0,,
花叶类,2020-09-28,114.425,,0.508,114.93299999999999,0.9955800335847842,,0.004419966415215822
花叶类,2020-09-29,156.737,,1.22,157.957,0.9922763790145419,,0.007723620985458068
花叶类,2020-09-30,169.947,,7.1819999999999995,177.129,0.9594532798130176,,0.04054672018698237
花叶类,2020-10-01,225.69,1.504,21.221,248.415,0.9085200169071916,0.006054384799629652,0.08542559829317875
花叶类,2020-10-02,244.124,,,244.124,1.0,,
花叶类,2020-10-03,298.341,,,298.341,1.0,,
花叶类,2020-10-04,232.776,,,232.776,1.0,,
花叶类,2020-10-05,294.623,,,294.623,1.0,,
花叶类,2020-10-06,287.297,,,287.297,1.0,,
花叶类,2020-10-07,253.996,,1.3820000000000001,255.37800000000001,0.9945884140372311,,0.005411585962768915
花叶类,2020-10-08,252.73,,,252.73,1.0,,
花叶类,2020-10-09,162.518,,,162.518,1.0,,
花叶类,2020-10-10,175.163,,,175.163,1.0,,
花叶类,2020-10-11,235.733,,2.348,238.08100000000002,0.9901378102410524,,0.009862189758947584
花叶类,2020-10-12,170.212,,,170.212,1.0,,
花叶类,2020-10-13,175.188,,3.058,178.24599999999998,0.9828439347867555,,0.017156065213244618
花叶类,2020-10-14,182.96,,,182.96,1.0,,
花叶类,2020-10-15,190.238,,,190.238,1.0,,
花叶类,2020-10-16,170.77,,,170.77,1.0,,
花叶类,2020-10-17,249.493,,,249.493,1.0,,
花叶类,2020-10-18,226.735,,,226.735,1.0,,
花叶类,2020-10-19,152.709,,,152.709,1.0,,
花叶类,2020-10-20,186.078,,,186.078,1.0,,
花叶类,2020-10-21,168.765,,,168.765,1.0,,
花叶类,2020-10-22,117.235,,,117.235,1.0,,
花叶类,2020-10-23,190.254,18.996,2.664,211.914,0.897788725615108,0.08964013703672244,0.012571137348169541
花叶类,2020-10-24,282.107,,,282.107,1.0,,
花叶类,2020-10-25,223.397,,,223.397,1.0,,
花叶类,2020-10-26,157.832,,,157.832,1.0,,
花叶类,2020-10-27,154.566,,,154.566,1.0,,
花叶类,2020-10-28,167.542,,,167.542,1.0,,
花叶类,2020-10-29,120.551,,,120.551,1.0,,
花叶类,2020-10-30,148.243,,,148.243,1.0,,
花叶类,2020-10-31,248.102,,,248.102,1.0,,
花叶类,2020-11-01,206.956,,,206.956,1.0,,
花叶类,2020-11-02,143.656,,0.786,144.442,0.9945583694493292,,0.005441630550670857
花叶类,2020-11-03,131.679,1.0,2.388,135.067,0.9749161527242035,0.00740373296215952,0.017680114313636933
花叶类,2020-11-04,122.114,,,122.114,1.0,,
花叶类,2020-11-05,146.327,,,146.327,1.0,,
花叶类,2020-11-06,142.586,,,142.586,1.0,,
花叶类,2020-11-07,224.3,,,224.3,1.0,,
花叶类,2020-11-08,209.808,,,209.808,1.0,,
花叶类,2020-11-09,144.911,,,144.911,1.0,,
花叶类,2020-11-10,157.962,,,157.962,1.0,,
花叶类,2020-11-11,149.866,0.226,0.775,150.86700000000002,0.9933650168691629,0.0014980081793897935,0.005136974951447301
花叶类,2020-11-12,151.144,,,151.144,1.0,,
花叶类,2020-11-13,141.0,,0.9770000000000001,141.977,0.9931186037175035,,0.006881396282496461
花叶类,2020-11-14,207.145,,,207.145,1.0,,
花叶类,2020-11-15,227.231,,,227.231,1.0,,
花叶类,2020-11-16,140.087,,,140.087,1.0,,
花叶类,2020-11-17,222.517,,,222.517,1.0,,
花叶类,2020-11-18,203.322,,,203.322,1.0,,
花叶类,2020-11-19,206.35,,1.45,207.79999999999998,0.9930221366698749,,0.006977863330125121
花叶类,2020-11-20,244.555,,,244.555,1.0,,
花叶类,2020-11-21,460.646,,,460.646,1.0,,
花叶类,2020-11-22,371.968,,,371.968,1.0,,
花叶类,2020-11-23,294.311,,,294.311,1.0,,
花叶类,2020-11-24,220.189,,,220.189,1.0,,
花叶类,2020-11-25,237.713,,,237.713,1.0,,
花叶类,2020-11-26,268.633,10.768,3.5220000000000002,282.92299999999994,0.94949155777367,0.03805982546487915,0.012448616761450999
花叶类,2020-11-27,225.596,,,225.596,1.0,,
花叶类,2020-11-28,400.295,,,400.295,1.0,,
花叶类,2020-11-29,287.707,,,287.707,1.0,,
花叶类,2020-11-30,207.353,,,207.353,1.0,,
花叶类,2020-12-01,287.797,,,287.797,1.0,,
花叶类,2020-12-02,213.665,,,213.665,1.0,,
花叶类,2020-12-03,273.297,,0.8,274.09700000000004,0.9970813252242818,,0.002918674775718085
花叶类,2020-12-04,241.79,,0.739,242.529,0.9969529417100635,,0.003047058289936461
花叶类,2020-12-05,306.959,,,306.959,1.0,,
花叶类,2020-12-06,367.129,,,367.129,1.0,,
花叶类,2020-12-07,197.718,,,197.718,1.0,,
花叶类,2020-12-08,183.98,,,183.98,1.0,,
花叶类,2020-12-09,179.506,,1.1669999999999998,180.673,0.9935408168348342,,0.006459183165165795
花叶类,2020-12-10,188.539,,,188.539,1.0,,
花叶类,2020-12-11,212.51,,,212.51,1.0,,
花叶类,2020-12-12,269.619,,,269.619,1.0,,
花叶类,2020-12-13,375.781,,,375.781,1.0,,
花叶类,2020-12-14,196.775,,0.879,197.654,0.9955528347516367,,0.004447165248363302
花叶类,2020-12-15,203.808,,,203.808,1.0,,
花叶类,2020-12-16,143.474,,8.555,152.029,0.9437278413986805,,0.05627215860131948
花叶类,2020-12-17,167.799,,,167.799,1.0,,
花叶类,2020-12-18,145.775,,5.305,151.08,0.9648861530315065,,0.03511384696849351
花叶类,2020-12-19,264.54,,2.01,266.55,0.992459200900394,,0.007540799099606077
花叶类,2020-12-20,276.911,,,276.911,1.0,,
花叶类,2020-12-21,135.374,,0.667,136.041,0.995097066325593,,0.004902933674406981
花叶类,2020-12-22,142.433,0.253,9.499,152.18499999999997,0.9359200972500576,0.001662450307191905,0.06241745244275061
花叶类,2020-12-23,143.036,,0.9299999999999999,143.966,0.9935401414222802,,0.006459858577719739
花叶类,2020-12-24,218.21,,0.323,218.53300000000002,0.9985219623580878,,0.0014780376419122054
花叶类,2020-12-25,159.654,,,159.654,1.0,,
花叶类,2020-12-26,285.224,,,285.224,1.0,,
花叶类,2020-12-27,288.755,,,288.755,1.0,,
花叶类,2020-12-28,251.455,,,251.455,1.0,,
花叶类,2020-12-29,223.512,,,223.512,1.0,,
花叶类,2020-12-30,146.39000000000001,,,146.39000000000001,1.0,,
花叶类,2020-12-31,178.876,0.301,,179.177,0.9983200968874354,0.0016799031125646706,
花叶类,2021-01-01,224.797,,,224.797,1.0,,
花叶类,2021-01-02,212.911,,,212.911,1.0,,
花叶类,2021-01-03,211.636,12.826,0.418,224.88,0.9411063678406261,0.05703486303806475,0.0018587691213091426
花叶类,2021-01-04,177.80100000000002,,,177.80100000000002,1.0,,
花叶类,2021-01-05,154.654,,,154.654,1.0,,
花叶类,2021-01-06,176.824,,,176.824,1.0,,
花叶类,2021-01-07,161.62800000000001,,,161.62800000000001,1.0,,
花叶类,2021-01-08,234.462,,,234.462,1.0,,
花叶类,2021-01-09,233.427,,,233.427,1.0,,
花叶类,2021-01-10,250.645,,,250.645,1.0,,
花叶类,2021-01-11,182.204,,,182.204,1.0,,
花叶类,2021-01-12,172.596,,0.853,173.449,0.9950821278877364,,0.004917872112263547
花叶类,2021-01-13,172.101,,,172.101,1.0,,
花叶类,2021-01-14,148.947,,,148.947,1.0,,
花叶类,2021-01-15,171.213,,,171.213,1.0,,
花叶类,2021-01-16,252.825,,,252.825,1.0,,
花叶类,2021-01-17,228.99099999999999,,,228.99099999999999,1.0,,
花叶类,2021-01-18,167.119,,,167.119,1.0,,
花叶类,2021-01-19,216.055,,,216.055,1.0,,
花叶类,2021-01-20,197.353,0.471,,197.824,0.9976190957618893,0.0023809042381106437,
花叶类,2021-01-21,219.93,,,219.93,1.0,,
花叶类,2021-01-22,218.136,,,218.136,1.0,,
花叶类,2021-01-23,214.815,,,214.815,1.0,,
花叶类,2021-01-24,350.342,,,350.342,1.0,,
花叶类,2021-01-25,224.149,,,224.149,1.0,,
花叶类,2021-01-26,215.643,,,215.643,1.0,,
花叶类,2021-01-27,208.029,,,208.029,1.0,,
花叶类,2021-01-28,160.38400000000001,,,160.38400000000001,1.0,,
花叶类,2021-01-29,151.962,,,151.962,1.0,,
花叶类,2021-01-30,195.893,23.045,17.839,236.777,0.8273312019326202,0.09732786545990532,0.07534093260747454
花叶类,2021-01-31,249.269,,,249.269,1.0,,
花叶类,2021-02-01,181.621,,,181.621,1.0,,
花叶类,2021-02-02,193.791,,,193.791,1.0,,
花叶类,2021-02-03,220.536,,2.566,223.102,0.9884985343026956,,0.011501465697304371
花叶类,2021-02-04,197.832,,,197.832,1.0,,
花叶类,2021-02-05,194.292,,,194.292,1.0,,
花叶类,2021-02-06,212.817,,,212.817,1.0,,
花叶类,2021-02-07,193.778,,,193.778,1.0,,
花叶类,2021-02-08,234.405,,,234.405,1.0,,
花叶类,2021-02-09,282.558,,,282.558,1.0,,
花叶类,2021-02-10,503.976,,,503.976,1.0,,
花叶类,2021-02-13,243.485,,,243.485,1.0,,
花叶类,2021-02-14,120.018,59.501,16.221,195.74,0.6131500970675385,0.30397976908143454,0.08287013385102687
花叶类,2021-02-15,291.13,5.0,4.0,300.13,0.9700129943691067,0.016659447572718488,0.013327558058174791
花叶类,2021-02-16,253.696,,,253.696,1.0,,
花叶类,2021-02-17,180.052,,,180.052,1.0,,
花叶类,2021-02-18,227.336,,,227.336,1.0,,
花叶类,2021-02-19,184.169,,,184.169,1.0,,
花叶类,2021-02-20,175.262,,,175.262,1.0,,
花叶类,2021-02-21,144.855,,,144.855,1.0,,
花叶类,2021-02-22,139.491,,,139.491,1.0,,
花叶类,2021-02-23,136.05,,,136.05,1.0,,
花叶类,2021-02-24,190.158,,,190.158,1.0,,
花叶类,2021-02-25,156.613,,,156.613,1.0,,
花叶类,2021-02-26,276.322,,,276.322,1.0,,
花叶类,2021-02-27,218.04,,,218.04,1.0,,
花叶类,2021-02-28,309.688,,,309.688,1.0,,
花叶类,2021-03-01,241.709,,,241.709,1.0,,
花叶类,2021-03-02,182.984,,,182.984,1.0,,
花叶类,2021-03-03,186.008,,,186.008,1.0,,
花叶类,2021-03-04,145.281,,,145.281,1.0,,
花叶类,2021-03-05,211.185,,,211.185,1.0,,
花叶类,2021-03-06,288.817,,,288.817,1.0,,
花叶类,2021-03-07,262.314,2.0,,264.314,0.9924332422800154,0.007566757719984564,
花叶类,2021-03-08,211.746,,,211.746,1.0,,
花叶类,2021-03-09,170.907,,,170.907,1.0,,
花叶类,2021-03-10,119.599,,,119.599,1.0,,
花叶类,2021-03-11,158.357,,,158.357,1.0,,
花叶类,2021-03-12,152.44,,,152.44,1.0,,
花叶类,2021-03-13,169.055,,,169.055,1.0,,
花叶类,2021-03-14,176.032,,,176.032,1.0,,
花叶类,2021-03-15,90.812,,,90.812,1.0,,
花叶类,2021-03-16,100.121,,,100.121,1.0,,
花叶类,2021-03-17,107.653,,,107.653,1.0,,
花叶类,2021-03-18,128.058,,,128.058,1.0,,
花叶类,2021-03-19,140.893,,,140.893,1.0,,
花叶类,2021-03-20,267.979,,,267.979,1.0,,
花叶类,2021-03-21,199.712,,,199.712,1.0,,
花叶类,2021-03-22,115.022,,,115.022,1.0,,
花叶类,2021-03-23,134.706,,,134.706,1.0,,
花叶类,2021-03-24,103.505,,,103.505,1.0,,
花叶类,2021-03-25,86.632,,,86.632,1.0,,
花叶类,2021-03-26,164.599,,2.7279999999999998,167.327,0.9836965940941987,,0.016303405905801215
花叶类,2021-03-27,199.238,,0.489,199.727,0.997551658013188,,0.002448341986811998
花叶类,2021-03-28,161.164,,,161.164,1.0,,
花叶类,2021-03-29,111.308,,,111.308,1.0,,
花叶类,2021-03-30,130.803,,,130.803,1.0,,
花叶类,2021-03-31,143.294,,,143.294,1.0,,
花叶类,2021-04-01,159.915,2.376,,162.291,0.9853596317725567,0.014640368227443296,
花叶类,2021-04-02,175.184,3.668,0.531,179.383,0.9765919847477185,0.020447868527117954,0.002960146725163477
花叶类,2021-04-03,212.267,,,212.267,1.0,,
花叶类,2021-04-04,192.021,,,192.021,1.0,,
花叶类,2021-04-05,178.469,,,178.469,1.0,,
花叶类,2021-04-06,51.363,3.68,0.568,55.611,0.9236122349894805,0.06617395838952726,0.01021380662099225
花叶类,2021-04-07,198.107,,,198.107,1.0,,
花叶类,2021-04-08,136.146,,0.753,136.89899999999997,0.9944995945916334,,0.0055004054083667535
花叶类,2021-04-09,140.613,3.399,1.014,145.026,0.9695709734806172,0.023437176782094244,0.006991849737288486
花叶类,2021-04-10,204.156,,,204.156,1.0,,
花叶类,2021-04-11,211.619,,,211.619,1.0,,
花叶类,2021-04-12,148.371,,,148.371,1.0,,
花叶类,2021-04-13,127.207,,,127.207,1.0,,
花叶类,2021-04-14,151.83,,,151.83,1.0,,
花叶类,2021-04-15,130.081,,,130.081,1.0,,
花叶类,2021-04-16,130.808,,,130.808,1.0,,
花叶类,2021-04-17,194.951,,,194.951,1.0,,
花叶类,2021-04-18,194.451,,,194.451,1.0,,
花叶类,2021-04-19,134.781,,,134.781,1.0,,
花叶类,2021-04-20,146.004,1.035,3.6759999999999997,150.71499999999997,0.9687423282354113,0.006867266031914542,0.024390405732674255
花叶类,2021-04-21,182.939,,,182.939,1.0,,
花叶类,2021-04-22,150.806,,,150.806,1.0,,
花叶类,2021-04-23,156.392,4.0,10.834,171.226,0.9133659607769847,0.02336093817527712,0.06327310104773808
花叶类,2021-04-24,264.803,,,264.803,1.0,,
花叶类,2021-04-25,221.785,,,221.785,1.0,,
花叶类,2021-04-26,151.258,,,151.258,1.0,,
花叶类,2021-04-27,135.216,,,135.216,1.0,,
花叶类,2021-04-28,125.785,,,125.785,1.0,,
花叶类,2021-04-29,128.457,6.441,,134.898,0.9522528132366677,0.0477471867633323,
花叶类,2021-04-30,136.111,2.073,0.401,138.585,0.9821481401306056,0.014958328823465742,0.0028935310459284914
花叶类,2021-05-01,171.826,,,171.826,1.0,,
花叶类,2021-05-02,198.544,,,198.544,1.0,,
花叶类,2021-05-03,226.265,,,226.265,1.0,,
花叶类,2021-05-04,200.985,,,200.985,1.0,,
花叶类,2021-05-05,200.391,,3.141,203.53199999999998,0.9845675372914333,,0.015432462708566713
花叶类,2021-05-06,148.875,,2.965,151.84,0.9804728661749209,,0.019527133825079028
花叶类,2021-05-07,147.508,,,147.508,1.0,,
花叶类,2021-05-08,160.786,,,160.786,1.0,,
花叶类,2021-05-09,216.668,,,216.668,1.0,,
花叶类,2021-05-10,157.721,,,157.721,1.0,,
花叶类,2021-05-11,189.86,,0.2,190.06,0.9989477007260865,,0.001052299273913501
花叶类,2021-05-12,182.519,,,182.519,1.0,,
花叶类,2021-05-13,126.864,26.614,3.815,157.293,0.8065457458373863,0.16920015512451286,0.024254099038100867
花叶类,2021-05-14,191.116,,,191.116,1.0,,
花叶类,2021-05-15,258.278,,,258.278,1.0,,
花叶类,2021-05-16,212.588,,,212.588,1.0,,
花叶类,2021-05-17,176.658,,,176.658,1.0,,
花叶类,2021-05-18,171.667,,1.604,173.27100000000002,0.9907428248235423,,0.009257175176457688
花叶类,2021-05-19,140.823,,,140.823,1.0,,
花叶类,2021-05-20,144.001,,4.8500000000000005,148.851,0.9674170815110413,,0.03258291848895876
花叶类,2021-05-21,105.372,,1.1,106.472,0.9896686452776318,,0.010331354722368324
花叶类,2021-05-22,190.363,,,190.363,1.0,,
花叶类,2021-05-23,217.25900000000001,,,217.25900000000001,1.0,,
花叶类,2021-05-24,148.831,,,148.831,1.0,,
花叶类,2021-05-25,130.325,,,130.325,1.0,,
花叶类,2021-05-26,164.467,,2.0,166.467,0.9879856067568947,,0.012014393243105239
花叶类,2021-05-27,145.237,,,145.237,1.0,,
花叶类,2021-05-28,123.824,,,123.824,1.0,,
花叶类,2021-05-29,180.875,,,180.875,1.0,,
花叶类,2021-05-30,196.236,,,196.236,1.0,,
花叶类,2021-05-31,191.98,,,191.98,1.0,,
花叶类,2021-06-01,151.091,,,151.091,1.0,,
花叶类,2021-06-02,178.517,,,178.517,1.0,,
花叶类,2021-06-03,142.37199999999999,,,142.37199999999999,1.0,,
花叶类,2021-06-04,121.093,,,121.093,1.0,,
花叶类,2021-06-05,204.287,,,204.287,1.0,,
花叶类,2021-06-06,221.028,1.7890000000000001,,222.81699999999998,0.991970989646212,0.008029010353788087,
花叶类,2021-06-07,148.539,,,148.539,1.0,,
花叶类,2021-06-08,144.123,0.359,,144.482,0.997515261416647,0.0024847385833529434,
花叶类,2021-06-09,126.359,,,126.359,1.0,,
花叶类,2021-06-10,122.004,,,122.004,1.0,,
花叶类,2021-06-11,129.982,,,129.982,1.0,,
花叶类,2021-06-12,210.267,,,210.267,1.0,,
花叶类,2021-06-13,210.317,0.9630000000000001,,211.28,0.9954420673987127,0.004557932601287391,
花叶类,2021-06-14,170.272,,,170.272,1.0,,
花叶类,2021-06-15,127.719,,,127.719,1.0,,
花叶类,2021-06-16,104.588,0.403,,104.991,0.9961615757541122,0.003838424245887743,
花叶类,2021-06-17,113.507,,,113.507,1.0,,
花叶类,2021-06-18,150.875,,,150.875,1.0,,
花叶类,2021-06-19,203.369,,,203.369,1.0,,
花叶类,2021-06-20,202.307,,,202.307,1.0,,
花叶类,2021-06-21,150.07,,,150.07,1.0,,
花叶类,2021-06-22,126.251,0.188,,126.43900000000001,0.9985131169971291,0.0014868830028709496,
花叶类,2021-06-23,120.814,,2.4,123.214,0.9805216939633483,,0.01947830603665168
花叶类,2021-06-24,125.313,,2.633,127.946,0.9794210057367952,,0.02057899426320479
花叶类,2021-06-25,146.582,,,146.582,1.0,,
花叶类,2021-06-26,197.69,,,197.69,1.0,,
花叶类,2021-06-27,213.547,,,213.547,1.0,,
花叶类,2021-06-28,124.892,0.89,,125.782,0.9929242657931977,0.007075734206802246,
花叶类,2021-06-29,110.196,,,110.196,1.0,,
花叶类,2021-06-30,125.415,,,125.415,1.0,,
花叶类,2021-07-01,148.597,,,148.597,1.0,,
花叶类,2021-07-02,133.047,0.539,,133.58599999999998,0.9959651460482387,0.0040348539517614124,
花叶类,2021-07-03,197.925,,,197.925,1.0,,
花叶类,2021-07-04,197.322,,,197.322,1.0,,
花叶类,2021-07-05,176.276,,,176.276,1.0,,
花叶类,2021-07-06,173.864,,,173.864,1.0,,
花叶类,2021-07-07,149.514,,,149.514,1.0,,
花叶类,2021-07-08,143.491,,,143.491,1.0,,
花叶类,2021-07-09,114.966,,,114.966,1.0,,
花叶类,2021-07-10,149.909,17.268,8.888,176.065,0.8514412290915286,0.09807741459120212,0.05048135631726919
花叶类,2021-07-11,159.268,51.244,2.445,212.957,0.7478880713007791,0.24063073766065451,0.011481191038566471
花叶类,2021-07-12,113.732,19.93,6.643,140.305,0.810605466661915,0.14204768183600014,0.04734685150208474
花叶类,2021-07-13,125.696,19.828,4.248,149.772,0.8392489918008706,0.13238789626899555,0.028363111930133807
花叶类,2021-07-14,127.959,31.619,4.285,163.863,0.7808901338313103,0.192959972660088,0.0261498935086017
花叶类,2021-07-15,113.94200000000001,25.815,1.9929999999999999,141.75,0.8038236331569666,0.18211640211640212,0.014059964726631392
花叶类,2021-07-16,236.055,,,236.055,1.0,,
花叶类,2021-07-17,223.655,,,223.655,1.0,,
花叶类,2021-07-18,230.327,,3.701,234.028,0.9841856529987865,,0.015814347001213532
花叶类,2021-07-19,172.294,,2.533,174.827,0.9855113912610753,,0.014488608738924765
花叶类,2021-07-20,152.362,,,152.362,1.0,,
花叶类,2021-07-21,152.653,,,152.653,1.0,,
花叶类,2021-07-22,154.625,,,154.625,1.0,,
花叶类,2021-07-23,150.636,,,150.636,1.0,,
花叶类,2021-07-24,206.036,0.887,,206.923,0.9957133813060897,0.004286618693910295,
花叶类,2021-07-25,248.368,0.134,,248.50199999999998,0.9994607689274131,0.0005392310725869411,
花叶类,2021-07-26,154.647,0.718,,155.36499999999998,0.9953786245293342,0.004621375470665851,
花叶类,2021-07-27,189.082,,,189.082,1.0,,
花叶类,2021-07-28,205.803,,,205.803,1.0,,
花叶类,2021-07-29,193.613,,,193.613,1.0,,
花叶类,2021-07-30,214.155,,,214.155,1.0,,
花叶类,2021-07-31,255.633,0.339,,255.972,0.998675636397731,0.0013243636022689982,
花叶类,2021-08-01,247.075,2.0220000000000002,2.174,251.271,0.9833008982333815,0.008047088601549722,0.00865201316506879
花叶类,2021-08-02,281.264,1.5150000000000001,0.336,283.115,0.9934620207336241,0.005351182381717677,0.0011867968846581778
花叶类,2021-08-03,264.825,,,264.825,1.0,,
花叶类,2021-08-04,313.269,,,313.269,1.0,,
花叶类,2021-08-05,244.992,0.952,,245.944,0.996129200143122,0.0038707998568779886,
花叶类,2021-08-06,189.756,,,189.756,1.0,,
花叶类,2021-08-07,232.089,,,232.089,1.0,,
花叶类,2021-08-08,265.313,0.462,,265.775,0.9982616875176371,0.0017383124823629012,
花叶类,2021-08-09,234.344,,,234.344,1.0,,
花叶类,2021-08-10,193.189,,,193.189,1.0,,
花叶类,2021-08-11,225.45,,,225.45,1.0,,
花叶类,2021-08-12,232.855,31.469,11.552,275.87600000000003,0.8440567501341181,0.11406936449709289,0.04187388536878887
花叶类,2021-08-13,256.322,17.758,,274.08,0.9352086981903095,0.0647913018096906,
花叶类,2021-08-14,254.376,24.384,2.37,281.13,0.9048340625333476,0.08673567388752534,0.008430263579127096
花叶类,2021-08-15,241.663,52.112,4.052,297.82700000000006,0.8114207241116486,0.17497406212331318,0.013605213765038088
花叶类,2021-08-16,164.836,21.455,4.282,190.573,0.8649493894728005,0.1125815304371553,0.022469080090044235
花叶类,2021-08-17,171.909,4.849,6.458,183.21599999999998,0.9382859575582919,0.026466029167758278,0.03524801327394988
花叶类,2021-08-18,175.453,4.371,5.766,185.59,0.9453796001939759,0.023551915512689262,0.03106848429333477
花叶类,2021-08-19,181.549,1.696,,183.245,0.9907446315042703,0.009255368495729761,
花叶类,2021-08-20,191.812,1.96,1.3439999999999999,195.116,0.9830664835277476,0.010045306381844645,0.0068882100904077564
花叶类,2021-08-21,229.468,10.629,1.859,241.956,0.9483873100894378,0.04392947478053861,0.007683215130023641
花叶类,2021-08-22,270.754,10.402000000000001,,281.156,0.9630027458065985,0.03699725419340153,
花叶类,2021-08-23,167.374,10.0,1.0,178.374,0.9383318196598159,0.056061982127440096,0.00560619821274401
花叶类,2021-08-24,153.012,11.0,4.0,168.012,0.9107206628097994,0.06547151393948052,0.023807823250720186
花叶类,2021-08-25,137.216,6.0,2.0,145.216,0.9449096518289996,0.04131776112825033,0.01377258704275011
花叶类,2021-08-26,248.505,7.0,,255.505,0.9726032758654429,0.027396724134557054,
花叶类,2021-08-27,259.053,,,259.053,1.0,,
花叶类,2021-08-28,244.915,,,244.915,1.0,,
花叶类,2021-08-29,229.082,,,229.082,1.0,,
花叶类,2021-08-30,178.587,,,178.587,1.0,,
花叶类,2021-08-31,165.821,,,165.821,1.0,,
花叶类,2021-09-01,143.034,28.691,5.917,177.642,0.8051812071469585,0.16151022843696874,0.03330856441607277
花叶类,2021-09-02,136.439,21.797,3.128,161.36399999999998,0.845535559356486,0.1350796955950522,0.019384745048461865
花叶类,2021-09-03,129.696,16.117,3.406,149.219,0.8691654548013323,0.1080090337021425,0.022825511496525244
花叶类,2021-09-04,184.978,30.144,6.231,221.353,0.8356697221180648,0.1361806706934173,0.028149607188517885
花叶类,2021-09-05,200.836,33.105,4.611,238.552,0.8418961065092727,0.13877477447265166,0.019329119018075724
花叶类,2021-09-06,184.637,6.922,0.377,191.936,0.9619716988996332,0.036064104701567186,0.0019641963987995998
花叶类,2021-09-07,152.285,10.503,0.528,163.316,0.9324560973817629,0.06431090646354307,0.003232996154693968
花叶类,2021-09-08,144.871,13.267999999999999,3.129,161.268,0.8983245281146911,0.08227298658134286,0.019402485303966068
花叶类,2021-09-09,97.642,17.643,5.704,120.98899999999999,0.8070320442354264,0.14582317400755443,0.047144781757019236
花叶类,2021-09-10,118.052,11.822,4.008,133.882,0.8817615512167432,0.08830163875651692,0.029936810026739966
花叶类,2021-09-11,216.04,32.132,9.258000000000001,257.43,0.8392184283106087,0.12481839723419957,0.035963174455191704
花叶类,2021-09-12,256.442,18.617,0.473,275.53200000000004,0.9307158515163392,0.0675674694772295,0.0017166790064311946
花叶类,2021-09-13,122.525,21.082,9.088,152.695,0.8024165820753791,0.13806607943940535,0.05951733848521562
花叶类,2021-09-14,131.435,29.728,2.128,163.291,0.8049127018635442,0.18205534903944492,0.013031949097010859
花叶类,2021-09-15,126.204,19.596,4.527,150.32699999999997,0.8395298249815404,0.13035582430301945,0.030114350715440347
花叶类,2021-09-16,77.672,16.383,3.403,97.458,0.7969792115577993,0.16810318290956103,0.0349176055326397
花叶类,2021-09-17,126.071,2.277,,128.34799999999998,0.982259170380528,0.017740829619472064,
花叶类,2021-09-18,124.031,10.034,0.747,134.812,0.9200293742396819,0.0744295760021363,0.005541049758181764
花叶类,2021-09-19,195.799,18.619,2.902,217.32,0.9009709184612553,0.08567550156451316,0.013353579974231549
花叶类,2021-09-20,201.146,22.493,1.161,224.79999999999998,0.8947775800711744,0.10005782918149467,0.005164590747330961
花叶类,2021-09-21,213.26,24.634,1.876,239.77,0.8894357092213371,0.10274012595403928,0.007824164824623597
花叶类,2021-09-22,121.518,15.172,1.73,138.42,0.8778933680104032,0.10960843808698166,0.01249819390261523
花叶类,2021-09-23,93.684,12.256,1.35,107.28999999999999,0.8731848261720571,0.11423245409637432,0.012582719731568647
花叶类,2021-09-24,101.849,2.88,,104.729,0.9725004535515474,0.027499546448452674,
花叶类,2021-09-25,170.897,15.784,0.29,186.97099999999998,0.9140294484171343,0.08441950890779855,0.0015510426750672565
花叶类,2021-09-26,150.342,,,150.342,1.0,,
花叶类,2021-09-27,93.809,1.7970000000000002,1.2690000000000001,96.875,0.9683509677419354,0.01854967741935484,0.013099354838709679
花叶类,2021-09-28,100.088,3.922,,104.00999999999999,0.9622920872992982,0.03770791270070186,
花叶类,2021-09-29,106.577,3.983,2.575,113.135,0.9420338533610289,0.03520572767048217,0.022760418968488974
花叶类,2021-09-30,102.48,2.965,0.678,106.123,0.9656719090112417,0.027939278007594957,0.006388812981163367
花叶类,2021-10-01,193.343,10.307,1.811,205.46099999999998,0.9410204369685732,0.05016523817172116,0.008814324859705736
花叶类,2021-10-02,151.125,19.527,1.092,171.744,0.879943404136389,0.11369829513694803,0.006358300726662941
花叶类,2021-10-03,159.787,14.181000000000001,2.1550000000000002,176.12300000000002,0.9072466401321803,0.08051759281865514,0.012235767049164504
花叶类,2021-10-04,148.289,21.205000000000002,3.406,172.9,0.8576576055523423,0.12264314632735686,0.01969924812030075
花叶类,2021-10-05,163.77100000000002,18.277,0.978,183.026,0.8947963677291751,0.099860129161977,0.005343503108847923
花叶类,2021-10-06,238.92,26.876,,265.796,0.8988848590648467,0.10111514093515328,
花叶类,2021-10-07,162.889,19.465,1.429,183.78300000000002,0.8863115739758302,0.10591295168758807,0.007775474336581729
花叶类,2021-10-08,118.176,20.476,,138.652,0.8523209185586939,0.1476790814413063,
花叶类,2021-10-09,114.522,15.895,2.6790000000000003,133.096,0.8604465949389914,0.1194250766364128,0.020128328424595783
花叶类,2021-10-10,230.913,32.471,,263.384,0.8767161255049661,0.12328387449503385,
花叶类,2021-10-11,79.294,9.153,,88.447,0.8965142966974572,0.10348570330254277,
花叶类,2021-10-12,91.045,8.983,,100.028,0.9101951453592994,0.08980485464070061,
花叶类,2021-10-13,83.911,5.675,0.316,89.902,0.9333607706168939,0.0631242908945296,0.0035149384885764497
花叶类,2021-10-14,72.134,5.675,,77.809,0.9270649924815896,0.07293500751841046,
花叶类,2021-10-15,135.347,10.95,,146.297,0.925152258761287,0.07484774123871303,
花叶类,2021-10-16,210.037,60.203,3.342,273.582,0.767729602093705,0.2200546819600705,0.012215715946224533
花叶类,2021-10-17,148.676,14.913,,163.589,0.908838613843229,0.09116138615677094,
花叶类,2021-10-18,84.784,,,84.784,1.0,,
花叶类,2021-10-19,78.684,,,78.684,1.0,,
花叶类,2021-10-20,109.339,,,109.339,1.0,,
花叶类,2021-10-21,79.858,,,79.858,1.0,,
花叶类,2021-10-22,75.936,,,75.936,1.0,,
花叶类,2021-10-23,100.678,,,100.678,1.0,,
花叶类,2021-10-24,101.014,,,101.014,1.0,,
花叶类,2021-10-25,48.556,,,48.556,1.0,,
花叶类,2021-10-26,66.948,,,66.948,1.0,,
花叶类,2021-10-27,63.042,25.869,5.816,94.727,0.6655124726846622,0.2730900376872486,0.061397489628089136
花叶类,2021-10-28,52.952,23.404,4.585,80.94099999999999,0.6542049146909478,0.28914888622576945,0.056646199083282896
花叶类,2021-10-29,70.022,15.474,4.234,89.73,0.7803633121586984,0.17245068538950184,0.04718600245179984
花叶类,2021-10-30,98.538,40.685,1.758,140.98100000000002,0.6989452479412118,0.2885849866294039,0.0124697654293841
花叶类,2021-10-31,78.795,13.256,0.291,92.342,0.8532953585584024,0.1435533126854519,0.0031513287561456323
花叶类,2021-11-01,60.969,,,60.969,1.0,,
花叶类,2021-11-02,67.422,0.633,,68.05499999999999,0.9906986995812211,0.00930130041877893,
花叶类,2021-11-03,50.06,0.512,,50.572,0.9898758206121965,0.010124179387803528,
花叶类,2021-11-04,62.916,0.8640000000000001,0.271,64.05099999999999,0.9822797458275438,0.013489250753305964,0.004231003419150366
花叶类,2021-11-05,82.06,1.807,,83.867,0.9784539807075489,0.021546019292451143,
花叶类,2021-11-06,108.548,,,108.548,1.0,,
花叶类,2021-11-07,145.887,,,145.887,1.0,,
花叶类,2021-11-08,66.376,,,66.376,1.0,,
花叶类,2021-11-09,44.867,,,44.867,1.0,,
花叶类,2021-11-10,49.063,,,49.063,1.0,,
花叶类,2021-11-11,48.787,,,48.787,1.0,,
花叶类,2021-11-12,49.34,2.082,,51.422000000000004,0.959511493135234,0.040488506864766044,
花叶类,2021-11-13,69.273,0.9530000000000001,0.226,70.452,0.9832652018395504,0.013526940328166696,0.003207857832282973
花叶类,2021-11-14,92.941,5.47,1.045,99.456,0.9344936454311454,0.05499919562419562,0.010507158944658944
花叶类,2021-11-15,42.62,,,42.62,1.0,,
花叶类,2021-11-16,44.875,8.096,0.544,53.515,0.8385499392693637,0.1512846865364851,0.010165374194151174
花叶类,2021-11-17,39.852,5.444,0.393,45.689,0.8722449604937731,0.11915340672809648,0.008601632778130404
花叶类,2021-11-18,38.199,2.979,0.686,41.864,0.912454614943627,0.07115899101853622,0.01638639403783681
花叶类,2021-11-19,32.88,4.375,0.753,38.008,0.8650810355714587,0.11510734582193222,0.019811618606609134
花叶类,2021-11-20,82.762,10.855,2.14,95.757,0.8642919055525966,0.11335985880927765,0.02234823563812567
花叶类,2021-11-21,76.338,4.436999999999999,,80.77499999999999,0.9450696378830084,0.05493036211699164,
花叶类,2021-11-22,42.247,,,42.247,1.0,,
花叶类,2021-11-23,55.622,,,55.622,1.0,,
花叶类,2021-11-24,39.991,,,39.991,1.0,,
花叶类,2021-11-25,44.906,,,44.906,1.0,,
花叶类,2021-11-26,39.951,10.33,1.555,51.836,0.7707191912956247,0.1992823520333359,0.029998456671039432
花叶类,2021-11-27,60.563,7.494,,68.057,0.889886418737235,0.11011358126276503,
花叶类,2021-11-28,68.866,9.18,0.301,78.347,0.8789870703409193,0.11717104675354513,0.00384188290553563
花叶类,2021-11-29,51.267,6.414,0.184,57.865,0.8859759785708113,0.11084420634234857,0.0031798150868400585
花叶类,2021-11-30,35.867,5.845,1.297,43.00899999999999,0.8339417331256249,0.13590178799786093,0.030156478876514223
花叶类,2021-12-01,74.607,,,74.607,1.0,,
花叶类,2021-12-02,58.359,,,58.359,1.0,,
花叶类,2021-12-03,73.847,,,73.847,1.0,,
花叶类,2021-12-04,93.905,,,93.905,1.0,,
花叶类,2021-12-05,115.184,,,115.184,1.0,,
花叶类,2021-12-06,62.656,,1.5750000000000002,64.231,0.9754791300151018,,0.024520869984898264
花叶类,2021-12-07,63.263,,,63.263,1.0,,
花叶类,2021-12-08,70.377,,,70.377,1.0,,
花叶类,2021-12-09,57.675,,,57.675,1.0,,
花叶类,2021-12-10,68.296,,,68.296,1.0,,
花叶类,2021-12-11,141.287,,,141.287,1.0,,
花叶类,2021-12-12,116.349,,,116.349,1.0,,
花叶类,2021-12-13,61.915,,,61.915,1.0,,
花叶类,2021-12-14,66.116,,,66.116,1.0,,
花叶类,2021-12-15,83.666,14.0,4.0,101.666,0.8229496586862864,0.1377058210217772,0.039344520291936344
花叶类,2021-12-16,85.528,1.185,12.411999999999999,99.125,0.862829760403531,0.011954602774274906,0.1252156368221942
花叶类,2021-12-17,92.564,1.566,3.452,97.582,0.9485765817466336,0.016048041647025068,0.03537537660634134
花叶类,2021-12-18,105.588,2.369,1.432,109.389,0.965252447686696,0.021656656519394094,0.013090895793909808
花叶类,2021-12-19,142.167,5.724,,147.891,0.9612958192182081,0.038704180781792,
花叶类,2021-12-20,81.83200000000001,,1.0,82.83200000000001,0.9879273710643229,,0.012072628935677033
花叶类,2021-12-21,71.006,,,71.006,1.0,,
花叶类,2021-12-22,69.896,0.8330000000000001,5.0,75.729,0.9229753463006246,0.010999749105362543,0.06602490459401286
花叶类,2021-12-23,89.213,,2.0,91.213,0.9780733009549077,,0.021926699045092257
花叶类,2021-12-24,111.944,,9.0,120.944,0.9255853948935044,,0.07441460510649557
花叶类,2021-12-25,178.787,,2.0,180.787,0.9889372576568005,,0.011062742343199455
花叶类,2021-12-26,208.712,,1.0,209.712,0.9952315556572824,,0.004768444342717632
花叶类,2021-12-27,70.705,,12.0,82.705,0.8549059911734478,,0.1450940088265522
花叶类,2021-12-28,81.043,,5.0,86.043,0.9418895203561011,,0.058110479643898975
花叶类,2021-12-29,67.165,,1.0,68.165,0.9853297146629502,,0.014670285337049805
花叶类,2021-12-30,76.271,,8.0,84.271,0.905068172918323,,0.09493182708167697
花叶类,2021-12-31,122.701,,3.0,125.701,0.9761338414173316,,0.023866158582668398
花叶类,2022-01-01,123.402,7.0,8.0,138.402,0.8916200632938831,0.05057730379618792,0.057802632909929055
花叶类,2022-01-02,90.543,7.0,13.0,110.543,0.8190749301176917,0.06332377445880788,0.11760129542350035
花叶类,2022-01-03,79.081,3.0,8.0,90.081,0.8778876788667976,0.03330336030905518,0.08880896082414716
花叶类,2022-01-04,60.388,4.0,6.0,70.388,0.8579303290333579,0.056827868386656814,0.08524180257998522
花叶类,2022-01-05,62.654,1.0,2.0,65.654,0.9543059067231243,0.015231364425625248,0.030462728851250495
花叶类,2022-01-06,59.316,,1.0,60.316,0.9834206512368194,,0.016579348763180582
花叶类,2022-01-07,88.664,,2.0,90.664,0.9779405276625783,,0.022059472337421688
花叶类,2022-01-08,129.766,,1.0,130.766,0.9923527522444672,,0.007647247755532784
花叶类,2022-01-09,140.528,,7.0,147.528,0.9525513800770024,,0.04744861992299767
花叶类,2022-01-10,72.365,,4.0,76.365,0.9476199829764944,,0.05238001702350554
花叶类,2022-01-11,80.15,,6.0,86.15,0.930354033662217,,0.06964596633778293
花叶类,2022-01-12,74.232,,11.0,85.232,0.870940491834053,,0.12905950816594705
花叶类,2022-01-13,60.369,6.0,7.0,73.369,0.822813449822132,0.08177840777440064,0.0954081424034674
花叶类,2022-01-14,90.099,,13.0,103.099,0.8739076033715167,,0.1260923966284833
花叶类,2022-01-15,110.109,,14.0,124.109,0.8871959326076272,,0.11280406739237284
花叶类,2022-01-16,132.15,,5.0,137.15,0.9635435654393001,,0.03645643456069996
花叶类,2022-01-17,84.383,,6.0,90.383,0.933615834836197,,0.06638416516380292
花叶类,2022-01-18,70.852,,15.0,85.852,0.8252807156501887,,0.1747192843498113
花叶类,2022-01-19,117.677,1.0,11.0,129.67700000000002,0.9074623873161778,0.007711467723651841,0.08482614496017025
花叶类,2022-01-20,127.88,,7.0,134.88,0.9481020166073547,,0.051897983392645314
花叶类,2022-01-21,138.062,,8.0,146.062,0.945228738480919,,0.05477126151908093
花叶类,2022-01-22,209.297,,1.0,210.297,0.9952448204206432,,0.004755179579356814
花叶类,2022-01-23,186.693,,,186.693,1.0,,
花叶类,2022-01-24,169.463,,18.0,187.463,0.9039810522609795,,0.0960189477390205
花叶类,2022-01-25,138.198,,15.0,153.198,0.9020874946148122,,0.0979125053851878
花叶类,2022-01-26,162.651,,10.0,172.651,0.9420796867669461,,0.05792031323305396
花叶类,2022-01-27,156.708,0.45299999999999996,13.453,170.614,0.918494379124808,0.00265511622727326,0.07885050464791869
花叶类,2022-01-28,176.131,,12.0,188.131,0.9362146589344659,,0.06378534106553413
花叶类,2022-01-29,208.256,,,208.256,1.0,,
花叶类,2022-01-30,225.022,2.0,2.0,229.022,0.9825344290068203,0.008732785496589847,0.008732785496589847
花叶类,2022-02-01,63.003,,,63.003,1.0,,
花叶类,2022-02-02,88.412,,,88.412,1.0,,
花叶类,2022-02-03,116.536,,,116.536,1.0,,
花叶类,2022-02-04,216.497,,,216.497,1.0,,
花叶类,2022-02-05,208.189,,,208.189,1.0,,
花叶类,2022-02-06,216.985,,3.0,219.985,0.9863627065481737,,0.01363729345182626
花叶类,2022-02-07,153.054,,7.0,160.054,0.9562647606432829,,0.04373523935671711
花叶类,2022-02-08,160.297,,2.0,162.297,0.9876769133132467,,0.012323086686753299
花叶类,2022-02-09,138.288,,,138.288,1.0,,
花叶类,2022-02-10,99.133,1.0,16.0,116.133,0.8536161125605987,0.008610816908200081,0.1377730705312013
花叶类,2022-02-11,124.508,,8.0,132.50799999999998,0.9396262867147644,,0.060373713285235615
花叶类,2022-02-12,148.467,,6.0,154.467,0.9611567519275962,,0.03884324807240381
花叶类,2022-02-13,162.85,,3.0,165.85,0.9819113656918903,,0.01808863430810974
花叶类,2022-02-14,140.014,,10.0,150.014,0.933339554974869,,0.06666044502513098
花叶类,2022-02-15,151.453,,3.0,154.453,0.9805766155400024,,0.01942338445999754
花叶类,2022-02-16,83.015,,16.0,99.015,0.8384083219714185,,0.16159167802858151
花叶类,2022-02-17,110.077,,2.0,112.077,0.98215512549408,,0.01784487450592004
花叶类,2022-02-18,84.783,2.0,12.0,98.783,0.8582752092971463,0.020246398671836245,0.12147839203101748
花叶类,2022-02-19,119.64,,1.0,120.64,0.991710875331565,,0.008289124668435014
花叶类,2022-02-20,100.918,,5.0,105.918,0.9527936705753507,,0.04720632942464925
花叶类,2022-02-21,77.387,,8.0,85.387,0.9063089229039549,,0.09369107709604506
花叶类,2022-02-22,66.356,,12.0,78.356,0.8468528255653683,,0.1531471744346317
花叶类,2022-02-23,61.21,,4.0,65.21000000000001,0.9386597147676735,,0.061340285232326326
花叶类,2022-02-24,57.146,7.0,11.0,75.146,0.7604662922843531,0.09315199744497378,0.1463817102706731
花叶类,2022-02-25,85.432,4.0,7.0,96.432,0.8859299817487971,0.04148000663680106,0.07259001161440186
花叶类,2022-02-26,115.507,,3.0,118.507,0.974685039702296,,0.025314960297703932
花叶类,2022-02-27,90.607,,4.0,94.607,0.9577198304565201,,0.04228016954347987
花叶类,2022-02-28,65.285,8.0,4.0,77.285,0.8447305427961441,0.10351297146923724,0.05175648573461862
花叶类,2022-03-01,63.286,,12.0,75.286,0.8406078155301119,,0.15939218446988815
花叶类,2022-03-02,61.109,2.0,7.0,70.10900000000001,0.8716284642485272,0.02852700794477171,0.09984452780670099
花叶类,2022-03-03,55.041,3.0,4.0,62.041,0.8871713866636579,0.04835512000128947,0.06447349333505263
花叶类,2022-03-04,73.622,,5.0,78.622,0.9364045686957849,,0.0635954313042151
花叶类,2022-03-05,124.495,,1.0,125.495,0.9920315550420336,,0.007968444957966453
花叶类,2022-03-06,139.174,,2.0,141.174,0.9858330854123281,,0.01416691458767195
花叶类,2022-03-07,74.68599999999999,,2.0,76.68599999999999,0.9739196202696712,,0.026080379730328875
花叶类,2022-03-08,79.174,,3.0,82.174,0.9634921021247597,,0.03650789787524034
花叶类,2022-03-09,61.059,5.0,,66.059,0.9243100864378813,0.07568991356211871,
花叶类,2022-03-10,66.508,1.0,6.0,73.508,0.9047722696849323,0.013603961473581108,0.08162376884148664
花叶类,2022-03-11,77.822,3.0,8.0,88.822,0.8761568079980185,0.033775416000540404,0.09006777600144109
花叶类,2022-03-12,129.766,,,129.766,1.0,,
花叶类,2022-03-13,100.51,,1.0,101.51,0.9901487538173579,,0.009851246182642104
花叶类,2022-03-14,88.279,1.0,9.0,98.279,0.8982488629310432,0.010175113706895675,0.09157602336206107
花叶类,2022-03-15,92.629,,9.7,102.32900000000001,0.9052077123787,,0.09479228762129992
花叶类,2022-03-16,101.619,,4.0,105.619,0.9621280262074059,,0.03787197379259413
花叶类,2022-03-17,98.394,3.0,7.0,108.394,0.9077439710685093,0.0276768086794472,0.06457922025204346
花叶类,2022-03-18,97.098,,15.0,112.098,0.8661885136220093,,0.1338114863779907
花叶类,2022-03-19,201.276,,,201.276,1.0,,
花叶类,2022-03-20,173.788,,,173.788,1.0,,
花叶类,2022-03-21,176.437,9.893,6.404,192.734,0.9154430458559466,0.051329812072597465,0.033227142071455995
花叶类,2022-03-22,127.688,5.556,,133.244,0.9583020623817958,0.0416979376182042,
花叶类,2022-03-23,86.931,0.5660000000000001,2.0,89.497,0.9713286478876386,0.0063242343318770464,0.022347117780484264
花叶类,2022-03-24,86.534,7.1370000000000005,12.531,106.20200000000001,0.8148057475377111,0.06720212425378053,0.11799212820850831
花叶类,2022-03-25,108.611,3.5540000000000003,20.328,132.493,0.8197489678700007,0.026824058629512506,0.1534269735004868
花叶类,2022-03-26,134.192,9.294,9.043,152.52900000000002,0.8797802385120206,0.06093267509785024,0.05928708639012908
花叶类,2022-03-27,132.704,6.47,1.4769999999999999,140.651,0.9434984465094454,0.04600038392901579,0.010501169561538843
花叶类,2022-03-28,65.85,6.0,14.0,85.85,0.76703552708212,0.06988934187536401,0.16307513104251603
花叶类,2022-03-29,67.286,,8.0,75.286,0.8937385436867412,,0.10626145631325877
花叶类,2022-03-30,81.195,,5.0,86.195,0.9419919948952955,,0.058008005104704455
花叶类,2022-03-31,83.587,,9.0,92.587,0.9027941287653775,,0.09720587123462257
花叶类,2022-04-01,122.262,1.0,7.0,130.262,0.9385853126775269,0.007676835915309146,0.05373785140716402
花叶类,2022-04-02,127.168,,6.0,133.168,0.9549441307220954,,0.0450558692779046
花叶类,2022-04-03,103.94500000000001,0.593,7.0,111.53800000000001,0.9319245458946727,0.005316573723753339,0.06275888038157398
花叶类,2022-04-04,142.726,,6.0,148.726,0.9596573564810457,,0.04034264351895432
花叶类,2022-04-05,134.419,,12.0,146.419,0.9180434233262077,,0.08195657667379233
花叶类,2022-04-06,85.94500000000001,3.0,21.0,109.94500000000001,0.78170903633635,0.02728637045795625,0.19100459320569374
花叶类,2022-04-07,67.201,3.0,15.0,85.201,0.7887348740038262,0.03521085433269563,0.17605427166347815
花叶类,2022-04-08,80.65,,7.0,87.65,0.9201369081574444,,0.07986309184255562
花叶类,2022-04-09,136.102,,5.0,141.102,0.9645646411815566,,0.035435358818443397
花叶类,2022-04-10,174.591,,11.0,185.591,0.9407298845310387,,0.05927011546896131
花叶类,2022-04-11,86.428,5.0,2.0,93.428,0.9250759943485893,0.053517146893864796,0.02140685875754592
花叶类,2022-04-12,105.967,,0.301,106.268,0.9971675386758008,,0.0028324613241991945
花叶类,2022-04-13,97.07900000000001,0.284,3.0,100.36300000000001,0.9672787780357303,0.0028297280870440296,0.029891493877225665
花叶类,2022-04-14,105.586,,23.0,128.586,0.821131382887717,,0.1788686171122828
花叶类,2022-04-15,118.828,,13.0,131.828,0.9013866553387748,,0.09861334466122523
花叶类,2022-04-16,116.808,,8.0,124.808,0.935901544772771,,0.06409845522722903
花叶类,2022-04-17,107.18900000000001,,0.36,107.549,0.9966526885419669,,0.0033473114580330823
花叶类,2022-04-18,97.319,1.0,14.36,112.679,0.8636835612669619,0.008874768146682168,0.12744167058635592
花叶类,2022-04-19,95.391,3.0,3.0,101.391,0.9408231499837264,0.029588425008136816,0.029588425008136816
花叶类,2022-04-20,86.275,8.0,11.0,105.275,0.8195203039658039,0.0759914509617668,0.10448824507242935
花叶类,2022-04-21,85.841,10.953,16.0,112.794,0.7610422540206039,0.09710622905473695,0.1418515169246591
花叶类,2022-04-22,107.043,,7.0,114.043,0.9386196434678148,,0.061380356532185223
花叶类,2022-04-23,118.653,,,118.653,1.0,,
花叶类,2022-04-24,96.18900000000001,,3.0,99.18900000000001,0.9697547107038079,,0.030245289296192118
花叶类,2022-04-25,106.365,,10.0,116.365,0.9140635070682765,,0.08593649293172347
花叶类,2022-04-26,77.764,4.0,10.0,91.764,0.8474347238568501,0.043590078898042804,0.10897519724510701
花叶类,2022-04-27,85.807,,3.0,88.807,0.9662188791424099,,0.03378112085759005
花叶类,2022-04-28,106.594,,5.0,111.594,0.9551947237306665,,0.04480527626933348
花叶类,2022-04-29,98.05199999999999,,8.0,106.05199999999999,0.9245653075849584,,0.07543469241504168
花叶类,2022-04-30,142.039,,,142.039,1.0,,
花叶类,2022-05-01,137.677,,9.598,147.275,0.9348294007808521,,0.06517059921914785
花叶类,2022-05-02,115.468,,,115.468,1.0,,
花叶类,2022-05-03,88.193,,,88.193,1.0,,
花叶类,2022-05-04,105.769,,,105.769,1.0,,
花叶类,2022-05-05,90.652,,,90.652,1.0,,
花叶类,2022-05-06,95.683,,,95.683,1.0,,
花叶类,2022-05-07,113.896,,,113.896,1.0,,
花叶类,2022-05-08,116.519,,,116.519,1.0,,
花叶类,2022-05-09,79.181,10.488,2.011,91.67999999999999,0.8636671029668412,0.11439790575916231,0.021934991273996514
花叶类,2022-05-10,81.925,10.211,3.284,95.42,0.8585726262837979,0.10701110878222594,0.0344162649339761
花叶类,2022-05-11,69.604,12.894,3.715,86.21300000000001,0.807349239673831,0.14955981116536948,0.04309094916079941
花叶类,2022-05-12,69.699,9.026,0.894,79.619,0.875406624047024,0.11336490033785905,0.011228475615116995
花叶类,2022-05-13,90.81700000000001,7.7490000000000006,4.414,102.98,0.8818896873179258,0.07524762089726161,0.04286269178481258
花叶类,2022-05-14,134.557,22.794,2.053,159.404,0.8441256179267772,0.1429951569596748,0.012879225113547966
花叶类,2022-05-15,137.292,14.271,5.545,157.10799999999998,0.873870203936146,0.0908356035338748,0.03529419252997938
花叶类,2022-05-16,74.544,7.563000000000001,0.673,82.78,0.9005073689296931,0.0913626479826045,0.008129983087702344
花叶类,2022-05-17,62.994,4.126,,67.12,0.9385280095351608,0.061471990464839095,
花叶类,2022-05-18,84.822,7.119,0.783,92.724,0.9147793451533583,0.07677623916138217,0.00844441568525948
花叶类,2022-05-19,86.864,5.492,,92.35600000000001,0.9405344536359305,0.05946554636406946,
花叶类,2022-05-20,76.713,11.253,2.681,90.64699999999999,0.8462828334087173,0.12414089820953811,0.029576268381744573
花叶类,2022-05-21,138.736,14.653,1.266,154.65499999999997,0.8970676667421035,0.09474637095470566,0.008185962303190976
花叶类,2022-05-22,164.686,,,164.686,1.0,,
花叶类,2022-05-23,92.654,,,92.654,1.0,,
花叶类,2022-05-24,122.403,,,122.403,1.0,,
花叶类,2022-05-25,84.787,,,84.787,1.0,,
花叶类,2022-05-26,88.361,,,88.361,1.0,,
花叶类,2022-05-27,86.554,,,86.554,1.0,,
花叶类,2022-05-28,188.829,,,188.829,1.0,,
花叶类,2022-05-29,178.516,,,178.516,1.0,,
花叶类,2022-05-30,92.512,,,92.512,1.0,,
花叶类,2022-05-31,87.827,,,87.827,1.0,,
花叶类,2022-06-01,90.488,,,90.488,1.0,,
花叶类,2022-06-02,112.624,,,112.624,1.0,,
花叶类,2022-06-03,185.595,,,185.595,1.0,,
花叶类,2022-06-04,113.331,,,113.331,1.0,,
花叶类,2022-06-05,102.505,,,102.505,1.0,,
花叶类,2022-06-06,104.547,,,104.547,1.0,,
花叶类,2022-06-07,105.767,,,105.767,1.0,,
花叶类,2022-06-08,113.862,,,113.862,1.0,,
花叶类,2022-06-09,281.247,,,281.247,1.0,,
花叶类,2022-06-10,115.093,,,115.093,1.0,,
花叶类,2022-06-11,195.647,,,195.647,1.0,,
花叶类,2022-06-12,166.51500000000001,,,166.51500000000001,1.0,,
花叶类,2022-06-13,116.051,,,116.051,1.0,,
花叶类,2022-06-14,110.671,,,110.671,1.0,,
花叶类,2022-06-15,106.544,,,106.544,1.0,,
花叶类,2022-06-16,109.346,,,109.346,1.0,,
花叶类,2022-06-17,119.07300000000001,,,119.07300000000001,1.0,,
花叶类,2022-06-18,192.524,,,192.524,1.0,,
花叶类,2022-06-19,187.623,,,187.623,1.0,,
花叶类,2022-06-20,123.54,,,123.54,1.0,,
花叶类,2022-06-21,110.973,,,110.973,1.0,,
花叶类,2022-06-22,108.759,,,108.759,1.0,,
花叶类,2022-06-23,84.617,,,84.617,1.0,,
花叶类,2022-06-24,104.325,,,104.325,1.0,,
花叶类,2022-06-25,156.216,,,156.216,1.0,,
花叶类,2022-06-26,163.919,,,163.919,1.0,,
花叶类,2022-06-27,105.20700000000001,,,105.20700000000001,1.0,,
花叶类,2022-06-28,124.599,,9.3,133.899,0.930544664261869,,0.06945533573813098
花叶类,2022-06-29,155.09,,1.0,156.09,0.9935934396822346,,0.006406560317765392
花叶类,2022-06-30,125.274,,2.0,127.274,0.984285871427,,0.015714128572999985
花叶类,2022-07-01,149.719,,,149.719,1.0,,
花叶类,2022-07-02,191.928,,3.367,195.295,0.9827594152436059,,0.017240584756394173
花叶类,2022-07-03,189.083,,,189.083,1.0,,
花叶类,2022-07-04,116.605,,,116.605,1.0,,
花叶类,2022-07-05,133.21,,,133.21,1.0,,
花叶类,2022-07-06,164.461,,,164.461,1.0,,
花叶类,2022-07-07,134.044,,,134.044,1.0,,
花叶类,2022-07-08,129.05,,,129.05,1.0,,
花叶类,2022-07-09,173.971,,,173.971,1.0,,
花叶类,2022-07-10,186.916,,,186.916,1.0,,
花叶类,2022-07-11,133.768,,,133.768,1.0,,
花叶类,2022-07-12,129.271,,,129.271,1.0,,
花叶类,2022-07-13,150.034,,,150.034,1.0,,
花叶类,2022-07-14,131.965,,,131.965,1.0,,
花叶类,2022-07-15,118.425,,,118.425,1.0,,
花叶类,2022-07-16,175.925,,,175.925,1.0,,
花叶类,2022-07-17,190.249,,,190.249,1.0,,
花叶类,2022-07-18,132.053,,,132.053,1.0,,
花叶类,2022-07-19,134.777,,,134.777,1.0,,
花叶类,2022-07-20,161.158,,,161.158,1.0,,
花叶类,2022-07-21,140.656,,,140.656,1.0,,
花叶类,2022-07-22,119.449,,,119.449,1.0,,
花叶类,2022-07-23,163.238,,,163.238,1.0,,
花叶类,2022-07-24,187.595,,,187.595,1.0,,
花叶类,2022-07-25,128.305,,,128.305,1.0,,
花叶类,2022-07-26,158.702,,3.0,161.702,0.9814473537742266,,0.018552646225773337
花叶类,2022-07-27,131.633,,,131.633,1.0,,
花叶类,2022-07-28,168.258,,2.513,170.77100000000002,0.985284386693291,,0.014715613306708984
花叶类,2022-07-29,267.236,,64.0,331.236,0.8067842867321184,,0.1932157132678815
花叶类,2022-07-30,285.343,1.0,57.814,344.15700000000004,0.8291070645083494,0.002905650618758299,0.1679872848728923
花叶类,2022-07-31,290.928,0.36,29.71,320.998,0.9063234038841363,0.001121502314656166,0.0925550938012075
花叶类,2022-08-01,248.399,5.0,51.0,304.399,0.8160309330845371,0.016425809546023476,0.16754325736943945
花叶类,2022-08-02,216.466,0.175,54.157,270.798,0.7993633630972165,0.0006462381553778093,0.1999903987474058
花叶类,2022-08-03,266.105,,71.0,337.105,0.7893831298853473,,0.2106168701146527
花叶类,2022-08-04,275.404,7.0,72.0,354.404,0.7770905520253721,0.0197514700737012,0.20315797790092663
花叶类,2022-08-05,263.757,3.0,62.666,329.423,0.8006635845098855,0.00910683224911436,0.19022958324100017
花叶类,2022-08-06,290.986,4.555,59.587,355.128,0.8193834335788786,0.012826361199342209,0.1677902052217792
花叶类,2022-08-07,283.52,1.0,34.522,319.042,0.8886604271537917,0.0031343835607851008,0.10820518928542323
花叶类,2022-08-08,246.077,1.0,55.0,302.077,0.8146168030005595,0.003310414232132867,0.18207278276730768
花叶类,2022-08-09,268.443,0.642,53.347,322.43199999999996,0.8325569422389838,0.0019911175069472014,0.1654519402540691
花叶类,2022-08-10,238.428,,52.59,291.01800000000003,0.8192895284827741,,0.18071047151722575
花叶类,2022-08-11,260.035,4.0,49.884,313.91900000000004,0.8283506254798212,0.012742140488469954,0.1589072340317088
花叶类,2022-08-12,285.532,,41.289,326.82099999999997,0.8736647889823481,,0.12633521101765188
花叶类,2022-08-13,383.304,2.488,94.203,479.995,0.7985583183158157,0.005183387326951322,0.19625829435723288
花叶类,2022-08-14,374.997,4.0,15.718,394.71500000000003,0.9500449691549598,0.010133894075472175,0.03982113676956791
花叶类,2022-08-15,302.367,,45.0,347.367,0.8704540154936997,,0.12954598450630025
花叶类,2022-08-16,321.252,,47.609,368.861,0.8709296998056179,,0.12907030019438218
花叶类,2022-08-17,288.796,1.78,68.287,358.86299999999994,0.8047527886686564,0.004960110125591104,0.19028710120575265
花叶类,2022-08-18,406.218,4.848,13.196,424.26200000000006,0.9574696767563439,0.011426901301554226,0.03110342194210181
花叶类,2022-08-19,401.426,,,401.426,1.0,,
花叶类,2022-08-20,402.043,,27.0,429.043,0.93706924480763,,0.06293075519237
花叶类,2022-08-21,352.675,4.0,76.0,432.675,0.8151037152597215,0.009244814237013925,0.17565147050326457
花叶类,2022-08-22,225.2,4.0,74.0,303.2,0.7427440633245382,0.013192612137203167,0.24406332453825857
花叶类,2022-08-23,192.283,4.0,63.277,259.56,0.7408036677454153,0.015410695022345508,0.24378563723223917
花叶类,2022-08-24,164.961,7.26,61.546,233.767,0.7056641869896094,0.03105656487014848,0.26327924814024223
花叶类,2022-08-25,223.786,3.0,17.0,243.786,0.9179608345023914,0.012305874824641284,0.06973329067296727
花叶类,2022-08-26,198.263,1.517,51.161,250.941,0.7900781458589868,0.006045245695203255,0.20387660844581
花叶类,2022-08-27,321.195,2.838,33.672,357.70500000000004,0.8979326540025998,0.00793391202247662,0.09413343397492345
花叶类,2022-08-28,247.638,2.606,2.0,252.244,0.9817399026339576,0.010331266551434326,0.007928830814608078
花叶类,2022-08-29,284.118,,12.932,297.05,0.9564652415418279,,0.04353475845817203
花叶类,2022-08-30,224.727,1.0,11.0,236.727,0.9493086973602504,0.004224275219979132,0.046467027419770456
花叶类,2022-08-31,203.409,,39.0,242.409,0.8391148843483534,,0.1608851156516466
花叶类,2022-09-01,271.034,,40.0,311.034,0.8713966961811249,,0.1286033038188751
花叶类,2022-09-02,267.717,4.266,56.233,328.216,0.8156732151997464,0.012997538206546908,0.17132924659370657
花叶类,2022-09-03,333.715,7.059,79.039,419.813,0.7949134495596849,0.016814629370696003,0.1882719210696191
花叶类,2022-09-04,408.528,2.0,80.638,491.16600000000005,0.831751383442665,0.004071943090523366,0.1641766734668116
花叶类,2022-09-05,202.456,13.885,69.548,285.889,0.7081629583509683,0.048567800789817026,0.24326924085921459
花叶类,2022-09-06,178.559,5.0,66.644,250.203,0.7136565109131385,0.01998377317618094,0.26635971591068053
花叶类,2022-09-07,204.624,5.0,51.0,260.624,0.7851310700472711,0.0191847258886365,0.19568420406409232
花叶类,2022-09-08,176.914,2.332,43.0,222.24599999999998,0.7960278250227226,0.010492877262132952,0.1934792977151445
花叶类,2022-09-09,212.923,6.0,93.0,311.923,0.6826139784498098,0.01923551645758729,0.298150505092603
花叶类,2022-09-10,399.263,,20.0,419.263,0.9522972454044358,,0.047702754595564126
花叶类,2022-09-11,289.554,1.0,60.622,351.176,0.824526733034148,0.002847575005125635,0.17262569196072625
花叶类,2022-09-12,261.19,1.0,52.812,315.002,0.8291693386073739,0.003174583018520517,0.16765607837410554
花叶类,2022-09-13,152.625,2.311,61.733,216.669,0.7044154909100978,0.010666038981118665,0.2849184701087834
花叶类,2022-09-14,130.157,6.0,49.0,185.157,0.7029547897189953,0.032404932030655066,0.2646402782503497
花叶类,2022-09-15,118.569,9.0,74.0,201.56900000000002,0.5882303330373222,0.04464972292366386,0.3671199440390139
花叶类,2022-09-16,130.133,7.301,56.372,193.80599999999998,0.6714601199137282,0.037671692310867574,0.2908681877754043
花叶类,2022-09-17,271.045,20.0,68.211,359.25600000000003,0.7544619992428797,0.05567060814572338,0.18986739261139687
花叶类,2022-09-18,308.257,7.0,62.239,377.496,0.8165834869773455,0.018543242842308263,0.16487327018034628
花叶类,2022-09-19,151.608,13.899,47.0,212.507,0.7134259106758836,0.06540490430903452,0.22116918501508184
花叶类,2022-09-20,178.637,29.0,54.906,262.543,0.6804104470505784,0.11045809638802025,0.20913145656140136
花叶类,2022-09-21,162.558,8.363,42.554,213.475,0.7614849513994613,0.03917554748799625,0.19933950111254248
花叶类,2022-09-22,153.00900000000001,5.172,68.347,226.52800000000002,0.6754529241418279,0.022831614634835424,0.3017154612233366
花叶类,2022-09-23,164.335,10.598,68.257,243.19000000000003,0.6757473580328138,0.043579094535137135,0.28067354743204903
花叶类,2022-09-24,282.954,5.0,57.898,345.85200000000003,0.818136081329586,0.01445705099291026,0.16740686767750368
花叶类,2022-09-25,248.889,3.755,68.0,320.644,0.7762159903194821,0.011710807000910668,0.21207320267960728
花叶类,2022-09-26,134.761,7.279,54.405,196.445,0.6859986255694979,0.03705362824200158,0.2769477461885006
花叶类,2022-09-27,95.891,18.416,43.88,158.187,0.6061876133942738,0.1164191747741597,0.27739321183156646
花叶类,2022-09-28,103.124,3.0,36.0,142.124,0.7255917367932229,0.02110832793898286,0.2532999352677943
花叶类,2022-09-29,117.757,5.0,53.0,175.757,0.6699989189619759,0.028448369055002077,0.301552711983022
花叶类,2022-09-30,173.098,,27.0,200.098,0.8650661176023748,,0.13493388239762516
花叶类,2022-10-01,268.48,,50.005,318.485,0.8429910356845691,,0.15700896431543088
花叶类,2022-10-02,236.473,10.104,7.284,253.861,0.9315058240533206,0.03980130859013397,0.028692867356545512
花叶类,2022-10-03,249.427,1.936,2.307,253.67,0.983273544368668,0.0076319627862971575,0.009094492845034888
花叶类,2022-10-04,325.918,2.0,1.0,328.918,0.9908791856936987,0.006080542870867511,0.0030402714354337557
花叶类,2022-10-05,373.666,,,373.666,1.0,,
花叶类,2022-10-06,353.217,,,353.217,1.0,,
花叶类,2022-10-07,456.773,5.559,8.0,470.33200000000005,0.9711714278424601,0.011819310614629664,0.017009261542910114
花叶类,2022-10-08,307.779,1.0,52.0,360.779,0.8530956624415501,0.002771779953933017,0.1441325576045169
花叶类,2022-10-09,268.075,2.0,72.0,342.075,0.7836731710882117,0.005846671051669956,0.2104801578601184
花叶类,2022-10-10,230.65,2.512,54.908,288.07,0.8006734474259729,0.008720102752803138,0.19060644982122402
花叶类,2022-10-11,157.759,6.0,81.0,244.759,0.6445483107873459,0.024513909600872696,0.3309377796117814
花叶类,2022-10-12,177.312,15.0,48.0,240.312,0.7378408069509638,0.06241885548786577,0.19974033756117046
花叶类,2022-10-13,142.085,2.4210000000000003,8.0,152.506,0.9316682622323057,0.01587478525435065,0.05245695251334374
花叶类,2022-10-14,56.637,14.0,65.0,135.637,0.41756305432883356,0.10321667391640924,0.4792202717547572
花叶类,2022-10-15,322.574,0.341,54.341,377.25600000000003,0.855053332485103,0.0009038954980172615,0.1440427720168798
花叶类,2022-10-16,313.582,5.0,49.099000000000004,367.681,0.8528643035674947,0.01359874456390186,0.1335369518686035
花叶类,2022-10-17,186.582,1.0,59.72,247.302,0.7544702428609554,0.004043638951565293,0.24148611818747928
花叶类,2022-10-18,205.504,2.0,66.406,273.90999999999997,0.7502610346464168,0.0073016684312365385,0.2424372969223468
花叶类,2022-10-19,163.822,1.354,60.631,225.80700000000002,0.7254956666533809,0.005996271151912916,0.2685080621947061
花叶类,2022-10-20,177.522,3.726,61.605,242.85299999999998,0.7309854109275982,0.015342614668132575,0.25367197440426925
花叶类,2022-10-21,613.973,,,613.973,1.0,,
花叶类,2022-10-22,284.104,,15.344,299.448,0.9487590499853064,,0.051240950014693705
花叶类,2022-10-23,200.892,2.0,40.0,242.892,0.8270836421125438,0.008234112280355055,0.1646822456071011
花叶类,2022-10-24,163.326,3.0,33.0,199.326,0.8193913488456097,0.015050720929532526,0.16555793022485776
花叶类,2022-10-25,162.908,12.0,42.489,217.397,0.7493571668422288,0.055198553797890494,0.19544427935988076
花叶类,2022-10-26,165.091,9.0,52.542,226.633,0.7284508434340983,0.0397117807203717,0.23183737584553
花叶类,2022-10-27,145.988,7.0,56.012,209.0,0.6985071770334929,0.03349282296650718,0.268
花叶类,2022-10-28,169.963,6.559,53.002,229.524,0.7405020825708858,0.028576532301632946,0.23092138512748123
花叶类,2022-10-29,289.131,1.0,78.0,368.131,0.7854024790088311,0.0027164243163439105,0.21188109667482502
花叶类,2022-10-30,202.897,2.0,16.299,221.196,0.9172724642398596,0.009041754823776199,0.07368578093636413
花叶类,2022-10-31,85.398,,,85.398,1.0,,
花叶类,2022-11-01,95.544,,1.242,96.786,0.987167565557002,,0.012832434442997954
花叶类,2022-11-03,80.973,1.0,2.0,83.973,0.9642742310028224,0.011908589665725888,0.023817179331451777
花叶类,2022-11-05,168.851,21.267,0.303,190.421,0.8867246784755883,0.11168411047100897,0.0015912110534027234
花叶类,2022-11-06,162.064,,,162.064,1.0,,
花叶类,2022-11-07,102.677,,,102.677,1.0,,
花叶类,2022-11-08,96.371,,,96.371,1.0,,
花叶类,2022-11-09,94.56,13.0,21.0,128.56,0.7355320472930927,0.10112009956440572,0.16334785314250155
花叶类,2022-11-10,102.059,1.0,19.823999999999998,122.883,0.8305379914227354,0.008137822156034603,0.16132418642122995
花叶类,2022-11-11,147.21,3.0,23.0,173.21,0.849893193233647,0.01732001616534842,0.13278679060100457
花叶类,2022-11-12,274.677,,19.0,293.677,0.9353030710610637,,0.0646969289389363
花叶类,2022-11-13,282.032,9.0,21.0,312.032,0.9038560147677162,0.028843195569685162,0.06730078966259871
花叶类,2022-11-14,131.632,2.504,46.49,180.626,0.7287544428819771,0.013862899028932712,0.25738265808909017
花叶类,2022-11-15,127.843,6.0,32.0,165.84300000000002,0.77086762781667,0.03617879560789421,0.19295357657543577
花叶类,2022-11-16,149.406,11.0,45.0,205.406,0.727369210247023,0.053552476558620485,0.21907831319435653
花叶类,2022-11-17,167.727,14.0,51.248,232.975,0.7199356154093787,0.06009228457989055,0.21997210001073075
花叶类,2022-11-18,286.966,24.639,65.0,376.605,0.7619813863331607,0.0654239853427331,0.17259462832410616
花叶类,2022-11-19,1213.473,52.0,,1265.473,0.9589086452259353,0.04109135477406472,
花叶类,2022-11-20,144.034,,2.0,146.034,0.9863045592122383,,0.013695440787761755
花叶类,2022-11-21,751.168,66.0,4.0,821.168,0.9147555676792082,0.08037332190246088,0.004871110418330962
花叶类,2022-11-22,170.192,3.0,,173.192,0.9826781837498267,0.017321816250173216,
花叶类,2022-11-23,244.572,3.0,,247.572,0.9878823130240899,0.012117686975910038,
花叶类,2022-11-24,260.618,,,260.618,1.0,,
花叶类,2022-11-25,228.796,,,228.796,1.0,,
花叶类,2022-11-26,352.511,,,352.511,1.0,,
花叶类,2022-11-27,40.471,,,40.471,1.0,,
花叶类,2022-11-28,40.862,,,40.862,1.0,,
花叶类,2022-11-29,31.298,,,31.298,1.0,,
花叶类,2022-12-04,86.399,13.0,,99.399,0.8692139759957344,0.13078602400426564,
花叶类,2022-12-05,170.093,,,170.093,1.0,,
花叶类,2022-12-06,209.171,9.0,8.0,226.171,0.9248356332155758,0.039792900062342214,0.03537146672208197
花叶类,2022-12-07,235.787,14.0,23.0,272.78700000000003,0.8643630378280489,0.051322093794792266,0.08431486837715872
花叶类,2022-12-08,150.924,7.0,16.0,173.924,0.8677583312251328,0.04024746440974218,0.091994204365125
花叶类,2022-12-09,123.88,5.0,12.0,140.88,0.8793299261783077,0.03549119818285065,0.08517887563884156
花叶类,2022-12-10,221.009,9.0,1.0,231.009,0.9567116432693098,0.038959521057621134,0.004328835673069015
花叶类,2022-12-11,199.007,3.0,2.474,204.481,0.9732297866305427,0.014671289753082194,0.012098923616375117
花叶类,2022-12-12,154.035,3.0,16.0,173.035,0.8901956251625394,0.01733753286907273,0.0924668419683879
花叶类,2022-12-13,179.802,1.0,5.0,185.802,0.9677075596602835,0.005382073389952746,0.026910366949763728
花叶类,2022-12-14,219.115,6.0,1.0,226.115,0.9690423014837583,0.02653517015677863,0.0044225283594631045
花叶类,2022-12-15,291.759,,,291.759,1.0,,
花叶类,2022-12-16,306.951,,,306.951,1.0,,
花叶类,2022-12-17,265.09,,,265.09,1.0,,
花叶类,2022-12-18,295.364,,,295.364,1.0,,
花叶类,2022-12-19,200.178,1.0,,201.178,0.9950292775551999,0.004970722444800128,
花叶类,2022-12-20,251.224,,1.0,252.224,0.9960352702359807,,0.003964729764019285
花叶类,2022-12-21,285.265,,,285.265,1.0,,
花叶类,2022-12-22,217.75,6.0,,223.75,0.9731843575418995,0.026815642458100558,
花叶类,2022-12-23,195.623,12.161,3.0,210.784,0.9280732882951268,0.057694132381964476,0.014232579322908761
花叶类,2022-12-24,274.955,9.129999999999999,1.0,285.085,0.9644667379904239,0.03202553624357648,0.0035077257659996146
花叶类,2022-12-25,350.94,4.0,8.0,362.94,0.96693668374938,0.011021105416873312,0.022042210833746623
花叶类,2022-12-26,232.075,12.0,9.0,253.075,0.9170206460535414,0.047416773683690606,0.03556258026276796
花叶类,2022-12-27,228.592,19.0,5.926,253.518,0.9016795651590814,0.07494536877065928,0.023375066070259312
花叶类,2022-12-28,250.429,3.0,4.0,257.429,0.9728080363906165,0.011653698689735812,0.01553826491964775
花叶类,2022-12-29,222.635,2.0,13.1,237.73499999999999,0.9364839001409132,0.008412728458157192,0.05510337140092961
花叶类,2022-12-30,228.35,4.459,11.279,244.088,0.9355232539084265,0.018268001704303365,0.04620874438727016
花叶类,2022-12-31,307.509,8.0,14.0,329.509,0.9332339936086723,0.024278547778664616,0.04248745861266308
花叶类,2023-01-01,304.635,12.0,13.0,329.635,0.9241585389900951,0.03640390128475435,0.03943755972515055
花叶类,2023-01-02,276.026,7.786,4.0,287.812,0.9590496574152572,0.027052381415646323,0.013897961169096492
花叶类,2023-01-03,181.984,12.0,22.0,215.984,0.842580931920883,0.05555967108674716,0.1018593969923698
花叶类,2023-01-04,150.91,2.0,19.0,171.91,0.877843057413763,0.01163399453202257,0.11052294805421442
花叶类,2023-01-05,165.069,8.0,13.0,186.069,0.8871386421166342,0.04299480300318699,0.06986655488017886
花叶类,2023-01-06,161.912,21.0,20.0,202.912,0.7979419649897492,0.10349313988329917,0.09856489512695159
花叶类,2023-01-07,159.324,9.0,19.0,187.324,0.8505263607439517,0.04804509833230125,0.10142854092374709
花叶类,2023-01-08,196.286,7.0,16.086,219.372,0.8947632332294002,0.031909268274893786,0.07332749849570591
花叶类,2023-01-09,157.866,16.719,11.0,185.585,0.850639868523857,0.0900880997925479,0.059272031683595114
花叶类,2023-01-10,174.803,8.879,16.514,200.196,0.8731593038821954,0.044351535495214686,0.08248916062258986
花叶类,2023-01-11,156.831,6.423,22.0,185.254,0.8465728135424876,0.03467131613892278,0.11875587031858961
花叶类,2023-01-12,167.359,11.321,24.029,202.709,0.8256120843179139,0.05584853163895041,0.11853938404313573
花叶类,2023-01-13,196.982,5.336,13.317,215.63500000000002,0.9134973450506643,0.024745519048391958,0.06175713590094372
花叶类,2023-01-14,427.993,4.0,16.0,447.993,0.9553564453016007,0.008928710939679861,0.035714843758719444
花叶类,2023-01-15,268.18,6.5009999999999994,4.287,278.96799999999996,0.9613288979381149,0.02330374810014052,0.015367353961744719
花叶类,2023-01-16,207.173,4.0,5.0,216.173,0.9583666785398731,0.01850369842672304,0.023129623033403802
花叶类,2023-01-17,171.498,1.0,7.734,180.232,0.9515402370278307,0.00554840427892938,0.04291135869323982
花叶类,2023-01-18,261.544,9.349,11.0,281.893,0.9278130354425261,0.03316506617759221,0.03902189837988173
花叶类,2023-01-19,363.429,7.645,,371.07399999999996,0.9793976403628387,0.02060235963716132,
花叶类,2023-01-20,578.656,1.415,14.0,594.0709999999999,0.9740519230866345,0.002381870180500311,0.023566206732865268
花叶类,2023-01-22,211.378,3.0,5.0,219.378,0.9635332622231947,0.013675026666302,0.022791711110503335
花叶类,2023-01-23,283.984,4.368,3.0,291.352,0.9747110024986958,0.014992174414453996,0.010296823086850272
花叶类,2023-01-24,203.447,2.0,,205.447,0.9902651292060726,0.009734870793927387,
花叶类,2023-01-25,245.072,,,245.072,1.0,,
花叶类,2023-01-26,272.125,,,272.125,1.0,,
花叶类,2023-01-27,283.135,,,283.135,1.0,,
花叶类,2023-01-28,235.443,,,235.443,1.0,,
花叶类,2023-01-29,229.694,,,229.694,1.0,,
花叶类,2023-01-30,211.18,,6.0,217.18,0.972373146698591,,0.027626853301408967
花叶类,2023-01-31,189.836,5.0,8.0,202.836,0.9359088130312173,0.024650456526454867,0.03944073044232779
花叶类,2023-02-01,150.42,4.0,2.0,156.42,0.9616417337936325,0.02557217747091165,0.012786088735455826
花叶类,2023-02-02,185.688,2.0,17.0,204.688,0.9071757992652232,0.009770968498397562,0.08305323223637927
花叶类,2023-02-03,179.282,1.0,9.0,189.282,0.9471687746325589,0.005283122536744117,0.047548102830697055
花叶类,2023-02-04,244.725,,8.0,252.725,0.9683450390740924,,0.03165496092590761
花叶类,2023-02-05,272.351,3.0,6.0,281.351,0.9680114874302918,0.0106628375232361,0.0213256750464722
花叶类,2023-02-06,168.042,5.0,6.62,179.662,0.935322995402478,0.027830036401687613,0.0368469681958344
花叶类,2023-02-07,143.34,0.351,10.852,154.543,0.9275088486699494,0.002271212542787444,0.0702199387872631
花叶类,2023-02-08,141.576,8.64,11.081,161.297,0.8777348617767224,0.05356578237660961,0.06869935584666795
花叶类,2023-02-09,178.645,9.0,16.0,203.645,0.8772373493088463,0.04419455424881534,0.07856809644233838
花叶类,2023-02-10,166.847,,9.0,175.847,0.9488191439148805,,0.05118085608511945
花叶类,2023-02-11,240.908,2.0,1.0,243.908,0.9877002804336061,0.008199813044262592,0.004099906522131296
花叶类,2023-02-12,307.307,,2.0,309.307,0.9935339323067374,,0.006466067693262681
花叶类,2023-02-13,213.189,7.0,6.0,226.189,0.9425259406956129,0.030947570394669947,0.026526488909717094
花叶类,2023-02-14,153.034,0.251,7.0,160.285,0.9547618304894406,0.00156596063262314,0.04367220887793618
花叶类,2023-02-15,163.83,4.645,16.0,184.47500000000002,0.888087816777341,0.02517956362650765,0.08673261959615122
花叶类,2023-02-16,144.735,4.616,6.0,155.351,0.9316644244324145,0.029713358781082836,0.03862221678650282
花叶类,2023-02-17,135.609,3.0,22.0,160.609,0.844342471467975,0.018678903423842996,0.13697862510818198
花叶类,2023-02-18,282.815,1.0,2.0,285.815,0.9895036999457691,0.003498766684743628,0.006997533369487256
花叶类,2023-02-19,181.404,28.0,21.0,230.404,0.7873300810749814,0.12152566795715353,0.09114425096786515
花叶类,2023-02-20,108.164,12.0,19.0,139.164,0.7772412405507172,0.08622919720617402,0.13652956224310886
花叶类,2023-02-21,124.047,13.0,13.107,150.154,0.8261318379796742,0.08657778014571707,0.08729038187460873
花叶类,2023-02-22,108.874,14.0,16.0,138.874,0.7839768423174964,0.10081080691850167,0.11521235076400191
花叶类,2023-02-23,126.467,16.0,12.0,154.46699999999998,0.8187315089954489,0.10358199485974351,0.07768649614480763
花叶类,2023-02-24,119.956,6.0,9.0,134.95600000000002,0.8888526630901923,0.04445893476392305,0.06668840214588458
花叶类,2023-02-25,180.47,11.0,28.0,219.47,0.8222991752859161,0.05012074543217752,0.1275800792819064
花叶类,2023-02-26,196.01,38.0,9.0,243.01,0.80659232130365,0.1563721657544957,0.03703551294185425
花叶类,2023-02-27,128.926,1.0,7.0,136.926,0.9415742809984955,0.007303214875188058,0.05112250412631641
花叶类,2023-02-28,107.968,7.0,1.0,115.968,0.9310154525386314,0.06036147902869757,0.00862306843267108
花叶类,2023-03-01,117.125,5.0,17.0,139.125,0.8418688230008985,0.03593890386343217,0.12219227313566937
花叶类,2023-03-02,95.001,5.0,31.0,131.001,0.7251929374584927,0.03816764757520935,0.23663941496629795
花叶类,2023-03-03,118.142,11.0,23.0,152.142,0.7765245625796953,0.07230087681245152,0.1511745606078532
花叶类,2023-03-04,142.918,9.0,12.0,163.918,0.871887163093742,0.05490550153125343,0.07320733537500457
花叶类,2023-03-05,152.491,18.0,8.0,178.491,0.8543343922102515,0.10084542077751818,0.044820187012230304
花叶类,2023-03-06,90.018,,17.0,107.018,0.8411482180567755,,0.1588517819432245
花叶类,2023-03-07,106.406,11.0,8.043,125.44900000000001,0.8482012610702356,0.08768503535301198,0.06411370357675229
花叶类,2023-03-08,104.807,4.0,11.0,119.807,0.8747986344704399,0.033387030807882676,0.09181433472167737
花叶类,2023-03-09,99.336,4.0,18.0,121.336,0.8186853036197007,0.0329663084327817,0.14834838794751765
花叶类,2023-03-10,97.762,5.165,29.0,131.92700000000002,0.7410310247333751,0.039150439258074536,0.21981853600855014
花叶类,2023-03-11,181.131,26.0,15.631,222.762,0.8131144450130633,0.1167164956321096,0.07016905935482713
花叶类,2023-03-12,186.971,,9.0,195.971,0.954074837603523,,0.04592516239647703
花叶类,2023-03-13,132.956,,2.138,135.094,0.9841739825602913,,0.015826017439708646
花叶类,2023-03-14,129.747,0.329,10.0,140.07600000000002,0.9262614580656214,0.0023487249778691567,0.07138981695650931
花叶类,2023-03-15,128.813,3.0,39.996,171.809,0.7497453567624512,0.017461250574766166,0.2327933926627825
花叶类,2023-03-16,163.911,7.0,20.0,190.911,0.8585728428430002,0.03666630000366663,0.10476085715333323
花叶类,2023-03-17,201.58,8.0,29.0,238.58,0.8449157515298852,0.03353172939894375,0.1215525190711711
花叶类,2023-03-18,282.075,1.0,9.0,292.075,0.9657622186082342,0.0034237781391765814,0.030814003252589234
花叶类,2023-03-19,243.51,2.0,6.0,251.51,0.9681921195976303,0.007951970100592422,0.023855910301777267
花叶类,2023-03-20,180.04,2.0,15.623,197.66299999999998,0.9108432028250103,0.010118231535492227,0.07903856563949753
花叶类,2023-03-21,160.208,1.0,33.178,194.386,0.8241745804739025,0.005144403403537292,0.17068101612256026
花叶类,2023-03-22,124.098,10.0,36.625,170.723,0.7268967860218013,0.058574415866637766,0.2145287981115608
花叶类,2023-03-23,139.273,11.0,29.375,179.648,0.7752549429996437,0.06123085144282152,0.16351420555753474
花叶类,2023-03-24,129.414,27.0,46.306,202.71999999999997,0.6383879242304656,0.13318863456985006,0.2284234411996843
花叶类,2023-03-25,205.087,20.0,28.816,253.903,0.807737600579749,0.07877023902829033,0.11349216039196071
花叶类,2023-03-26,189.268,31.674,43.101,264.043,0.7168074896891794,0.11995773415693656,0.16323477615388401
花叶类,2023-03-27,114.807,8.0,28.091,150.898,0.7608251931768479,0.053015944545322005,0.18615886227783007
花叶类,2023-03-28,97.516,17.0,31.459,145.975,0.6680321972940573,0.11645829765370783,0.21550950505223498
花叶类,2023-03-29,96.475,7.0,27.0,130.475,0.739413680781759,0.05365012454493198,0.20693619467330907
花叶类,2023-03-30,121.581,2.0,56.214,179.79500000000002,0.6762201396034372,0.011123779860396562,0.31265608053616617
花叶类,2023-03-31,146.231,12.225999999999999,50.435,208.892,0.700031595274113,0.05852785171284683,0.24144055301304024
花叶类,2023-04-01,177.142,15.0,16.235,208.377,0.8501034183235193,0.07198491196245267,0.07791166971402794
花叶类,2023-04-02,168.834,3.0,14.151,185.985,0.90778288571659,0.016130333091378336,0.0760867811920316
花叶类,2023-04-03,153.149,4.0,13.672,170.821,0.8965466775162304,0.02341632469075816,0.0800369977930114
花叶类,2023-04-04,156.641,,14.0,170.641,0.9179564114134352,,0.08204358858656478
花叶类,2023-04-05,203.271,3.0,11.0,217.271,0.935564341306479,0.013807641148611643,0.05062801754490936
花叶类,2023-04-06,122.403,2.0,12.0,136.40300000000002,0.8973629612251929,0.014662434110686713,0.08797460466412028
花叶类,2023-04-07,97.267,1.0,33.0,131.267,0.74098592944152,0.007618060898778825,0.2513960096597012
花叶类,2023-04-08,155.424,6.0,22.502,183.92600000000002,0.8450355034089797,0.0326218152952818,0.12234268129573848
花叶类,2023-04-09,171.616,,26.0,197.616,0.8684317059347422,,0.13156829406525786
花叶类,2023-04-10,103.411,6.0,14.0,123.411,0.8379398919059079,0.04861803242822763,0.11344207566586446
花叶类,2023-04-11,99.675,16.353,42.853,158.881,0.6273563232859813,0.10292608933730277,0.2697175873767159
花叶类,2023-04-12,98.089,3.3529999999999998,17.319,118.761,0.825936123811689,0.028233174190180278,0.1458307019981307
花叶类,2023-04-13,81.82000000000001,5.431,5.0,92.251,0.8869280549804338,0.05887199054752794,0.05419995447203824
花叶类,2023-04-14,93.087,6.752,31.89,131.72899999999998,0.7066553302613701,0.051256746805942506,0.2420879229326876
花叶类,2023-04-15,187.791,6.378,14.0,208.16899999999998,0.9021083830925835,0.030638567702203502,0.06725304920521308
花叶类,2023-04-16,175.215,3.0460000000000003,26.613,204.874,0.8552329724611225,0.01486767476595371,0.12989935277292386
花叶类,2023-04-17,89.884,6.0,11.0,106.884,0.8409490662774597,0.05613562366677894,0.10291531005576139
花叶类,2023-04-18,151.76,,30.847,182.607,0.8310743837859447,,0.16892561621405533
花叶类,2023-04-19,126.971,3.0,26.582,156.553,0.8110416280748373,0.019162839421793258,0.16979553250336948
花叶类,2023-04-20,103.475,4.0,14.612,122.08699999999999,0.8475513363421168,0.03276352109561215,0.11968514256227118
花叶类,2023-04-21,192.551,1.1219999999999999,22.011,215.684,0.8927458689564363,0.005202054858033048,0.10205207618553068
花叶类,2023-04-22,302.374,2.0,26.476,330.85,0.9139307843433581,0.006045035514583648,0.08002418014205832
花叶类,2023-04-23,243.486,9.0,26.866,279.352,0.8716100117414588,0.03221741745181707,0.09617257080672414
花叶类,2023-04-24,169.83,,19.392,189.222,0.8975172020166788,,0.10248279798332117
花叶类,2023-04-25,146.007,1.0,16.697,163.704,0.8918963495088696,0.006108586228803206,0.10199506426232711
花叶类,2023-04-26,126.458,2.0,19.932,148.39,0.8522002830379406,0.013477997169620596,0.13432171979243884
花叶类,2023-04-27,106.949,9.0,26.996,142.945,0.7481828675364651,0.06296127881352968,0.18885585365000523
花叶类,2023-04-28,134.339,2.0,27.988,164.327,0.817510208304174,0.012170854454837001,0.170318937240989
花叶类,2023-04-29,152.554,7.0,9.578,169.132,0.901981883972282,0.04138779178393207,0.05663032424378591
花叶类,2023-04-30,117.666,,14.582,132.248,0.8897374629484001,,0.11026253705160004
花叶类,2023-05-01,160.855,1.0,18.035,179.89,0.8941853354827951,0.00555895269331258,0.10025571182389238
花叶类,2023-05-02,178.091,2.0,18.966,199.05700000000002,0.8946733850103237,0.010047373365417944,0.09527924162425838
花叶类,2023-05-03,239.366,3.0,10.0,252.366,0.9484875141659336,0.011887496730938397,0.03962498910312799
花叶类,2023-05-04,108.428,,13.0,121.428,0.892940672661989,,0.107059327338011
花叶类,2023-05-05,108.371,1.0,6.0,115.371,0.9393261738218444,0.008667689454022241,0.05200613672413345
花叶类,2023-05-06,160.743,,3.084,163.827,0.9811752641505979,,0.018824735849402113
花叶类,2023-05-07,234.132,,4.0,238.132,0.9832025935195606,,0.016797406480439418
花叶类,2023-05-08,141.689,,0.652,142.34099999999998,0.9954194504745647,,0.004580549525435399
花叶类,2023-05-09,134.554,1.0,9.479,145.03300000000002,0.9277474781601428,0.006894982521219308,0.06535753931863782
花叶类,2023-05-10,146.834,1.0,11.494,159.328,0.9215831492267523,0.0062763607150030125,0.07214049005824462
花叶类,2023-05-11,148.549,,9.935,158.484,0.9373122838898563,,0.06268771611014361
花叶类,2023-05-12,133.706,3.0,6.0,142.706,0.9369332754053789,0.02102224153154037,0.04204448306308074
花叶类,2023-05-13,170.984,,8.087,179.071,0.9548391420162953,,0.04516085798370479
花叶类,2023-05-14,186.781,,12.728,199.50900000000001,0.936203379296172,,0.0637966207038279
花叶类,2023-05-15,146.336,6.0,19.014,171.35000000000002,0.8540180916253283,0.035016049022468625,0.11096585935220307
花叶类,2023-05-16,171.274,1.1360000000000001,22.526,194.936,0.8786165715927279,0.005827553658636681,0.11555587474863545
花叶类,2023-05-17,140.47,,10.008,150.478,0.9334919390209864,,0.06650806097901353
花叶类,2023-05-18,103.986,2.0,6.702,112.688,0.9227779355388329,0.01774811869941786,0.059473945761749254
花叶类,2023-05-19,121.327,5.0,15.0,141.327,0.8584842245289294,0.03537894386776766,0.10613683160330298
花叶类,2023-05-20,147.822,,30.0,177.822,0.8312919661234268,,0.1687080338765732
花叶类,2023-05-21,194.446,,3.0,197.446,0.9848059722658347,,0.015194027734165292
花叶类,2023-05-22,134.741,2.301,17.138,154.18,0.8739200933973279,0.014924114671163575,0.11115579193150864
花叶类,2023-05-23,122.592,4.0,24.129,150.721,0.8133703996125291,0.026539102049482156,0.16009049833798875
花叶类,2023-05-24,120.51,1.0,14.0,135.51,0.8893070622094311,0.007379529186037931,0.10331340860453103
花叶类,2023-05-25,108.755,1.0,5.013,114.768,0.9476073469956782,0.008713230168688135,0.04367942283563363
花叶类,2023-05-26,148.816,,5.304,154.12,0.9655852582403321,,0.03441474175966779
花叶类,2023-05-27,263.537,,10.0,273.537,0.9634418744082154,,0.03655812559178466
花叶类,2023-05-28,251.705,1.0,9.572,262.277,0.9596914712307981,0.0038127628423384437,0.03649576592686358
花叶类,2023-05-29,132.604,1.6219999999999999,12.208,146.434,0.9055547208981521,0.011076662523730827,0.0833686165781171
花叶类,2023-05-30,134.287,2.0,20.0,156.287,0.8592333335466161,0.012796969677580348,0.12796969677580347
花叶类,2023-05-31,133.132,1.0,2.0,136.132,0.9779625657450122,0.007345811418329269,0.014691622836658537
花叶类,2023-06-01,123.982,1.0,12.0,136.982,0.9050970200464294,0.007300229227197734,0.0876027507263728
花叶类,2023-06-02,144.142,1.0,16.0,161.142,0.8945029849449554,0.0062057067679438015,0.09929130828710082
花叶类,2023-06-03,202.081,3.0,17.0,222.081,0.909942768629464,0.013508584705580397,0.07654864666495559
花叶类,2023-06-04,201.285,,14.0,215.285,0.9349699235896602,,0.06503007641033978
花叶类,2023-06-05,125.623,,19.519,145.142,0.8655179066018107,,0.13448209339818934
花叶类,2023-06-06,136.393,2.0,14.046,152.439,0.8947382231581158,0.013120002099200336,0.09214177474268397
花叶类,2023-06-07,123.913,1.0,10.822,135.73499999999999,0.9129038199432719,0.007367296570523447,0.07972888348620474
花叶类,2023-06-08,105.298,3.0,10.989,119.287,0.8827282101151005,0.025149429527106894,0.09212236035779255
花叶类,2023-06-09,112.823,1.0,26.201,140.024,0.8057404444952293,0.007141632862937782,0.18711792264183283
花叶类,2023-06-10,212.159,3.0,25.076,240.23499999999999,0.8831311007971362,0.012487772389535247,0.10438112681332862
花叶类,2023-06-11,192.119,3.0,18.789,213.90800000000002,0.8981384520448042,0.014024720908053928,0.08783682704714177
花叶类,2023-06-12,105.231,1.0,21.168,127.399,0.8259954944701292,0.007849355175472335,0.16615515035439837
花叶类,2023-06-13,122.404,1.0,17.461,140.865,0.8689454442196428,0.007098995492137862,0.1239555602882192
花叶类,2023-06-14,97.688,,17.917,115.605,0.8450153540071796,,0.15498464599282039
花叶类,2023-06-15,101.42,,17.0,118.42,0.8564431683837189,,0.14355683161628102
花叶类,2023-06-16,143.11,12.0,17.0,172.11,0.8315031084771367,0.06972285166463307,0.09877403985823019
花叶类,2023-06-17,230.472,3.0,10.862,244.334,0.9432661848125926,0.01227827482053255,0.04445554036687485
花叶类,2023-06-18,241.916,3.0,8.531,253.447,0.9545033083840013,0.011836794280461003,0.03365989733553761
花叶类,2023-06-19,116.749,,11.952,128.701,0.9071335887056045,,0.09286641129439555
花叶类,2023-06-20,100.466,1.0,24.762,126.228,0.7959089900814399,0.00792217257660741,0.19616883734195267
花叶类,2023-06-21,106.137,1.0,19.126,126.263,0.8406025518164466,0.007919976556869391,0.15147747162668398
花叶类,2023-06-22,163.919,1.0,7.0,171.919,0.9534664580412869,0.005816692744839139,0.040716849213873973
花叶类,2023-06-23,147.99699999999999,4.0,26.721,178.718,0.8281034926532302,0.02238162915878647,0.1495148781879833
花叶类,2023-06-24,146.656,1.0,13.839,161.495,0.9081148023158612,0.006192142171584259,0.08569305551255457
花叶类,2023-06-25,87.895,,21.0,108.895,0.8071536801506037,,0.1928463198493962
花叶类,2023-06-26,64.597,2.0,13.927,80.524,0.8022080373553225,0.024837315582931795,0.17295464706174557
花叶类,2023-06-27,108.063,1.0,18.215,127.278,0.8490312544194597,0.00785681736042364,0.1431119282201166
花叶类,2023-06-28,107.625,1.0,21.557,130.182,0.8267271973083837,0.0076815535173833565,0.165591249174233
花叶类,2023-06-29,116.09,,19.0,135.09,0.8593530239099859,,0.14064697609001406
花叶类,2023-06-30,120.104,,10.36,130.464,0.9205911209222467,,0.07940887907775325
花菜类,2020-07-01,47.076,,,47.076,1.0,,
花菜类,2020-07-02,43.943,,,43.943,1.0,,
花菜类,2020-07-03,42.076,,,42.076,1.0,,
花菜类,2020-07-04,55.662,,,55.662,1.0,,
花菜类,2020-07-05,55.474,,,55.474,1.0,,
花菜类,2020-07-06,42.277,,0.444,42.721000000000004,0.9896069848552234,,0.010393015144776573
花菜类,2020-07-07,45.749,,,45.749,1.0,,
花菜类,2020-07-08,45.433,,,45.433,1.0,,
花菜类,2020-07-09,41.131,,,41.131,1.0,,
花菜类,2020-07-10,57.167,3.339,1.838,62.344,0.9169607339920441,0.05355767996920313,0.029481586038752727
花菜类,2020-07-11,69.376,7.188,,76.56400000000001,0.9061177576929105,0.09388224230708948,
花菜类,2020-07-12,64.004,7.611,,71.61500000000001,0.8937233819730503,0.10627661802694964,
花菜类,2020-07-13,29.221,2.392,0.415,32.028,0.9123579368052954,0.07468465093043587,0.012957412264268765
花菜类,2020-07-14,53.035000000000004,2.741,1.799,57.575,0.9211463308727746,0.04760746851932262,0.031246200607902733
花菜类,2020-07-15,34.894,3.068,,37.961999999999996,0.9191823402349719,0.0808176597650282,
花菜类,2020-07-16,35.3,3.721,0.429,39.45,0.8948035487959441,0.09432192648922687,0.010874524714828896
花菜类,2020-07-17,39.855,3.899,0.444,44.198,0.9017376351871125,0.08821666138739309,0.010045703425494367
花菜类,2020-07-18,51.371,8.236,1.4809999999999999,61.088,0.8409343897328444,0.1348218962807753,0.0242437139863803
花菜类,2020-07-19,67.928,8.423,,76.351,0.8896805542821967,0.1103194457178033,
花菜类,2020-07-20,42.51,3.123,1.798,47.431,0.8962492884400498,0.06584301406253296,0.037907697497417306
花菜类,2020-07-21,44.897,3.121,0.987,49.005,0.9161718192021222,0.06368737883889398,0.020140801958983774
花菜类,2020-07-22,48.839,2.547,2.289,53.675,0.9099021891010712,0.047452258965999077,0.042645551932929675
花菜类,2020-07-23,36.344,3.081,,39.425000000000004,0.9218516169942929,0.07814838300570703,
花菜类,2020-07-24,34.424,1.667,2.193,38.284,0.8991745899070108,0.04354299446243862,0.05728241563055062
花菜类,2020-07-25,49.636,6.851,0.9339999999999999,57.421,0.8644224238519009,0.1193117500565995,0.016265826091499624
花菜类,2020-07-26,54.93,8.846,0.343,64.119,0.8566883451083143,0.1379622264851292,0.005349428406556559
花菜类,2020-07-27,37.663,4.905,0.308,42.876,0.8784168299281649,0.11439966414777498,0.007183505924060081
花菜类,2020-07-28,32.735,1.93,0.272,34.937,0.9369722643615651,0.05524229327074449,0.0077854423676904155
花菜类,2020-07-29,38.031,3.645,0.544,42.22,0.9007816200852676,0.08633349123638087,0.012884888678351494
花菜类,2020-07-30,32.394,5.804,,38.198,0.8480548719828263,0.1519451280171737,
花菜类,2020-07-31,36.922,0.627,,37.549,0.9833018189565633,0.016698181043436577,
花菜类,2020-08-01,50.603,3.759,,54.362,0.9308524336852949,0.06914756631470512,
花菜类,2020-08-02,49.219,,,49.219,1.0,,
花菜类,2020-08-03,44.426,,,44.426,1.0,,
花菜类,2020-08-04,44.534,,,44.534,1.0,,
花菜类,2020-08-05,43.631,,,43.631,1.0,,
花菜类,2020-08-06,40.827,,,40.827,1.0,,
花菜类,2020-08-07,40.272,,,40.272,1.0,,
花菜类,2020-08-08,58.156,,,58.156,1.0,,
花菜类,2020-08-09,54.876,,,54.876,1.0,,
花菜类,2020-08-10,50.7,,,50.7,1.0,,
花菜类,2020-08-11,56.279,,,56.279,1.0,,
花菜类,2020-08-12,50.065,,,50.065,1.0,,
花菜类,2020-08-13,47.468,,,47.468,1.0,,
花菜类,2020-08-14,58.582,,,58.582,1.0,,
花菜类,2020-08-15,79.38,,,79.38,1.0,,
花菜类,2020-08-16,60.231,,,60.231,1.0,,
花菜类,2020-08-17,51.749,,,51.749,1.0,,
花菜类,2020-08-18,55.92,,,55.92,1.0,,
花菜类,2020-08-19,64.061,,,64.061,1.0,,
花菜类,2020-08-20,69.587,,,69.587,1.0,,
花菜类,2020-08-21,50.062,,,50.062,1.0,,
花菜类,2020-08-22,55.886,,,55.886,1.0,,
花菜类,2020-08-23,71.556,,,71.556,1.0,,
花菜类,2020-08-24,41.784,,,41.784,1.0,,
花菜类,2020-08-25,47.761,,,47.761,1.0,,
花菜类,2020-08-26,63.106,,19.438,82.544,0.7645134716030239,,0.23548652839697615
花菜类,2020-08-27,65.932,,26.574,92.506,0.7127321471039717,,0.2872678528960284
花菜类,2020-08-28,39.93,,,39.93,1.0,,
花菜类,2020-08-29,56.803,,,56.803,1.0,,
花菜类,2020-08-30,80.779,,,80.779,1.0,,
花菜类,2020-08-31,54.722,,,54.722,1.0,,
花菜类,2020-09-01,55.858,,,55.858,1.0,,
花菜类,2020-09-02,38.716,,,38.716,1.0,,
花菜类,2020-09-03,38.893,,,38.893,1.0,,
花菜类,2020-09-04,46.612,,,46.612,1.0,,
花菜类,2020-09-05,57.828,,,57.828,1.0,,
花菜类,2020-09-06,53.202,,,53.202,1.0,,
花菜类,2020-09-07,26.257,,,26.257,1.0,,
花菜类,2020-09-08,33.239,,,33.239,1.0,,
花菜类,2020-09-09,32.73,,,32.73,1.0,,
花菜类,2020-09-10,52.067,,5.252,57.319,0.9083724419476962,,0.09162755805230377
花菜类,2020-09-11,30.406,,1.132,31.538,0.9641067918067093,,0.03589320819329063
花菜类,2020-09-12,43.337,,,43.337,1.0,,
花菜类,2020-09-13,41.704,,,41.704,1.0,,
花菜类,2020-09-14,64.257,,,64.257,1.0,,
花菜类,2020-09-15,29.878,,,29.878,1.0,,
花菜类,2020-09-16,53.167,,6.281,59.448,0.8943446373301036,,0.10565536266989638
花菜类,2020-09-17,32.648,,,32.648,1.0,,
花菜类,2020-09-18,27.705,,,27.705,1.0,,
花菜类,2020-09-19,72.746,,10.014,82.75999999999999,0.8789995166747221,,0.12100048332527792
花菜类,2020-09-20,53.497,,,53.497,1.0,,
花菜类,2020-09-21,39.191,,,39.191,1.0,,
花菜类,2020-09-22,40.905,,,40.905,1.0,,
花菜类,2020-09-23,31.972,,,31.972,1.0,,
花菜类,2020-09-24,38.952,,,38.952,1.0,,
花菜类,2020-09-25,41.561,,,41.561,1.0,,
花菜类,2020-09-26,86.643,,,86.643,1.0,,
花菜类,2020-09-27,35.964,,,35.964,1.0,,
花菜类,2020-09-28,24.576,,,24.576,1.0,,
花菜类,2020-09-29,28.105,,,28.105,1.0,,
花菜类,2020-09-30,58.301,,2.47,60.771,0.9593556136973228,,0.04064438630267727
花菜类,2020-10-01,88.759,,5.1690000000000005,93.928,0.9449684865002981,,0.05503151349970191
花菜类,2020-10-02,63.205,,3.94,67.145,0.9413210216695213,,0.05867897833047882
花菜类,2020-10-03,44.493,,,44.493,1.0,,
花菜类,2020-10-04,34.491,,,34.491,1.0,,
花菜类,2020-10-05,82.648,,9.631,92.279,0.8956317255280183,,0.10436827447198171
花菜类,2020-10-06,108.157,,,108.157,1.0,,
花菜类,2020-10-07,50.932,,5.334,56.266000000000005,0.9052002985817367,,0.09479970141826323
花菜类,2020-10-08,49.58,,,49.58,1.0,,
花菜类,2020-10-09,55.845,,,55.845,1.0,,
花菜类,2020-10-10,37.393,,,37.393,1.0,,
花菜类,2020-10-11,60.47,,,60.47,1.0,,
花菜类,2020-10-12,34.815,,,34.815,1.0,,
花菜类,2020-10-13,47.321,,,47.321,1.0,,
花菜类,2020-10-14,48.259,,,48.259,1.0,,
花菜类,2020-10-15,59.624,,,59.624,1.0,,
花菜类,2020-10-16,80.029,,8.332,88.36099999999999,0.905705005602019,,0.09429499439798103
花菜类,2020-10-17,109.311,,,109.311,1.0,,
花菜类,2020-10-18,91.59700000000001,,,91.59700000000001,1.0,,
花菜类,2020-10-19,57.412,,,57.412,1.0,,
花菜类,2020-10-20,30.899,,,30.899,1.0,,
花菜类,2020-10-21,40.555,,,40.555,1.0,,
花菜类,2020-10-22,26.166,,,26.166,1.0,,
花菜类,2020-10-23,23.854,,,23.854,1.0,,
花菜类,2020-10-24,31.113,,,31.113,1.0,,
花菜类,2020-10-25,43.114,,,43.114,1.0,,
花菜类,2020-10-26,22.371,,,22.371,1.0,,
花菜类,2020-10-27,23.305,,,23.305,1.0,,
花菜类,2020-10-28,30.297,,,30.297,1.0,,
花菜类,2020-10-29,24.902,,,24.902,1.0,,
花菜类,2020-10-30,28.939,,,28.939,1.0,,
花菜类,2020-10-31,82.701,,,82.701,1.0,,
花菜类,2020-11-01,69.062,,,69.062,1.0,,
花菜类,2020-11-02,32.726,,,32.726,1.0,,
花菜类,2020-11-03,52.37,,,52.37,1.0,,
花菜类,2020-11-04,67.527,,,67.527,1.0,,
花菜类,2020-11-05,57.354,,,57.354,1.0,,
花菜类,2020-11-06,95.136,,,95.136,1.0,,
花菜类,2020-11-07,121.453,,,121.453,1.0,,
花菜类,2020-11-08,125.591,,,125.591,1.0,,
花菜类,2020-11-09,57.592,,,57.592,1.0,,
花菜类,2020-11-10,25.698,,,25.698,1.0,,
花菜类,2020-11-11,63.25,,,63.25,1.0,,
花菜类,2020-11-12,13.406,,,13.406,1.0,,
花菜类,2020-11-13,60.306,,,60.306,1.0,,
花菜类,2020-11-14,84.001,,,84.001,1.0,,
花菜类,2020-11-15,77.798,,,77.798,1.0,,
花菜类,2020-11-16,48.64,,,48.64,1.0,,
花菜类,2020-11-17,43.621,,,43.621,1.0,,
花菜类,2020-11-18,50.438,,,50.438,1.0,,
花菜类,2020-11-19,77.165,,,77.165,1.0,,
花菜类,2020-11-20,52.701,,,52.701,1.0,,
花菜类,2020-11-21,114.066,,,114.066,1.0,,
花菜类,2020-11-22,119.596,,,119.596,1.0,,
花菜类,2020-11-23,74.623,,,74.623,1.0,,
花菜类,2020-11-24,60.927,,,60.927,1.0,,
花菜类,2020-11-25,37.137,,,37.137,1.0,,
花菜类,2020-11-26,34.766,,,34.766,1.0,,
花菜类,2020-11-27,28.934,,,28.934,1.0,,
花菜类,2020-11-28,79.441,,,79.441,1.0,,
花菜类,2020-11-29,77.335,,,77.335,1.0,,
花菜类,2020-11-30,41.156,,,41.156,1.0,,
花菜类,2020-12-01,25.82,,,25.82,1.0,,
花菜类,2020-12-02,24.46,,,24.46,1.0,,
花菜类,2020-12-03,27.342,,,27.342,1.0,,
花菜类,2020-12-04,27.457,,,27.457,1.0,,
花菜类,2020-12-05,72.116,,,72.116,1.0,,
花菜类,2020-12-06,67.968,,,67.968,1.0,,
花菜类,2020-12-07,29.017,,,29.017,1.0,,
花菜类,2020-12-08,29.686,,,29.686,1.0,,
花菜类,2020-12-09,20.825,,,20.825,1.0,,
花菜类,2020-12-10,20.405,,,20.405,1.0,,
花菜类,2020-12-11,30.644,,,30.644,1.0,,
花菜类,2020-12-12,65.792,,,65.792,1.0,,
花菜类,2020-12-13,78.67,,,78.67,1.0,,
花菜类,2020-12-14,33.376,,,33.376,1.0,,
花菜类,2020-12-15,33.43,,,33.43,1.0,,
花菜类,2020-12-16,26.065,,,26.065,1.0,,
花菜类,2020-12-17,31.098,,,31.098,1.0,,
花菜类,2020-12-18,26.454,,,26.454,1.0,,
花菜类,2020-12-19,60.29,,,60.29,1.0,,
花菜类,2020-12-20,89.851,,,89.851,1.0,,
花菜类,2020-12-21,32.408,,4.649,37.057,0.8745446204495777,,0.12545537955042232
花菜类,2020-12-22,27.346,,,27.346,1.0,,
花菜类,2020-12-23,39.823,,,39.823,1.0,,
花菜类,2020-12-24,39.293,,,39.293,1.0,,
花菜类,2020-12-25,33.711,,,33.711,1.0,,
花菜类,2020-12-26,62.717,,,62.717,1.0,,
花菜类,2020-12-27,51.016,,,51.016,1.0,,
花菜类,2020-12-28,33.949,,,33.949,1.0,,
花菜类,2020-12-29,33.714,,,33.714,1.0,,
花菜类,2020-12-30,33.438,,,33.438,1.0,,
花菜类,2020-12-31,23.092,,,23.092,1.0,,
花菜类,2021-01-01,55.985,,,55.985,1.0,,
花菜类,2021-01-02,31.833,,,31.833,1.0,,
花菜类,2021-01-03,50.09,,,50.09,1.0,,
花菜类,2021-01-04,24.728,,,24.728,1.0,,
花菜类,2021-01-05,45.052,,3.997,49.049,0.9185100613672043,,0.08148993863279577
花菜类,2021-01-06,41.283,,10.428,51.711,0.7983407785577538,,0.20165922144224635
花菜类,2021-01-07,42.427,,,42.427,1.0,,
花菜类,2021-01-08,29.703,,,29.703,1.0,,
花菜类,2021-01-09,47.188,,,47.188,1.0,,
花菜类,2021-01-10,57.696,,,57.696,1.0,,
花菜类,2021-01-11,28.862,,,28.862,1.0,,
花菜类,2021-01-12,18.847,,,18.847,1.0,,
花菜类,2021-01-13,23.848,1.453,,25.301,0.942571439864037,0.057428560135963015,
花菜类,2021-01-14,31.086,3.033,,34.119,0.9111052492745977,0.08889475072540226,
花菜类,2021-01-15,30.326999999999998,0.652,,30.979,0.9789534846186125,0.021046515381387392,
花菜类,2021-01-16,45.807,,,45.807,1.0,,
花菜类,2021-01-17,45.21,,,45.21,1.0,,
花菜类,2021-01-18,26.404,3.008,3.758,33.17,0.7960205004522158,0.09068435333132348,0.11329514621646065
花菜类,2021-01-19,28.877,3.017,1.924,33.818,0.8538943757762139,0.08921284523035071,0.05689277899343545
花菜类,2021-01-20,33.627,,,33.627,1.0,,
花菜类,2021-01-21,27.553,,,27.553,1.0,,
花菜类,2021-01-22,32.636,,,32.636,1.0,,
花菜类,2021-01-23,48.218,,,48.218,1.0,,
花菜类,2021-01-24,56.086,,,56.086,1.0,,
花菜类,2021-01-25,34.554,,,34.554,1.0,,
花菜类,2021-01-26,36.857,,,36.857,1.0,,
花菜类,2021-01-27,50.986000000000004,,,50.986000000000004,1.0,,
花菜类,2021-01-28,47.788,,,47.788,1.0,,
花菜类,2021-01-29,56.588,,,56.588,1.0,,
花菜类,2021-01-30,63.124,,,63.124,1.0,,
花菜类,2021-01-31,37.907,,,37.907,1.0,,
花菜类,2021-02-01,25.144,,,25.144,1.0,,
花菜类,2021-02-02,41.328,,,41.328,1.0,,
花菜类,2021-02-03,84.615,,,84.615,1.0,,
花菜类,2021-02-04,69.983,,,69.983,1.0,,
花菜类,2021-02-05,58.169,,,58.169,1.0,,
花菜类,2021-02-06,75.497,,,75.497,1.0,,
花菜类,2021-02-07,53.682,,,53.682,1.0,,
花菜类,2021-02-08,122.215,,,122.215,1.0,,
花菜类,2021-02-09,139.056,,,139.056,1.0,,
花菜类,2021-02-10,167.055,,,167.055,1.0,,
花菜类,2021-02-13,22.759,,,22.759,1.0,,
花菜类,2021-02-14,11.692,4.614,0.301,16.607,0.7040404648642139,0.27783464803998315,0.018124887095802976
花菜类,2021-02-15,41.123,,,41.123,1.0,,
花菜类,2021-02-16,40.493,,,40.493,1.0,,
花菜类,2021-02-17,33.589,,,33.589,1.0,,
花菜类,2021-02-18,56.001,,,56.001,1.0,,
花菜类,2021-02-19,47.197,,,47.197,1.0,,
花菜类,2021-02-20,39.445,,,39.445,1.0,,
花菜类,2021-02-21,35.248,,,35.248,1.0,,
花菜类,2021-02-22,30.813,,,30.813,1.0,,
花菜类,2021-02-23,24.456,,,24.456,1.0,,
花菜类,2021-02-24,37.410000000000004,,,37.410000000000004,1.0,,
花菜类,2021-02-25,39.885,,,39.885,1.0,,
花菜类,2021-02-26,70.064,,,70.064,1.0,,
花菜类,2021-02-27,74.704,,,74.704,1.0,,
花菜类,2021-02-28,54.673,,,54.673,1.0,,
花菜类,2021-03-01,28.579,,,28.579,1.0,,
花菜类,2021-03-02,40.61,,,40.61,1.0,,
花菜类,2021-03-03,22.01,,,22.01,1.0,,
花菜类,2021-03-04,18.952,,,18.952,1.0,,
花菜类,2021-03-05,41.955,,,41.955,1.0,,
花菜类,2021-03-06,64.332,,,64.332,1.0,,
花菜类,2021-03-07,84.586,,,84.586,1.0,,
花菜类,2021-03-08,45.65,,,45.65,1.0,,
花菜类,2021-03-09,34.073,,,34.073,1.0,,
花菜类,2021-03-10,25.101,,,25.101,1.0,,
花菜类,2021-03-11,30.749,,,30.749,1.0,,
花菜类,2021-03-12,31.282,,,31.282,1.0,,
花菜类,2021-03-13,43.017,,,43.017,1.0,,
花菜类,2021-03-14,41.13,,,41.13,1.0,,
花菜类,2021-03-15,28.603,,,28.603,1.0,,
花菜类,2021-03-16,19.792,,,19.792,1.0,,
花菜类,2021-03-17,29.326,,,29.326,1.0,,
花菜类,2021-03-18,29.081,,,29.081,1.0,,
花菜类,2021-03-19,42.902,,,42.902,1.0,,
花菜类,2021-03-20,34.377,,,34.377,1.0,,
花菜类,2021-03-21,51.413000000000004,,,51.413000000000004,1.0,,
花菜类,2021-03-22,30.625,,,30.625,1.0,,
花菜类,2021-03-23,28.634,,,28.634,1.0,,
花菜类,2021-03-24,27.331,,,27.331,1.0,,
花菜类,2021-03-25,25.174,,,25.174,1.0,,
花菜类,2021-03-26,48.956,,,48.956,1.0,,
花菜类,2021-03-27,51.805,,,51.805,1.0,,
花菜类,2021-03-28,50.119,,,50.119,1.0,,
花菜类,2021-03-29,60.434,,,60.434,1.0,,
花菜类,2021-03-30,26.924,,,26.924,1.0,,
花菜类,2021-03-31,28.74,,,28.74,1.0,,
花菜类,2021-04-01,39.109,,,39.109,1.0,,
花菜类,2021-04-02,69.53,,,69.53,1.0,,
花菜类,2021-04-03,68.593,,,68.593,1.0,,
花菜类,2021-04-04,71.456,,,71.456,1.0,,
花菜类,2021-04-05,59.759,14.35,2.592,76.701,0.779116308783458,0.1870901292030091,0.03379356201353308
花菜类,2021-04-06,13.129999999999999,,,13.129999999999999,1.0,,
花菜类,2021-04-07,26.939,,,26.939,1.0,,
花菜类,2021-04-08,22.294,,,22.294,1.0,,
花菜类,2021-04-09,51.978,,,51.978,1.0,,
花菜类,2021-04-10,50.186,,,50.186,1.0,,
花菜类,2021-04-11,47.112,,,47.112,1.0,,
花菜类,2021-04-12,32.027,,,32.027,1.0,,
花菜类,2021-04-13,28.593,,,28.593,1.0,,
花菜类,2021-04-14,30.12,,,30.12,1.0,,
花菜类,2021-04-15,27.05,,,27.05,1.0,,
花菜类,2021-04-16,40.232,,,40.232,1.0,,
花菜类,2021-04-17,77.636,,,77.636,1.0,,
花菜类,2021-04-18,48.315,,,48.315,1.0,,
花菜类,2021-04-19,25.092,,,25.092,1.0,,
花菜类,2021-04-20,30.338,,,30.338,1.0,,
花菜类,2021-04-21,49.748,,,49.748,1.0,,
花菜类,2021-04-22,34.615,,,34.615,1.0,,
花菜类,2021-04-23,47.035000000000004,,,47.035000000000004,1.0,,
花菜类,2021-04-24,107.309,,,107.309,1.0,,
花菜类,2021-04-25,94.264,,,94.264,1.0,,
花菜类,2021-04-26,43.118,,,43.118,1.0,,
花菜类,2021-04-27,26.49,,,26.49,1.0,,
花菜类,2021-04-28,29.405,,,29.405,1.0,,
花菜类,2021-04-29,33.858,,,33.858,1.0,,
花菜类,2021-04-30,38.125,,,38.125,1.0,,
花菜类,2021-05-01,57.443,,,57.443,1.0,,
花菜类,2021-05-02,36.466,,,36.466,1.0,,
花菜类,2021-05-03,37.613,,,37.613,1.0,,
花菜类,2021-05-04,37.838,,,37.838,1.0,,
花菜类,2021-05-05,34.156,,,34.156,1.0,,
花菜类,2021-05-06,21.199,,,21.199,1.0,,
花菜类,2021-05-07,26.046,,,26.046,1.0,,
花菜类,2021-05-08,28.122,,,28.122,1.0,,
花菜类,2021-05-09,37.443,,,37.443,1.0,,
花菜类,2021-05-10,30.866,,,30.866,1.0,,
花菜类,2021-05-11,27.768,,,27.768,1.0,,
花菜类,2021-05-12,19.252,,,19.252,1.0,,
花菜类,2021-05-13,24.095,,,24.095,1.0,,
花菜类,2021-05-14,40.997,,,40.997,1.0,,
花菜类,2021-05-15,37.347,,,37.347,1.0,,
花菜类,2021-05-16,52.382,,,52.382,1.0,,
花菜类,2021-05-17,27.587,,,27.587,1.0,,
花菜类,2021-05-18,31.098,,,31.098,1.0,,
花菜类,2021-05-19,33.901,,,33.901,1.0,,
花菜类,2021-05-20,17.189,,,17.189,1.0,,
花菜类,2021-05-21,33.979,,,33.979,1.0,,
花菜类,2021-05-22,34.962,,,34.962,1.0,,
花菜类,2021-05-23,64.231,,,64.231,1.0,,
花菜类,2021-05-24,40.924,,,40.924,1.0,,
花菜类,2021-05-25,29.554,,,29.554,1.0,,
花菜类,2021-05-26,46.547,,,46.547,1.0,,
花菜类,2021-05-27,43.952,,,43.952,1.0,,
花菜类,2021-05-28,42.189,,,42.189,1.0,,
花菜类,2021-05-29,52.779,,,52.779,1.0,,
花菜类,2021-05-30,21.296,,,21.296,1.0,,
花菜类,2021-05-31,39.165,,,39.165,1.0,,
花菜类,2021-06-01,41.593,,,41.593,1.0,,
花菜类,2021-06-02,43.414,,,43.414,1.0,,
花菜类,2021-06-03,36.284,,,36.284,1.0,,
花菜类,2021-06-04,31.416,,,31.416,1.0,,
花菜类,2021-06-05,61.486,,,61.486,1.0,,
花菜类,2021-06-06,42.143,,,42.143,1.0,,
花菜类,2021-06-07,24.819,,,24.819,1.0,,
花菜类,2021-06-08,25.106,,,25.106,1.0,,
花菜类,2021-06-09,26.845,,,26.845,1.0,,
花菜类,2021-06-10,13.847,,,13.847,1.0,,
花菜类,2021-06-11,21.048,,,21.048,1.0,,
花菜类,2021-06-12,52.462,,,52.462,1.0,,
花菜类,2021-06-13,61.91,0.414,,62.324,0.993357294140299,0.006642705859700918,
花菜类,2021-06-14,73.037,,,73.037,1.0,,
花菜类,2021-06-15,45.326,,,45.326,1.0,,
花菜类,2021-06-16,12.99,,,12.99,1.0,,
花菜类,2021-06-17,20.793,24.75,2.934,48.477,0.42892505724364133,0.5105513955071478,0.060523547249210975
花菜类,2021-06-18,34.971,,,34.971,1.0,,
花菜类,2021-06-19,44.511,,,44.511,1.0,,
花菜类,2021-06-20,43.614,,,43.614,1.0,,
花菜类,2021-06-21,54.07,,,54.07,1.0,,
花菜类,2021-06-22,26.162,,,26.162,1.0,,
花菜类,2021-06-23,57.723,,,57.723,1.0,,
花菜类,2021-06-24,34.885,,,34.885,1.0,,
花菜类,2021-06-25,40.437,,,40.437,1.0,,
花菜类,2021-06-26,71.821,,,71.821,1.0,,
花菜类,2021-06-27,56.542,,,56.542,1.0,,
花菜类,2021-06-28,35.784,,,35.784,1.0,,
花菜类,2021-06-29,34.383,,,34.383,1.0,,
花菜类,2021-06-30,27.052,,,27.052,1.0,,
花菜类,2021-07-01,33.72,,,33.72,1.0,,
花菜类,2021-07-02,24.972,,,24.972,1.0,,
花菜类,2021-07-03,48.497,,,48.497,1.0,,
花菜类,2021-07-04,45.679,,,45.679,1.0,,
花菜类,2021-07-05,66.355,,,66.355,1.0,,
花菜类,2021-07-06,44.901,,,44.901,1.0,,
花菜类,2021-07-07,40.488,,,40.488,1.0,,
花菜类,2021-07-08,61.361,,,61.361,1.0,,
花菜类,2021-07-09,28.476,,,28.476,1.0,,
花菜类,2021-07-10,32.422,28.627,9.541,70.58999999999999,0.45930018416206264,0.40553902819096194,0.1351607876469755
花菜类,2021-07-11,48.854,22.699,4.0809999999999995,75.634,0.6459264352011,0.3001163497897771,0.05395721500912287
花菜类,2021-07-12,4.027,15.239,5.214,24.480000000000004,0.16450163398692808,0.6225081699346404,0.21299019607843137
花菜类,2021-07-13,16.472,24.551,6.235,47.257999999999996,0.3485547420542554,0.5195099242456304,0.1319353337001143
花菜类,2021-07-14,33.413,13.285,3.429,50.126999999999995,0.6665669200231412,0.26502683184710835,0.06840624812975044
花菜类,2021-07-15,13.019,12.79,1.823,27.631999999999998,0.47115662999420965,0.4628691372321946,0.06597423277359583
花菜类,2021-07-16,39.074,,,39.074,1.0,,
花菜类,2021-07-17,79.353,,,79.353,1.0,,
花菜类,2021-07-18,60.81,,,60.81,1.0,,
花菜类,2021-07-19,34.935,,,34.935,1.0,,
花菜类,2021-07-20,46.461,,,46.461,1.0,,
花菜类,2021-07-21,52.983,,,52.983,1.0,,
花菜类,2021-07-22,34.223,,,34.223,1.0,,
花菜类,2021-07-23,21.488,10.244,6.777,38.509,0.5579994287049781,0.266015736581059,0.17598483471396298
花菜类,2021-07-24,32.248,16.706,2.02,50.974,0.6326362459292972,0.327735708400361,0.03962804567034175
花菜类,2021-07-25,45.96,14.269,,60.229,0.7630875491872686,0.2369124508127314,
花菜类,2021-07-26,12.073,12.248,0.745,25.066,0.4816484480970239,0.4886300167557648,0.02972153514721136
花菜类,2021-07-27,38.891,13.913,0.874,53.678000000000004,0.7245240135623532,0.25919371064495694,0.016282275792689743
花菜类,2021-07-28,58.303,,,58.303,1.0,,
花菜类,2021-07-29,31.376,,,31.376,1.0,,
花菜类,2021-07-30,43.27,0.361,,43.631,0.9917260663289863,0.008273933671013728,
花菜类,2021-07-31,47.859,,,47.859,1.0,,
花菜类,2021-08-01,10.801,40.293,15.704,66.798,0.16169645797778376,0.6032066828348154,0.23509685918740084
花菜类,2021-08-02,2.36,21.802,,24.162,0.09767403360648953,0.9023259663935105,
花菜类,2021-08-03,3.654,16.987,,20.641,0.17702630686497747,0.8229736931350226,
花菜类,2021-08-04,1.055,7.54,5.683,14.278,0.07388990054629499,0.5280851659896344,0.3980249334640706
花菜类,2021-08-05,10.352,12.051,4.235,26.637999999999998,0.3886177640964037,0.4523988287408965,0.15898340716269993
花菜类,2021-08-06,28.948,,,28.948,1.0,,
花菜类,2021-08-07,40.416,,,40.416,1.0,,
花菜类,2021-08-08,50.406,,,50.406,1.0,,
花菜类,2021-08-09,56.607,,,56.607,1.0,,
花菜类,2021-08-10,10.586,0.647,,11.233,0.9424018516869936,0.05759814831300632,
花菜类,2021-08-11,1.054,,,1.054,1.0,,
花菜类,2021-08-12,12.87,,,12.87,1.0,,
花菜类,2021-08-13,3.504,,,3.504,1.0,,
花菜类,2021-08-14,16.528,,,16.528,1.0,,
花菜类,2021-08-15,8.103,,,8.103,1.0,,
花菜类,2021-08-16,6.045,,,6.045,1.0,,
花菜类,2021-08-17,9.498000000000001,,,9.498000000000001,1.0,,
花菜类,2021-08-18,7.078,0.934,0.633,8.645,0.8187391555812609,0.10803932909196068,0.0732215153267785
花菜类,2021-08-19,8.906,,,8.906,1.0,,
花菜类,2021-08-20,9.237,33.238,4.7989999999999995,47.274,0.1953928163472522,0.703092609045141,0.10151457460760671
花菜类,2021-08-21,12.057,18.586,4.257,34.9,0.34547277936962756,0.5325501432664757,0.12197707736389685
花菜类,2021-08-22,1.546,,,1.546,1.0,,
花菜类,2021-08-23,4.509,,,4.509,1.0,,
花菜类,2021-08-24,9.206999999999999,,,9.206999999999999,1.0,,
花菜类,2021-08-25,2.219,,,2.219,1.0,,
花菜类,2021-08-26,5.452,,,5.452,1.0,,
花菜类,2021-08-27,4.338,12.841,2.3890000000000002,19.567999999999998,0.2216884709730172,0.6562244480784956,0.12208708094848734
花菜类,2021-08-28,17.962,11.334999999999999,6.205,35.501999999999995,0.5059433271364994,0.3192777871669202,0.1747788856965805
花菜类,2021-08-29,20.042,32.845,3.294,56.181,0.3567398230718571,0.5846282551040387,0.05863192182410424
花菜类,2021-08-30,11.245000000000001,31.891000000000002,5.151,48.287000000000006,0.2328784144800878,0.6604469111769212,0.10667467434299086
花菜类,2021-08-31,9.46,26.27,7.149,42.879000000000005,0.22062081671680775,0.6126542130180274,0.16672497026516475
花菜类,2021-09-01,8.003,,,8.003,1.0,,
花菜类,2021-09-02,27.869,,,27.869,1.0,,
花菜类,2021-09-03,24.967,,,24.967,1.0,,
花菜类,2021-09-04,32.878,,,32.878,1.0,,
花菜类,2021-09-05,51.129,,,51.129,1.0,,
花菜类,2021-09-06,3.286,27.044,4.421,34.751000000000005,0.09455842997323817,0.7782222094328219,0.12721936059393973
花菜类,2021-09-07,2.449,17.32,3.403,23.171999999999997,0.105687899188676,0.7474538235801831,0.14685827723114106
花菜类,2021-09-08,2.742,9.029,3.412,15.183,0.18059672001580715,0.5946782585786735,0.22472502140551934
花菜类,2021-09-09,0.964,12.923,0.368,14.255,0.06762539459838653,0.9065591020694492,0.02581550333216415
花菜类,2021-09-10,4.148,17.903,2.6,24.651,0.16826903573891525,0.7262585696320636,0.10547239462902114
花菜类,2021-09-11,18.06,,,18.06,1.0,,
花菜类,2021-09-12,32.063,,,32.063,1.0,,
花菜类,2021-09-13,11.356,,,11.356,1.0,,
花菜类,2021-09-14,10.777000000000001,,,10.777000000000001,1.0,,
花菜类,2021-09-15,12.702,,,12.702,1.0,,
花菜类,2021-09-16,9.283,,,9.283,1.0,,
花菜类,2021-09-17,13.163,,,13.163,1.0,,
花菜类,2021-09-18,21.562,9.901,3.862,35.325,0.6103892427459306,0.2802830856334041,0.10932767162066524
花菜类,2021-09-19,51.647,,,51.647,1.0,,
花菜类,2021-09-20,70.426,,,70.426,1.0,,
花菜类,2021-09-21,56.3,,,56.3,1.0,,
花菜类,2021-09-22,39.227000000000004,,,39.227000000000004,1.0,,
花菜类,2021-09-23,27.567,,,27.567,1.0,,
花菜类,2021-09-24,8.431000000000001,,,8.431000000000001,1.0,,
花菜类,2021-09-25,48.621,,,48.621,1.0,,
花菜类,2021-09-26,2.299,,,2.299,1.0,,
花菜类,2021-09-27,4.863,,,4.863,1.0,,
花菜类,2021-09-28,12.669,,,12.669,1.0,,
花菜类,2021-09-29,23.336,,,23.336,1.0,,
花菜类,2021-09-30,34.511,,,34.511,1.0,,
花菜类,2021-10-01,40.043,17.359,,57.402,0.6975889341834779,0.3024110658165221,
花菜类,2021-10-02,30.18,10.563,,40.743,0.7407407407407407,0.25925925925925924,
花菜类,2021-10-03,29.114,12.879,,41.993,0.6933060271950087,0.3066939728049913,
花菜类,2021-10-04,40.928,,,40.928,1.0,,
花菜类,2021-10-05,51.957,,,51.957,1.0,,
花菜类,2021-10-06,42.165,,,42.165,1.0,,
花菜类,2021-10-07,23.278,,,23.278,1.0,,
花菜类,2021-10-08,19.823,,,19.823,1.0,,
花菜类,2021-10-09,22.221999999999998,,,22.221999999999998,1.0,,
花菜类,2021-10-10,40.973,,0.904,41.877,0.9784129713207727,,0.02158702867922726
花菜类,2021-10-11,,4.407,,4.407,,1.0,
花菜类,2021-10-12,13.305,5.322,,18.627,0.7142857142857143,0.28571428571428575,
花菜类,2021-10-13,10.991,5.537,,16.528,0.6649927395934173,0.3350072604065828,
花菜类,2021-10-14,10.038,4.814,,14.852,0.6758685698895772,0.32413143011042284,
花菜类,2021-10-15,17.572,6.125,0.294,23.991,0.732441332166229,0.25530407236046854,0.012254595473302488
花菜类,2021-10-16,27.418,7.15,1.712,36.28,0.7557331863285557,0.19707828004410144,0.047188533627342884
花菜类,2021-10-17,21.384,5.4110000000000005,,26.795,0.7980593394289979,0.20194066057100205,
花菜类,2021-10-18,20.605999999999998,,,20.605999999999998,1.0,,
花菜类,2021-10-19,16.958,,,16.958,1.0,,
花菜类,2021-10-20,25.154,,,25.154,1.0,,
花菜类,2021-10-21,11.947,,,11.947,1.0,,
花菜类,2021-10-22,16.412,,,16.412,1.0,,
花菜类,2021-10-23,18.086,,,18.086,1.0,,
花菜类,2021-10-24,9.108,,,9.108,1.0,,
花菜类,2021-10-25,8.749,,,8.749,1.0,,
花菜类,2021-10-26,12.041,,,12.041,1.0,,
花菜类,2021-10-27,15.305,,,15.305,1.0,,
花菜类,2021-10-28,6.449,,,6.449,1.0,,
花菜类,2021-10-29,13.574,,,13.574,1.0,,
花菜类,2021-10-30,17.279,,,17.279,1.0,,
花菜类,2021-10-31,28.424,,,28.424,1.0,,
花菜类,2021-11-01,26.24,,,26.24,1.0,,
花菜类,2021-11-02,25.844,,,25.844,1.0,,
花菜类,2021-11-03,27.868,,,27.868,1.0,,
花菜类,2021-11-04,23.879,,,23.879,1.0,,
花菜类,2021-11-05,37.479,,,37.479,1.0,,
花菜类,2021-11-06,2.157,25.906000000000002,,28.063000000000002,0.07686277304635997,0.92313722695364,
花菜类,2021-11-07,5.343,30.294999999999998,,35.638,0.14992423817273698,0.8500757618272631,
花菜类,2021-11-08,5.928,20.019,2.349,28.296,0.20949957591178966,0.7074851569126378,0.08301526717557253
花菜类,2021-11-09,4.046,20.217,3.67,27.933,0.14484659721476392,0.7237675867253786,0.13138581605985752
花菜类,2021-11-10,2.033,18.138,7.485,27.656000000000002,0.07351026901938096,0.6558432166618455,0.2706465143187735
花菜类,2021-11-11,13.156,,,13.156,1.0,,
花菜类,2021-11-12,18.935,,,18.935,1.0,,
花菜类,2021-11-13,20.049,,,20.049,1.0,,
花菜类,2021-11-14,30.582,,,30.582,1.0,,
花菜类,2021-11-15,12.677,,,12.677,1.0,,
花菜类,2021-11-16,12.525,,,12.525,1.0,,
花菜类,2021-11-17,15.791,,,15.791,1.0,,
花菜类,2021-11-18,6.018,,,6.018,1.0,,
花菜类,2021-11-19,8.768,,,8.768,1.0,,
花菜类,2021-11-20,14.406,,,14.406,1.0,,
花菜类,2021-11-21,19.739,,,19.739,1.0,,
花菜类,2021-11-22,9.756,,,9.756,1.0,,
花菜类,2021-11-23,9.495,,,9.495,1.0,,
花菜类,2021-11-24,12.559,,,12.559,1.0,,
花菜类,2021-11-25,10.217,,,10.217,1.0,,
花菜类,2021-11-26,17.511,,,17.511,1.0,,
花菜类,2021-11-27,23.115,,,23.115,1.0,,
花菜类,2021-11-28,21.817,,,21.817,1.0,,
花菜类,2021-11-29,9.182,,,9.182,1.0,,
花菜类,2021-11-30,25.737,,,25.737,1.0,,
花菜类,2021-12-01,18.93,,,18.93,1.0,,
花菜类,2021-12-02,18.262999999999998,,,18.262999999999998,1.0,,
花菜类,2021-12-03,20.739,,,20.739,1.0,,
花菜类,2021-12-04,22.865000000000002,,,22.865000000000002,1.0,,
花菜类,2021-12-05,25.795,,,25.795,1.0,,
花菜类,2021-12-06,14.424,,,14.424,1.0,,
花菜类,2021-12-07,16.639,,,16.639,1.0,,
花菜类,2021-12-08,15.059000000000001,,,15.059000000000001,1.0,,
花菜类,2021-12-09,12.175,,,12.175,1.0,,
花菜类,2021-12-10,14.231,,,14.231,1.0,,
花菜类,2021-12-11,30.45,,,30.45,1.0,,
花菜类,2021-12-12,15.656,,,15.656,1.0,,
花菜类,2021-12-13,27.925,,,27.925,1.0,,
花菜类,2021-12-14,13.141,,,13.141,1.0,,
花菜类,2021-12-15,18.179,,,18.179,1.0,,
花菜类,2021-12-16,25.768,,,25.768,1.0,,
花菜类,2021-12-17,34.299,,,34.299,1.0,,
花菜类,2021-12-18,42.242,,,42.242,1.0,,
花菜类,2021-12-19,51.133,,,51.133,1.0,,
花菜类,2021-12-20,25.78,,,25.78,1.0,,
花菜类,2021-12-21,18.202,,,18.202,1.0,,
花菜类,2021-12-22,14.458,,,14.458,1.0,,
花菜类,2021-12-23,24.073,,,24.073,1.0,,
花菜类,2021-12-24,30.134999999999998,,,30.134999999999998,1.0,,
花菜类,2021-12-25,33.162,,,33.162,1.0,,
花菜类,2021-12-26,28.498,,,28.498,1.0,,
花菜类,2021-12-27,15.213,,,15.213,1.0,,
花菜类,2021-12-28,24.145,,,24.145,1.0,,
花菜类,2021-12-29,24.749,,,24.749,1.0,,
花菜类,2021-12-30,17.651,,,17.651,1.0,,
花菜类,2021-12-31,69.793,,,69.793,1.0,,
花菜类,2022-01-01,38.272,,,38.272,1.0,,
花菜类,2022-01-02,26.605,,,26.605,1.0,,
花菜类,2022-01-03,38.027,,,38.027,1.0,,
花菜类,2022-01-04,45.257,,,45.257,1.0,,
花菜类,2022-01-05,39.688,,,39.688,1.0,,
花菜类,2022-01-06,35.897,,,35.897,1.0,,
花菜类,2022-01-07,31.834,,,31.834,1.0,,
花菜类,2022-01-08,43.284,,,43.284,1.0,,
花菜类,2022-01-09,114.262,,,114.262,1.0,,
花菜类,2022-01-10,35.175,,,35.175,1.0,,
花菜类,2022-01-11,54.466,,,54.466,1.0,,
花菜类,2022-01-12,35.007,,,35.007,1.0,,
花菜类,2022-01-13,21.816,,,21.816,1.0,,
花菜类,2022-01-14,23.405,,,23.405,1.0,,
花菜类,2022-01-15,37.538,,,37.538,1.0,,
花菜类,2022-01-16,58.007,,,58.007,1.0,,
花菜类,2022-01-17,11.754999999999999,,,11.754999999999999,1.0,,
花菜类,2022-01-18,9.211,,,9.211,1.0,,
花菜类,2022-01-19,16.223,,,16.223,1.0,,
花菜类,2022-01-20,32.318,,,32.318,1.0,,
花菜类,2022-01-21,32.031,,,32.031,1.0,,
花菜类,2022-01-22,64.541,,,64.541,1.0,,
花菜类,2022-01-23,74.249,,,74.249,1.0,,
花菜类,2022-01-24,22.147,,,22.147,1.0,,
花菜类,2022-01-25,48.877,,,48.877,1.0,,
花菜类,2022-01-26,32.217,,,32.217,1.0,,
花菜类,2022-01-27,58.027,,,58.027,1.0,,
花菜类,2022-01-28,85.253,,,85.253,1.0,,
花菜类,2022-01-29,90.907,,,90.907,1.0,,
花菜类,2022-01-30,102.128,,,102.128,1.0,,
花菜类,2022-02-01,13.968,,,13.968,1.0,,
花菜类,2022-02-02,38.729,,,38.729,1.0,,
花菜类,2022-02-03,26.229,,,26.229,1.0,,
花菜类,2022-02-04,48.036,,,48.036,1.0,,
花菜类,2022-02-05,45.665,,,45.665,1.0,,
花菜类,2022-02-06,52.784,,,52.784,1.0,,
花菜类,2022-02-07,43.144,,,43.144,1.0,,
花菜类,2022-02-08,44.616,,,44.616,1.0,,
花菜类,2022-02-09,25.255,,,25.255,1.0,,
花菜类,2022-02-10,23.057,,,23.057,1.0,,
花菜类,2022-02-11,24.982,,,24.982,1.0,,
花菜类,2022-02-12,35.481,,,35.481,1.0,,
花菜类,2022-02-13,37.882,,,37.882,1.0,,
花菜类,2022-02-14,35.754,,,35.754,1.0,,
花菜类,2022-02-15,30.547,,,30.547,1.0,,
花菜类,2022-02-16,21.875,,,21.875,1.0,,
花菜类,2022-02-17,20.645,,,20.645,1.0,,
花菜类,2022-02-18,24.401,,,24.401,1.0,,
花菜类,2022-02-19,49.665,,,49.665,1.0,,
花菜类,2022-02-20,36.386,,,36.386,1.0,,
花菜类,2022-02-21,28.045,,,28.045,1.0,,
花菜类,2022-02-22,21.47,,,21.47,1.0,,
花菜类,2022-02-23,28.796,,,28.796,1.0,,
花菜类,2022-02-24,34.624,,,34.624,1.0,,
花菜类,2022-02-25,25.668,,,25.668,1.0,,
花菜类,2022-02-26,29.244,,,29.244,1.0,,
花菜类,2022-02-27,34.072,,,34.072,1.0,,
花菜类,2022-02-28,22.582,,,22.582,1.0,,
花菜类,2022-03-01,22.944,,,22.944,1.0,,
花菜类,2022-03-02,18.905,,,18.905,1.0,,
花菜类,2022-03-03,21.88,,,21.88,1.0,,
花菜类,2022-03-04,20.119,,,20.119,1.0,,
花菜类,2022-03-05,29.269,,,29.269,1.0,,
花菜类,2022-03-06,31.384,,,31.384,1.0,,
花菜类,2022-03-07,0.632,,,0.632,1.0,,
花菜类,2022-03-08,2.088,7.912,4.9510000000000005,14.951,0.13965621028693734,0.5291953715470537,0.331148418166009
花菜类,2022-03-09,1.024,10.835,3.225,15.084000000000001,0.06788650225404401,0.7183107928931318,0.21380270485282418
花菜类,2022-03-10,2.189,9.349,5.433,16.971,0.12898473867185198,0.5508809145012079,0.3201343468269401
花菜类,2022-03-11,3.2479999999999998,14.475999999999999,1.4969999999999999,19.221,0.16898184277613026,0.7531345923729253,0.07788356485094428
花菜类,2022-03-12,3.1109999999999998,19.86,4.558,27.529,0.11300810054851247,0.7214210468960006,0.16557085255548692
花菜类,2022-03-13,3.223,21.648,5.522,30.393,0.10604415490408975,0.7122692725298588,0.1816865725660514
花菜类,2022-03-14,9.127,,,9.127,1.0,,
花菜类,2022-03-15,7.721,,,7.721,1.0,,
花菜类,2022-03-16,11.876999999999999,,,11.876999999999999,1.0,,
花菜类,2022-03-17,12.813,,,12.813,1.0,,
花菜类,2022-03-18,14.473,,,14.473,1.0,,
花菜类,2022-03-19,24.298000000000002,,,24.298000000000002,1.0,,
花菜类,2022-03-20,16.749,,,16.749,1.0,,
花菜类,2022-03-21,13.613,,,13.613,1.0,,
花菜类,2022-03-22,16.239,,,16.239,1.0,,
花菜类,2022-03-23,7.625,,,7.625,1.0,,
花菜类,2022-03-24,7.711,,,7.711,1.0,,
花菜类,2022-03-25,14.528,,,14.528,1.0,,
花菜类,2022-03-26,16.707,,,16.707,1.0,,
花菜类,2022-03-27,11.68,,,11.68,1.0,,
花菜类,2022-03-28,2.089,,,2.089,1.0,,
花菜类,2022-03-30,3.1020000000000003,22.328,4.87,30.3,0.10237623762376238,0.7368976897689768,0.16072607260726074
花菜类,2022-03-31,1.787,20.308,3.002,25.096999999999998,0.07120372952942583,0.8091803801251146,0.11961589034545962
花菜类,2022-04-01,5.261,15.722,5.32,26.303,0.20001520739079193,0.5977264950766072,0.20225829753260086
花菜类,2022-04-02,4.047,16.742,5.374,26.163,0.15468409586056645,0.6399113251538432,0.20540457898559034
花菜类,2022-04-03,2.1189999999999998,11.096,3.223,16.438,0.12890862635357098,0.6750212921279961,0.19607008151843291
花菜类,2022-04-04,22.224,,,22.224,1.0,,
花菜类,2022-04-05,21.248,,,21.248,1.0,,
花菜类,2022-04-06,17.497,,,17.497,1.0,,
花菜类,2022-04-07,10.494,,,10.494,1.0,,
花菜类,2022-04-08,10.629,,,10.629,1.0,,
花菜类,2022-04-09,15.591,,,15.591,1.0,,
花菜类,2022-04-10,7.757000000000001,,,7.757000000000001,1.0,,
花菜类,2022-04-11,6.383,,,6.383,1.0,,
花菜类,2022-04-12,6.375,,,6.375,1.0,,
花菜类,2022-04-13,9.797,,,9.797,1.0,,
花菜类,2022-04-14,6.047,,,6.047,1.0,,
花菜类,2022-04-15,10.73,,,10.73,1.0,,
花菜类,2022-04-16,12.666,,,12.666,1.0,,
花菜类,2022-04-17,20.254,,,20.254,1.0,,
花菜类,2022-04-18,12.087,,,12.087,1.0,,
花菜类,2022-04-19,7.869,,,7.869,1.0,,
花菜类,2022-04-20,11.413,,,11.413,1.0,,
花菜类,2022-04-21,8.548,,,8.548,1.0,,
花菜类,2022-04-22,18.726,,,18.726,1.0,,
花菜类,2022-04-23,19.648,,,19.648,1.0,,
花菜类,2022-04-24,15.603,,,15.603,1.0,,
花菜类,2022-04-25,16.833,,,16.833,1.0,,
花菜类,2022-04-26,9.969,,,9.969,1.0,,
花菜类,2022-04-27,9.138,,,9.138,1.0,,
花菜类,2022-04-28,11.202,,,11.202,1.0,,
花菜类,2022-04-29,21.479,,,21.479,1.0,,
花菜类,2022-04-30,28.319,,,28.319,1.0,,
花菜类,2022-05-01,23.295,,,23.295,1.0,,
花菜类,2022-05-02,1.335,8.615,3.784,13.733999999999998,0.09720401922236786,0.6272753749817971,0.27552060579583515
花菜类,2022-05-03,27.601,,,27.601,1.0,,
花菜类,2022-05-04,3.319,15.843,7.02,26.182,0.12676648078832786,0.6051103811779085,0.26812313803376364
花菜类,2022-05-05,1.19,14.217,3.383,18.79,0.0633315593400745,0.7566258648217138,0.18004257583821182
花菜类,2022-05-06,3.438,9.736,7.314,20.488,0.16780554470909803,0.47520499804763766,0.35698945724326436
花菜类,2022-05-07,23.375,,,23.375,1.0,,
花菜类,2022-05-08,42.607,,,42.607,1.0,,
花菜类,2022-05-09,29.087,,,29.087,1.0,,
花菜类,2022-05-10,22.638,,,22.638,1.0,,
花菜类,2022-05-11,19.261,,,19.261,1.0,,
花菜类,2022-05-12,24.59,,,24.59,1.0,,
花菜类,2022-05-13,21.993,,,21.993,1.0,,
花菜类,2022-05-14,48.521,,,48.521,1.0,,
花菜类,2022-05-15,43.781,,,43.781,1.0,,
花菜类,2022-05-16,23.633,,,23.633,1.0,,
花菜类,2022-05-17,15.163,,,15.163,1.0,,
花菜类,2022-05-18,20.24,,,20.24,1.0,,
花菜类,2022-05-19,17.603,,,17.603,1.0,,
花菜类,2022-05-20,13.908,,,13.908,1.0,,
花菜类,2022-05-21,26.494,,,26.494,1.0,,
花菜类,2022-05-22,23.847,,,23.847,1.0,,
花菜类,2022-05-23,15.361,,,15.361,1.0,,
花菜类,2022-05-24,27.64,,,27.64,1.0,,
花菜类,2022-05-25,19.562,,,19.562,1.0,,
花菜类,2022-05-26,25.011,,,25.011,1.0,,
花菜类,2022-05-27,18.568,,,18.568,1.0,,
花菜类,2022-05-28,35.114,,,35.114,1.0,,
花菜类,2022-05-29,42.403,,,42.403,1.0,,
花菜类,2022-05-30,24.336,,,24.336,1.0,,
花菜类,2022-05-31,15.854,,,15.854,1.0,,
花菜类,2022-06-01,22.234,,,22.234,1.0,,
花菜类,2022-06-02,20.605,,,20.605,1.0,,
花菜类,2022-06-03,29.489,,,29.489,1.0,,
花菜类,2022-06-04,13.898,,,13.898,1.0,,
花菜类,2022-06-05,21.97,,,21.97,1.0,,
花菜类,2022-06-06,23.309,,,23.309,1.0,,
花菜类,2022-06-07,20.909,,,20.909,1.0,,
花菜类,2022-06-08,17.046,,,17.046,1.0,,
花菜类,2022-06-09,21.532,,,21.532,1.0,,
花菜类,2022-06-10,13.058,,,13.058,1.0,,
花菜类,2022-06-11,34.691,,,34.691,1.0,,
花菜类,2022-06-12,29.698,,,29.698,1.0,,
花菜类,2022-06-13,23.638,,,23.638,1.0,,
花菜类,2022-06-14,23.587,,,23.587,1.0,,
花菜类,2022-06-15,18.931,,,18.931,1.0,,
花菜类,2022-06-16,18.079,,,18.079,1.0,,
花菜类,2022-06-17,27.301,,,27.301,1.0,,
花菜类,2022-06-18,29.834,,,29.834,1.0,,
花菜类,2022-06-19,31.956,,,31.956,1.0,,
花菜类,2022-06-20,26.02,,,26.02,1.0,,
花菜类,2022-06-21,22.014,,,22.014,1.0,,
花菜类,2022-06-22,23.449,,,23.449,1.0,,
花菜类,2022-06-23,14.583,,,14.583,1.0,,
花菜类,2022-06-24,17.64,,,17.64,1.0,,
花菜类,2022-06-25,22.426,,,22.426,1.0,,
花菜类,2022-06-26,36.32,,,36.32,1.0,,
花菜类,2022-06-27,21.772000000000002,,,21.772000000000002,1.0,,
花菜类,2022-06-28,23.307,,,23.307,1.0,,
花菜类,2022-06-29,31.82,,8.604,40.424,0.787156144864437,,0.212843855135563
花菜类,2022-06-30,42.053,,5.475,47.528,0.8848047466756438,,0.11519525332435616
花菜类,2022-07-01,28.213,,0.684,28.897000000000002,0.976329722808596,,0.02367027719140395
花菜类,2022-07-02,51.302,,4.549,55.851,0.9185511450108323,,0.08144885498916761
花菜类,2022-07-03,48.366,,,48.366,1.0,,
花菜类,2022-07-04,27.955000000000002,,,27.955000000000002,1.0,,
花菜类,2022-07-05,42.64,,,42.64,1.0,,
花菜类,2022-07-06,29.201,,1.9849999999999999,31.186,0.9363496440710576,,0.06365035592894247
花菜类,2022-07-07,50.962,,,50.962,1.0,,
花菜类,2022-07-08,47.678,,0.678,48.355999999999995,0.9859789891637026,,0.014021010836297462
花菜类,2022-07-09,44.535000000000004,,,44.535000000000004,1.0,,
花菜类,2022-07-10,66.917,,0.54,67.45700000000001,0.9919949004551046,,0.008005099544895266
花菜类,2022-07-11,24.264,,,24.264,1.0,,
花菜类,2022-07-12,56.26,,8.318999999999999,64.579,0.8711810340822869,,0.1288189659177132
花菜类,2022-07-13,44.4,,2.035,46.435,0.9561752988047808,,0.043824701195219126
花菜类,2022-07-14,34.033,,,34.033,1.0,,
花菜类,2022-07-15,30.18,,,30.18,1.0,,
花菜类,2022-07-16,59.714,,,59.714,1.0,,
花菜类,2022-07-17,53.705,,,53.705,1.0,,
花菜类,2022-07-18,43.19,,,43.19,1.0,,
花菜类,2022-07-19,33.363,,,33.363,1.0,,
花菜类,2022-07-20,43.777,,,43.777,1.0,,
花菜类,2022-07-21,38.147,,,38.147,1.0,,
花菜类,2022-07-22,33.655,,,33.655,1.0,,
花菜类,2022-07-23,45.47,,,45.47,1.0,,
花菜类,2022-07-24,45.96,,,45.96,1.0,,
花菜类,2022-07-25,78.159,,1.4060000000000001,79.56500000000001,0.9823289134669766,,0.017671086533023312
花菜类,2022-07-26,74.221,,,74.221,1.0,,
花菜类,2022-07-27,67.503,,,67.503,1.0,,
花菜类,2022-07-28,60.76,,,60.76,1.0,,
花菜类,2022-07-29,56.633,,7.592,64.22500000000001,0.8817905799922148,,0.11820942000778512
花菜类,2022-07-30,57.917,0.472,3.484,61.873000000000005,0.9360625798005592,0.007628529407011135,0.05630889079242965
花菜类,2022-07-31,48.748,0.459,,49.207,0.9906720588534151,0.009327941146584836,
花菜类,2022-08-01,80.636,1.646,,82.282,0.9799956248025085,0.020004375197491552,
花菜类,2022-08-02,79.66,,0.833,80.493,0.9896512740238281,,0.010348725976171841
花菜类,2022-08-03,64.038,,4.398,68.43599999999999,0.9357355777660881,,0.06426442223391197
花菜类,2022-08-04,61.589,1.3760000000000001,2.189,65.154,0.9452834822113761,0.021119194523743747,0.03359732326488013
花菜类,2022-08-05,64.146,0.924,7.729,72.799,0.8811384771768842,0.012692482039588456,0.10616904078352724
花菜类,2022-08-06,84.365,0.411,11.303,96.079,0.8780794970805275,0.004277729784864539,0.117642773134608
花菜类,2022-08-07,76.558,2.969,7.455,86.982,0.8801591133797798,0.034133498884826745,0.08570738773539353
花菜类,2022-08-08,71.07000000000001,0.663,4.9559999999999995,76.68900000000001,0.9267300395102296,0.008645307671243593,0.06462465281852676
花菜类,2022-08-09,71.672,,3.6310000000000002,75.303,0.9517814695297664,,0.0482185304702336
花菜类,2022-08-10,69.171,,1.815,70.986,0.9744315780576452,,0.025568421942354827
花菜类,2022-08-11,70.278,,2.751,73.02900000000001,0.9623300332744525,,0.03766996672554738
花菜类,2022-08-12,74.91,,,74.91,1.0,,
花菜类,2022-08-13,90.519,0.514,11.563,102.596,0.8822858590978206,0.005009941908066591,0.11270419899411284
花菜类,2022-08-14,115.096,,5.811,120.90700000000001,0.9519382666016029,,0.04806173339839711
花菜类,2022-08-15,78.549,,6.849,85.39800000000001,0.9197990585259608,,0.0802009414740392
花菜类,2022-08-16,81.22,,,81.22,1.0,,
花菜类,2022-08-17,82.876,0.4,4.396,87.67200000000001,0.9452961036590929,0.004562460078474313,0.0501414362624327
花菜类,2022-08-18,120.55,0.753,0.422,121.725,0.9903470938591087,0.00618607516943931,0.0034668309714520435
花菜类,2022-08-19,186.155,,,186.155,1.0,,
花菜类,2022-08-20,123.124,,,123.124,1.0,,
花菜类,2022-08-21,82.198,,,82.198,1.0,,
花菜类,2022-08-22,45.204,,,45.204,1.0,,
花菜类,2022-08-23,43.039,,,43.039,1.0,,
花菜类,2022-08-24,43.512,,3.4480000000000004,46.96,0.9265758091993186,,0.07342419080068144
花菜类,2022-08-25,63.776,,,63.776,1.0,,
花菜类,2022-08-26,45.894,,2.192,48.086,0.9544150064467828,,0.04558499355321716
花菜类,2022-08-27,57.998,,,57.998,1.0,,
花菜类,2022-08-28,88.504,,,88.504,1.0,,
花菜类,2022-08-29,45.407000000000004,,0.331,45.73800000000001,0.9927631291267655,,0.007236870873234509
花菜类,2022-08-30,66.738,,,66.738,1.0,,
花菜类,2022-08-31,35.261,,,35.261,1.0,,
花菜类,2022-09-01,47.503,,,47.503,1.0,,
花菜类,2022-09-02,42.416000000000004,,,42.416000000000004,1.0,,
花菜类,2022-09-03,50.065,,3.561,53.626,0.9335956439040763,,0.06640435609592363
花菜类,2022-09-04,58.367,,4.1770000000000005,62.544,0.9332150166282936,,0.06678498337170632
花菜类,2022-09-05,50.342,0.774,2.0420000000000003,53.158,0.9470258474735693,0.014560367207193649,0.038413785319237
花菜类,2022-09-06,33.115,,6.024,39.139,0.8460870231738163,,0.1539129768261836
花菜类,2022-09-07,36.812,,3.1950000000000003,40.007,0.9201389756792561,,0.07986102432074388
花菜类,2022-09-08,41.84,,1.053,42.893,0.9754505397151051,,0.02454946028489497
花菜类,2022-09-09,67.57,,,67.57,1.0,,
花菜类,2022-09-10,72.293,,,72.293,1.0,,
花菜类,2022-09-11,57.265,,5.969,63.234,0.9056045798146567,,0.09439542018534333
花菜类,2022-09-12,66.044,0.33,5.2139999999999995,71.588,0.9225568531038721,0.004609711124769515,0.07283343577135833
花菜类,2022-09-13,43.064,1.275,2.787,47.126,0.9138055425879558,0.027055128803632814,0.05913932860841149
花菜类,2022-09-14,33.92,0.709,7.212,41.84100000000001,0.810688081068808,0.016945101694510165,0.17236681723668168
花菜类,2022-09-15,21.549,0.602,5.28,27.431,0.7855710692282454,0.02194597353359338,0.1924829572381612
花菜类,2022-09-16,37.213,,4.07,41.283,0.9014122035704769,,0.09858779642952305
花菜类,2022-09-17,62.577,2.9379999999999997,4.098,69.613,0.8989269245686868,0.0422047606050594,0.058868314826253716
花菜类,2022-09-18,57.716,,,57.716,1.0,,
花菜类,2022-09-19,37.255,0.94,0.62,38.815,0.9598093520546181,0.024217441710678862,0.01597320623470308
花菜类,2022-09-20,38.15,1.688,2.459,42.297000000000004,0.9019552214105018,0.03990826772584344,0.05813651086365463
花菜类,2022-09-21,32.068,,,32.068,1.0,,
花菜类,2022-09-22,48.117,0.426,1.845,50.388,0.9549297451774231,0.008454393903310311,0.03661586091926649
花菜类,2022-09-23,52.59,3.255,9.158,65.003,0.8090395827884868,0.050074611940987335,0.14088580527052597
花菜类,2022-09-24,68.758,,6.985,75.743,0.9077802569214317,,0.09221974307856833
花菜类,2022-09-25,49.526,1.834,3.964,55.324000000000005,0.8951991902248572,0.033150169908177284,0.0716506398669655
花菜类,2022-09-26,27.747,0.426,2.5869999999999997,30.759999999999998,0.9020481144343303,0.013849154746423929,0.08410273081924577
花菜类,2022-09-27,21.114,4.454,3.821,29.389000000000003,0.7184320664194086,0.15155330225594607,0.13001463132464527
花菜类,2022-09-28,31.205,0.306,1.1139999999999999,32.625,0.9564750957854405,0.009379310344827587,0.034145593869731795
花菜类,2022-09-29,24.432,1.965,5.48,31.877,0.7664460269159582,0.0616431910154657,0.1719107820685761
花菜类,2022-09-30,38.331,0.9390000000000001,14.06,53.330000000000005,0.7187511719482468,0.01760735045940371,0.2636414775923495
花菜类,2022-10-01,64.375,1.1680000000000001,11.256,76.799,0.8382270602481803,0.015208531361085431,0.14656440839073426
花菜类,2022-10-02,51.346,1.7469999999999999,8.776,61.869,0.8299148200229517,0.028237081575587127,0.14184809840146115
花菜类,2022-10-03,42.28,4.5089999999999995,12.372,59.161,0.7146599956052129,0.07621575024086813,0.20912425415391897
花菜类,2022-10-04,46.275999999999996,0.535,3.058,49.86899999999999,0.9279512322284386,0.0107281076420221,0.0613206601295394
花菜类,2022-10-05,39.917,,0.852,40.769,0.9791017685005765,,0.020898231499423582
花菜类,2022-10-06,71.588,,,71.588,1.0,,
花菜类,2022-10-07,84.51,,3.308,87.81800000000001,0.9623311849506934,,0.03766881504930651
花菜类,2022-10-08,35.03,,2.784,37.814,0.9263764743216798,,0.07362352567832019
花菜类,2022-10-09,41.606,4.421,7.031,53.058,0.7841607297674243,0.08332390968374233,0.13251536054883334
花菜类,2022-10-10,41.859,,5.186999999999999,47.046,0.8897462058410918,,0.11025379415890829
花菜类,2022-10-11,25.248,0.546,3.866,29.66,0.8512474713418746,0.018408631153068105,0.13034389750505732
花菜类,2022-10-12,25.269000000000002,2.075,1.965,29.309,0.8621583813845577,0.0707973659967928,0.06704425261864956
花菜类,2022-10-13,27.996,2.609,,30.604999999999997,0.9147524914229701,0.08524750857702991,
花菜类,2022-10-14,9.171,,2.424,11.594999999999999,0.7909443725743855,,0.2090556274256145
花菜类,2022-10-15,56.751,0.524,3.69,60.964999999999996,0.9308783728368736,0.008595095546625114,0.060526531616501275
花菜类,2022-10-16,53.177,,9.563,62.74,0.8475773031558814,,0.15242269684411858
花菜类,2022-10-17,29.683,0.753,4.825,35.261,0.841808230055869,0.021355038144125236,0.13683673180000566
花菜类,2022-10-18,47.305,3.274,5.58,56.159,0.8423404975159814,0.05829875888103421,0.09936074360298439
花菜类,2022-10-19,27.877,0.666,4.52,33.063,0.8431479297099476,0.02014336267126395,0.13670870761878834
花菜类,2022-10-20,30.363,,,30.363,1.0,,
花菜类,2022-10-21,95.213,,,95.213,1.0,,
花菜类,2022-10-22,56.496,,,56.496,1.0,,
花菜类,2022-10-23,38.66,0.284,,38.943999999999996,0.9927074774034511,0.007292522596548891,
花菜类,2022-10-24,23.031,0.459,6.879,30.369,0.7583720241035266,0.015114096611676382,0.226513879284797
花菜类,2022-10-25,33.984,0.251,2.271,36.506,0.9309154659508027,0.0068755820960937925,0.062208951953103594
花菜类,2022-10-26,29.875,0.644,7.633,38.152,0.7830520025162507,0.01687984902495282,0.2000681484587964
花菜类,2022-10-27,21.197,2.773,7.691,31.660999999999998,0.6694987524083257,0.08758409399576768,0.24291715359590665
花菜类,2022-10-28,37.551,1.9540000000000002,1.35,40.855000000000004,0.9191286256272182,0.047827683270101576,0.03304369110268021
花菜类,2022-10-29,64.488,,,64.488,1.0,,
花菜类,2022-10-30,76.791,,,76.791,1.0,,
花菜类,2022-10-31,47.777,,,47.777,1.0,,
花菜类,2022-11-01,37.849000000000004,,1.754,39.603,0.9557104259778301,,0.044289574022170035
花菜类,2022-11-03,63.801,,,63.801,1.0,,
花菜类,2022-11-05,70.758,,2.779,73.53699999999999,0.9622094999796021,,0.037790500020397896
花菜类,2022-11-06,75.888,,,75.888,1.0,,
花菜类,2022-11-07,47.225,,,47.225,1.0,,
花菜类,2022-11-08,41.117,,,41.117,1.0,,
花菜类,2022-11-09,29.55,,5.67,35.22,0.8390119250425895,,0.16098807495741058
花菜类,2022-11-10,31.734,1.533,6.489,39.756,0.798219136734078,0.03856021732568669,0.16322064594023544
花菜类,2022-11-11,44.014,,1.029,45.043000000000006,0.9771551628443931,,0.02284483715560686
花菜类,2022-11-12,52.402,0.9239999999999999,3.129,56.455,0.9282083075015499,0.016367017978921265,0.05542467451952883
花菜类,2022-11-13,50.219,0.42,,50.639,0.9917059973538181,0.008294002646181796,
花菜类,2022-11-14,36.875,0.336,1.092,38.303,0.9627183249353837,0.00877215883873326,0.028509516225883096
花菜类,2022-11-15,37.495,0.714,0.735,38.943999999999996,0.9627927280197207,0.018334018077239115,0.018873253903040264
花菜类,2022-11-16,17.937,0.378,0.399,18.714000000000002,0.958480282141712,0.02019878166078871,0.021320936197499196
花菜类,2022-11-17,38.752,,,38.752,1.0,,
花菜类,2022-11-18,68.424,,,68.424,1.0,,
花菜类,2022-11-19,122.879,,,122.879,1.0,,
花菜类,2022-11-20,97.969,,,97.969,1.0,,
花菜类,2022-11-21,131.309,,0.903,132.212,0.9931700602063354,,0.006829939793664721
花菜类,2022-11-22,36.972,,,36.972,1.0,,
花菜类,2022-11-23,31.84,,,31.84,1.0,,
花菜类,2022-11-24,31.131,,,31.131,1.0,,
花菜类,2022-11-25,46.435,,,46.435,1.0,,
花菜类,2022-11-26,47.408,,,47.408,1.0,,
花菜类,2022-11-27,3.192,,,3.192,1.0,,
花菜类,2022-11-28,10.708,,,10.708,1.0,,
花菜类,2022-11-29,7.624,,,7.624,1.0,,
花菜类,2022-12-04,24.722,,,24.722,1.0,,
花菜类,2022-12-05,30.282,,,30.282,1.0,,
花菜类,2022-12-06,33.994,2.079,2.478,38.551,0.8817929495992322,0.05392856216440559,0.06427848823636223
花菜类,2022-12-07,24.04,0.966,0.63,25.636,0.9377437977843658,0.03768138555156811,0.02457481666406616
花菜类,2022-12-08,45.265,1.092,,46.357,0.9764436870375564,0.023556312962443645,
花菜类,2022-12-09,35.891,2.121,3.318,41.33,0.8684006774739899,0.05131865473022018,0.08028066779578999
花菜类,2022-12-10,55.053,,,55.053,1.0,,
花菜类,2022-12-11,61.213,,1.323,62.536,0.9788441857490086,,0.021155814250991428
花菜类,2022-12-12,21.754,2.583,3.486,27.823000000000004,0.7818711138266901,0.09283686158933256,0.12529202458397729
花菜类,2022-12-13,35.524,0.336,2.016,37.876,0.9379026296335411,0.00887105290949414,0.053226317456964836
花菜类,2022-12-14,40.701,,,40.701,1.0,,
花菜类,2022-12-15,44.891,,,44.891,1.0,,
花菜类,2022-12-16,28.131,,,28.131,1.0,,
花菜类,2022-12-17,43.945,,,43.945,1.0,,
花菜类,2022-12-18,68.962,,,68.962,1.0,,
花菜类,2022-12-19,47.456,,,47.456,1.0,,
花菜类,2022-12-20,45.501,,,45.501,1.0,,
花菜类,2022-12-21,72.494,1.806,2.058,76.358,0.9493962649624138,0.02365174572408916,0.026951989313496946
花菜类,2022-12-22,33.671,,,33.671,1.0,,
花菜类,2022-12-23,29.486,,,29.486,1.0,,
花菜类,2022-12-24,47.279,,,47.279,1.0,,
花菜类,2022-12-25,51.689,,0.252,51.941,0.9951483413873433,,0.004851658612656668
花菜类,2022-12-26,27.542,,0.315,27.857000000000003,0.9886922497038446,,0.011307750296155364
花菜类,2022-12-27,39.024,,0.567,39.591,0.9856785633098432,,0.014321436690156852
花菜类,2022-12-28,34.687,,1.365,36.052,0.9621380228558748,,0.037861977144125154
花菜类,2022-12-29,24.809,,1.086,25.895,0.9580614018150223,,0.0419385981849778
花菜类,2022-12-30,29.381,0.388,,29.769000000000002,0.9869663072323558,0.013033692767644193,
花菜类,2022-12-31,37.752,0.794,1.0270000000000001,39.573,0.9539837768175271,0.020064185176761933,0.025952038005710967
花菜类,2023-01-01,39.38,,,39.38,1.0,,
花菜类,2023-01-02,35.047,0.33,0.7949999999999999,36.172,0.9688985955988058,0.009123078624350328,0.021978325776843968
花菜类,2023-01-03,30.25,0.404,,30.654,0.986820643309193,0.013179356690807073,
花菜类,2023-01-04,26.555,,1.288,27.843,0.9537406170312107,,0.04625938296878929
花菜类,2023-01-05,24.552,0.764,0.393,25.709,0.9549963047959859,0.029717219650705978,0.015286475553308181
花菜类,2023-01-06,27.047,,,27.047,1.0,,
花菜类,2023-01-07,22.914,0.764,0.9279999999999999,24.606,0.9312362838332114,0.031049337559944726,0.03771437860684385
花菜类,2023-01-08,33.395,,1.038,34.433,0.969854500043563,,0.03014549995643714
花菜类,2023-01-09,30.413,0.546,0.382,31.341,0.9703902236686768,0.017421269263903513,0.012188507067419673
花菜类,2023-01-10,14.91,0.382,,15.292,0.9750196181009678,0.024980381899032175,
花菜类,2023-01-11,30.216,,0.983,31.199,0.9684925798903811,,0.0315074201096189
花菜类,2023-01-12,27.526,0.382,,27.908,0.9863121685538196,0.013687831446180306,
花菜类,2023-01-13,28.9,0.393,0.415,29.708,0.9728019388716844,0.013228759929985191,0.013969301198330416
花菜类,2023-01-14,52.819,0.328,1.987,55.13400000000001,0.9580113904305873,0.005949142090180288,0.03603946747923241
花菜类,2023-01-15,59.967,,1.617,61.583999999999996,0.9737431800467654,,0.026256819953234607
花菜类,2023-01-16,42.324,0.982,3.21,46.516,0.9098804712357038,0.021111015564536935,0.06900851319975923
花菜类,2023-01-17,38.952,,0.917,39.869,0.9769996739321277,,0.023000326067872282
花菜类,2023-01-18,56.957,0.819,0.623,58.399,0.9753077963663761,0.014024212743368892,0.01066799089025497
花菜类,2023-01-19,104.101,,,104.101,1.0,,
花菜类,2023-01-20,138.786,,,138.786,1.0,,
花菜类,2023-01-22,34.134,,,34.134,1.0,,
花菜类,2023-01-23,66.018,,,66.018,1.0,,
花菜类,2023-01-24,89.421,,,89.421,1.0,,
花菜类,2023-01-25,114.337,,,114.337,1.0,,
花菜类,2023-01-26,60.15,,,60.15,1.0,,
花菜类,2023-01-27,69.283,,,69.283,1.0,,
花菜类,2023-01-28,43.626,,,43.626,1.0,,
花菜类,2023-01-29,40.249,,,40.249,1.0,,
花菜类,2023-01-30,41.419,,1.267,42.686,0.9703181370941292,,0.029681862905870774
花菜类,2023-01-31,36.497,0.568,0.437,37.501999999999995,0.9732014292571064,0.015145858887525999,0.011652711855367716
花菜类,2023-02-01,31.779,,1.528,33.307,0.9541237577686371,,0.045876242231362774
花菜类,2023-02-02,41.376,,0.371,41.747,0.9911131338778834,,0.008886866122116558
花菜类,2023-02-03,52.783,,0.502,53.285000000000004,0.9905789621844796,,0.009421037815520315
花菜类,2023-02-04,38.898,,1.032,39.93000000000001,0.9741547708489856,,0.02584522915101427
花菜类,2023-02-05,37.36,,2.23,39.589999999999996,0.9436726446072241,,0.05632735539277596
花菜类,2023-02-06,33.410000000000004,0.855,0.381,34.646,0.9643248859897248,0.02467817352652543,0.010996940483749927
花菜类,2023-02-07,29.992,1.4780000000000002,2.36,33.830000000000005,0.8865503990540938,0.04368903340230564,0.06976056754360034
花菜类,2023-02-08,31.284,1.962,2.678,35.924,0.8708384366996994,0.05461529896448057,0.07454626433582007
花菜类,2023-02-09,23.666,1.4969999999999999,5.67,30.833,0.7675542438296631,0.048551876236499855,0.18389387993383713
花菜类,2023-02-10,29.255,0.743,1.998,31.996,0.9143330416302038,0.023221652706588325,0.062445305663207905
花菜类,2023-02-11,53.417,,,53.417,1.0,,
花菜类,2023-02-12,47.384,,1.4249999999999998,48.809,0.9708045647319142,,0.029195435268085802
花菜类,2023-02-13,33.601,,,33.601,1.0,,
花菜类,2023-02-14,35.953,,1.607,37.56,0.9572151224707135,,0.042784877529286475
花菜类,2023-02-15,28.715,0.572,2.068,31.355,0.9158029022484452,0.018242704512836865,0.0659543932387179
花菜类,2023-02-16,32.502,,1.657,34.159000000000006,0.9514915542024063,,0.0485084457975936
花菜类,2023-02-17,37.158,,1.436,38.594,0.962792143856558,,0.037207856143441985
花菜类,2023-02-18,45.948,0.392,2.148,48.48800000000001,0.9476159049661771,0.008084474509156904,0.04429962052466589
花菜类,2023-02-19,35.059,6.519,4.227,45.80499999999999,0.7653967907433687,0.1423207073463596,0.09228250191027183
花菜类,2023-02-20,23.543,0.462,5.442,29.447,0.7995041939756172,0.015689204333208816,0.184806601691174
花菜类,2023-02-21,28.724,,0.742,29.466,0.9748184348062173,,0.025181565193782663
花菜类,2023-02-22,24.656,1.456,3.428,29.54,0.8346648612051456,0.04928909952606635,0.11604603926878808
花菜类,2023-02-23,25.902,2.194,5.188,33.284,0.7782117533950247,0.06591755798581901,0.15587068861915634
花菜类,2023-02-24,28.971,,2.199,31.17,0.929451395572666,,0.07054860442733396
花菜类,2023-02-25,42.154,,2.84,44.994,0.9368804729519492,,0.06311952704805085
花菜类,2023-02-26,42.597,1.332,3.4669999999999996,47.396,0.8987467296818297,0.028103637437758462,0.07314963288041185
花菜类,2023-02-27,13.221,,,13.221,1.0,,
花菜类,2023-02-28,26.816,,0.302,27.118,0.9888634855077808,,0.011136514492219191
花菜类,2023-03-01,21.744,0.44,1.796,23.98,0.9067556296914094,0.01834862385321101,0.07489574645537948
花菜类,2023-03-02,23.067,,5.115,28.182000000000002,0.8185011709601873,,0.18149882903981265
花菜类,2023-03-03,29.401,,5.514,34.915,0.8420736073320922,,0.15792639266790778
花菜类,2023-03-04,32.341,,1.428,33.769,0.957712695075365,,0.04228730492463502
花菜类,2023-03-05,43.567,0.502,3.63,47.699000000000005,0.9133734459841925,0.010524329650516782,0.07610222436529067
花菜类,2023-03-06,18.623,1.62,2.923,23.166000000000004,0.8038936372269705,0.06993006993006992,0.1261762928429595
花菜类,2023-03-07,25.548000000000002,1.7690000000000001,3.893,31.21,0.8185837872476771,0.056680551105414936,0.12473566164690804
花菜类,2023-03-08,17.74,,4.44,22.18,0.799819657348963,,0.20018034265103699
花菜类,2023-03-09,19.79,0.982,1.4729999999999999,22.244999999999997,0.8896381209260509,0.04414475162957968,0.06621712744436953
花菜类,2023-03-10,6.6,1.176,4.647,12.423,0.5312726394590678,0.09466312484907027,0.37406423569186187
花菜类,2023-03-11,14.786,,1.016,15.802,0.93570434122263,,0.06429565877736995
花菜类,2023-03-12,14.147,,5.389,19.536,0.7241502866502866,,0.27584971334971337
花菜类,2023-03-13,7.536,,3.06,10.596,0.711211778029445,,0.2887882219705549
花菜类,2023-03-14,7.774,,1.302,9.076,0.8565447333627149,,0.14345526663728514
花菜类,2023-03-15,6.623,1.165,1.895,9.683,0.6839822369100486,0.12031395228751421,0.19570381080243726
花菜类,2023-03-16,27.737000000000002,1.861,1.986,31.584000000000003,0.8781978216818642,0.05892223910840932,0.06287993920972644
花菜类,2023-03-17,41.379,2.249,4.979,48.607,0.8512971382722653,0.046269055897298746,0.10243380583043595
花菜类,2023-03-18,59.217,,,59.217,1.0,,
花菜类,2023-03-19,49.399,,,49.399,1.0,,
花菜类,2023-03-20,32.76,,4.806,37.565999999999995,0.8720651653090561,,0.12793483469094397
花菜类,2023-03-21,33.645,0.8220000000000001,2.249,36.71600000000001,0.9163579910665649,0.022388059701492533,0.06125394923194247
花菜类,2023-03-22,25.472,0.39,1.506,27.368000000000002,0.9307220111078631,0.014250219234142063,0.05502776965799473
花菜类,2023-03-23,25.426,1.356,2.706,29.488,0.8622490504612045,0.04598480737927293,0.09176614215952252
花菜类,2023-03-24,25.198,2.286,5.817,33.301,0.7566739737545419,0.06864658718957388,0.1746794390558842
花菜类,2023-03-25,24.481,1.134,2.844,28.459000000000003,0.8602199655644962,0.03984679714677254,0.09993323728873114
花菜类,2023-03-26,40.894,6.8790000000000004,0.902,48.675,0.8401438109912687,0.1413251155624037,0.018531073446327685
花菜类,2023-03-27,18.117,0.53,1.812,20.459000000000003,0.8855271518647049,0.025905469475536437,0.08856737865975853
花菜类,2023-03-28,15.972,,2.547,18.519,0.8624655758950268,,0.1375344241049733
花菜类,2023-03-29,23.485,1.906,1.069,26.459999999999997,0.8875661375661377,0.07203325774754346,0.040400604686318974
花菜类,2023-03-30,23.327,0.483,2.899,26.709000000000003,0.8733760155752742,0.01808379198023138,0.10854019244449435
花菜类,2023-03-31,27.511,1.711,5.382,34.604,0.7950236966824644,0.04944515084961276,0.1555311524679228
花菜类,2023-04-01,33.443,0.455,1.181,35.07899999999999,0.953362410559024,0.012970723224721346,0.03366686621625475
花菜类,2023-04-02,37.634,0.297,1.431,39.361999999999995,0.9560997916772523,0.007545348305472283,0.03635486001727555
花菜类,2023-04-03,15.722,,0.735,16.457,0.9553381539770309,,0.044661846022968944
花菜类,2023-04-04,18.145,,1.877,20.022,0.9062531215662771,,0.09374687843372291
花菜类,2023-04-05,35.593,1.599,8.225,45.417,0.783693330691151,0.03520708104894643,0.18109958825990266
花菜类,2023-04-06,21.953,,1.097,23.05,0.9524078091106291,,0.04759219088937093
花菜类,2023-04-07,28.696,,3.203,31.899,0.8995893288190853,,0.10041067118091475
花菜类,2023-04-08,32.245,,3.4459999999999997,35.690999999999995,0.9034490487798045,,0.09655095122019557
花菜类,2023-04-09,27.396,,3.14,30.536,0.8971705527901493,,0.10282944720985067
花菜类,2023-04-10,17.58,0.374,0.411,18.365,0.9572556493329704,0.020364824394228154,0.022379526272801525
花菜类,2023-04-11,13.663,0.31,1.815,15.788,0.8654041043830758,0.01963516594882189,0.11496072966810235
花菜类,2023-04-12,16.389,0.876,,17.265,0.9492615117289313,0.05073848827106863,
花菜类,2023-04-13,16.783,1.8330000000000002,1.159,19.775,0.8486978508217448,0.092692793931732,0.058609355246523394
花菜类,2023-04-14,15.344,,2.839,18.183,0.8438651487653303,,0.15613485123466975
花菜类,2023-04-15,20.852,,,20.852,1.0,,
花菜类,2023-04-16,23.472,,,23.472,1.0,,
花菜类,2023-04-17,13.52,,0.9550000000000001,14.475,0.9340241796200346,,0.06597582037996547
花菜类,2023-04-18,16.779,,,16.779,1.0,,
花菜类,2023-04-19,19.103,,,19.103,1.0,,
花菜类,2023-04-20,17.143,,2.664,19.807000000000002,0.865502095218862,,0.13449790478113796
花菜类,2023-04-21,25.29,,0.8800000000000001,26.169999999999998,0.9663737103553688,,0.03362628964463126
花菜类,2023-04-22,38.079,,1.947,40.026,0.9513566181981711,,0.04864338180182881
花菜类,2023-04-23,21.763,,1.0899999999999999,22.853,0.9523038550737322,,0.04769614492626788
花菜类,2023-04-24,16.823,0.5860000000000001,0.447,17.855999999999998,0.9421482974910396,0.03281810035842295,0.025033602150537636
花菜类,2023-04-25,15.89,,,15.89,1.0,,
花菜类,2023-04-26,21.236,,,21.236,1.0,,
花菜类,2023-04-27,14.24,,,14.24,1.0,,
花菜类,2023-04-28,22.806,,,22.806,1.0,,
花菜类,2023-04-29,27.577,,,27.577,1.0,,
花菜类,2023-04-30,24.85,,0.637,25.487000000000002,0.9750068662455369,,0.02499313375446306
花菜类,2023-05-01,29.389,,,29.389,1.0,,
花菜类,2023-05-02,21.64,,0.725,22.365000000000002,0.9675832774424323,,0.032416722557567626
花菜类,2023-05-03,32.371,,,32.371,1.0,,
花菜类,2023-05-04,32.116,,0.536,32.652,0.9835844664951611,,0.016415533504838906
花菜类,2023-05-05,28.675,,,28.675,1.0,,
花菜类,2023-05-06,32.256,,1.831,34.087,0.9462845072901692,,0.05371549270983072
花菜类,2023-05-07,54.158,,,54.158,1.0,,
花菜类,2023-05-08,17.863,,,17.863,1.0,,
花菜类,2023-05-09,25.81,,,25.81,1.0,,
花菜类,2023-05-10,26.422,,,26.422,1.0,,
花菜类,2023-05-11,21.514,,1.76,23.274,0.9243791355160264,,0.07562086448397352
花菜类,2023-05-12,21.102,0.405,,21.507,0.9811689217464081,0.018831078253591853,
花菜类,2023-05-13,44.556,,0.531,45.086999999999996,0.9882227693126622,,0.011777230687337815
花菜类,2023-05-14,43.642,,,43.642,1.0,,
花菜类,2023-05-15,26.535,,1.229,27.764,0.9557340440858666,,0.04426595591413342
花菜类,2023-05-16,25.394,,0.615,26.008999999999997,0.9763543388826945,,0.02364566111730555
花菜类,2023-05-17,16.59,,3.324,19.914,0.8330822536908706,,0.16691774630912923
花菜类,2023-05-18,20.407,,2.277,22.684,0.8996208781520014,,0.10037912184799859
花菜类,2023-05-19,18.183,0.615,1.355,20.153,0.902247804297127,0.030516548404704014,0.06723564729816901
花菜类,2023-05-20,24.448,1.383,1.411,27.242,0.8974377798986858,0.05076719770941928,0.05179502239189487
花菜类,2023-05-21,29.13,,,29.13,1.0,,
花菜类,2023-05-22,14.031,,0.7769999999999999,14.808,0.9475283630470017,,0.05247163695299838
花菜类,2023-05-23,19.667,,0.514,20.181,0.9745304989841931,,0.025469501015806948
花菜类,2023-05-24,15.923,,,15.923,1.0,,
花菜类,2023-05-25,14.078,,0.487,14.565,0.9665636800549262,,0.03343631994507381
花菜类,2023-05-26,23.304,,0.9319999999999999,24.235999999999997,0.9615448093744843,,0.038455190625515764
花菜类,2023-05-27,41.279,,,41.279,1.0,,
花菜类,2023-05-28,33.111,,3.86,36.971,0.8955938438235373,,0.10440615617646264
花菜类,2023-05-29,16.312,,,16.312,1.0,,
花菜类,2023-05-30,14.652000000000001,,,14.652000000000001,1.0,,
花菜类,2023-05-31,16.723,,,16.723,1.0,,
花菜类,2023-06-01,19.364,,,19.364,1.0,,
花菜类,2023-06-02,16.172,,,16.172,1.0,,
花菜类,2023-06-03,33.243,,,33.243,1.0,,
花菜类,2023-06-04,25.117,,,25.117,1.0,,
花菜类,2023-06-05,22.57,,,22.57,1.0,,
花菜类,2023-06-06,21.351,,,21.351,1.0,,
花菜类,2023-06-07,11.835,,,11.835,1.0,,
花菜类,2023-06-08,15.446,,,15.446,1.0,,
花菜类,2023-06-09,13.684,,,13.684,1.0,,
花菜类,2023-06-10,26.311,,0.455,26.766,0.98300082193828,,0.016999178061720095
花菜类,2023-06-11,25.002,,0.47,25.471999999999998,0.9815483668341709,,0.018451633165829148
花菜类,2023-06-12,15.725,,1.418,17.143,0.9172840226331447,,0.08271597736685526
花菜类,2023-06-13,10.189,,,10.189,1.0,,
花菜类,2023-06-14,9.175,,,9.175,1.0,,
花菜类,2023-06-15,9.461,,0.343,9.804,0.9650142798857609,,0.03498572011423909
花菜类,2023-06-16,22.692,,,22.692,1.0,,
花菜类,2023-06-17,26.791,,,26.791,1.0,,
花菜类,2023-06-18,23.098,,,23.098,1.0,,
花菜类,2023-06-19,12.363,,,12.363,1.0,,
花菜类,2023-06-20,13.919,,,13.919,1.0,,
花菜类,2023-06-21,16.697,,,16.697,1.0,,
花菜类,2023-06-22,17.912,,,17.912,1.0,,
花菜类,2023-06-23,9.279,,,9.279,1.0,,
花菜类,2023-06-24,11.548,,,11.548,1.0,,
花菜类,2023-06-25,10.681,,,10.681,1.0,,
花菜类,2023-06-26,8.083,,,8.083,1.0,,
花菜类,2023-06-27,14.272,,,14.272,1.0,,
花菜类,2023-06-28,16.069,,,16.069,1.0,,
花菜类,2023-06-29,23.272000000000002,,1.095,24.367,0.9550621742520623,,0.04493782574793778
花菜类,2023-06-30,24.080000000000002,1.248,2.759,28.087000000000003,0.8573361341545911,0.04443336775020472,0.09823049809520418
茄类,2020-07-01,35.374,,,35.374,1.0,,
茄类,2020-07-02,32.199,,,32.199,1.0,,
茄类,2020-07-03,35.896,,,35.896,1.0,,
茄类,2020-07-04,57.067,,,57.067,1.0,,
茄类,2020-07-05,60.942,0.874,,61.816,0.9858612656917303,0.014138734308269703,
茄类,2020-07-06,30.727,,,30.727,1.0,,
茄类,2020-07-07,32.112,,,32.112,1.0,,
茄类,2020-07-08,39.094,0.576,,39.67,0.985480211746912,0.014519788253087975,
茄类,2020-07-09,25.921,,,25.921,1.0,,
茄类,2020-07-10,34.162,2.255,1.443,37.86,0.902324352879028,0.059561542525092444,0.03811410459587956
茄类,2020-07-11,60.323,6.576,1.378,68.277,0.8835039618026568,0.09631354628938002,0.02018249190796315
茄类,2020-07-12,73.13,8.25,0.326,81.70599999999999,0.89503830808019,0.10097177685849267,0.003989915061317407
茄类,2020-07-13,43.262,0.528,0.589,44.379,0.9748304378196896,0.011897519096870143,0.013272043083440366
茄类,2020-07-14,31.76,2.423,0.564,34.747,0.9140357440930152,0.0697326387889602,0.016231617118024576
茄类,2020-07-15,37.756,0.414,,38.17,0.9891537856955724,0.01084621430442756,
茄类,2020-07-16,24.031,2.5549999999999997,,26.586,0.9038967877830437,0.0961032122169563,
茄类,2020-07-17,32.499,3.405,1.347,37.251000000000005,0.8724329548200048,0.0914069420955142,0.03616010308448095
茄类,2020-07-18,48.153,7.821,0.611,56.584999999999994,0.850985243439074,0.13821684191923655,0.010797914641689495
茄类,2020-07-19,59.817,9.977,1.978,71.77199999999999,0.833430864403946,0.13900964164298057,0.027559493953073624
茄类,2020-07-20,30.078,2.158,1.7109999999999999,33.946999999999996,0.8860282204613075,0.06356968215158924,0.050402097387103426
茄类,2020-07-21,25.59,1.504,,27.094,0.9444895548829999,0.055510445117000075,
茄类,2020-07-22,46.498,1.448,0.301,48.247,0.9637490413911746,0.030012228739610753,0.006238729869214666
茄类,2020-07-23,40.714,1.748,1.68,44.141999999999996,0.9223415341398216,0.03959947442345159,0.038058991436726926
茄类,2020-07-24,32.416,1.726,0.8280000000000001,34.97,0.9269659708321418,0.04935659136402631,0.023677437803831858
茄类,2020-07-25,49.419,9.53,2.925,61.873999999999995,0.7987038174354333,0.1540226912758186,0.0472734912887481
茄类,2020-07-26,61.884,5.927,1.71,69.521,0.8901483005135139,0.08525481509184274,0.024596884394643345
茄类,2020-07-27,30.576,4.3309999999999995,1.214,36.120999999999995,0.8464881924642176,0.11990254976329559,0.033609257772486925
茄类,2020-07-28,33.677,4.414,2.249,40.34,0.8348289538919186,0.10941993058998511,0.05575111551809618
茄类,2020-07-29,35.535,3.9499999999999997,1.292,40.777,0.8714471393187335,0.09686833263849719,0.03168452804276921
茄类,2020-07-30,40.509,4.107,1.695,46.311,0.8747165900110125,0.08868303426831639,0.03660037572067112
茄类,2020-07-31,34.092,,,34.092,1.0,,
茄类,2020-08-01,45.654,3.151,,48.80500000000001,0.9354369429361745,0.06456305706382541,
茄类,2020-08-02,50.893,,,50.893,1.0,,
茄类,2020-08-03,45.191,,,45.191,1.0,,
茄类,2020-08-04,30.591,,,30.591,1.0,,
茄类,2020-08-05,49.472,,,49.472,1.0,,
茄类,2020-08-06,31.596,,,31.596,1.0,,
茄类,2020-08-07,51.799,,,51.799,1.0,,
茄类,2020-08-08,63.764,,,63.764,1.0,,
茄类,2020-08-09,51.835,,,51.835,1.0,,
茄类,2020-08-10,47.664,,,47.664,1.0,,
茄类,2020-08-11,33.572,,,33.572,1.0,,
茄类,2020-08-12,36.009,,,36.009,1.0,,
茄类,2020-08-13,31.109,,,31.109,1.0,,
茄类,2020-08-14,37.826,,,37.826,1.0,,
茄类,2020-08-15,43.278999999999996,,,43.278999999999996,1.0,,
茄类,2020-08-16,48.366,,,48.366,1.0,,
茄类,2020-08-17,35.014,,,35.014,1.0,,
茄类,2020-08-18,34.019,,,34.019,1.0,,
茄类,2020-08-19,30.347,,,30.347,1.0,,
茄类,2020-08-20,37.957,,,37.957,1.0,,
茄类,2020-08-21,29.694,,,29.694,1.0,,
茄类,2020-08-22,30.422,,,30.422,1.0,,
茄类,2020-08-23,47.316,,,47.316,1.0,,
茄类,2020-08-24,26.874,,,26.874,1.0,,
茄类,2020-08-25,23.272,,,23.272,1.0,,
茄类,2020-08-26,30.722,,,30.722,1.0,,
茄类,2020-08-27,19.129,,,19.129,1.0,,
茄类,2020-08-28,24.597,,,24.597,1.0,,
茄类,2020-08-29,30.675,,,30.675,1.0,,
茄类,2020-08-30,21.641000000000002,,,21.641000000000002,1.0,,
茄类,2020-08-31,15.943,,,15.943,1.0,,
茄类,2020-09-01,26.329,,,26.329,1.0,,
茄类,2020-09-02,13.873000000000001,,,13.873000000000001,1.0,,
茄类,2020-09-03,14.172,,,14.172,1.0,,
茄类,2020-09-04,20.233,,,20.233,1.0,,
茄类,2020-09-05,33.731,,,33.731,1.0,,
茄类,2020-09-06,33.397,,,33.397,1.0,,
茄类,2020-09-07,17.365000000000002,,,17.365000000000002,1.0,,
茄类,2020-09-08,20.623,,,20.623,1.0,,
茄类,2020-09-09,12.041,,,12.041,1.0,,
茄类,2020-09-10,16.916,,,16.916,1.0,,
茄类,2020-09-11,20.416,,1.603,22.019000000000002,0.9271992370225713,,0.07280076297742857
茄类,2020-09-12,21.411,,,21.411,1.0,,
茄类,2020-09-13,28.737,,,28.737,1.0,,
茄类,2020-09-14,16.134,,,16.134,1.0,,
茄类,2020-09-15,13.243,,,13.243,1.0,,
茄类,2020-09-16,15.194,,,15.194,1.0,,
茄类,2020-09-17,22.924,,,22.924,1.0,,
茄类,2020-09-18,13.805,,,13.805,1.0,,
茄类,2020-09-19,30.406,,,30.406,1.0,,
茄类,2020-09-20,41.474,,,41.474,1.0,,
茄类,2020-09-21,20.868,,,20.868,1.0,,
茄类,2020-09-22,25.819,,,25.819,1.0,,
茄类,2020-09-23,22.515,,,22.515,1.0,,
茄类,2020-09-24,18.9,,,18.9,1.0,,
茄类,2020-09-25,26.529,,,26.529,1.0,,
茄类,2020-09-26,33.517,,,33.517,1.0,,
茄类,2020-09-27,20.532,,,20.532,1.0,,
茄类,2020-09-28,18.401,,,18.401,1.0,,
茄类,2020-09-29,24.719,,,24.719,1.0,,
茄类,2020-09-30,25.865,,,25.865,1.0,,
茄类,2020-10-01,32.482,,,32.482,1.0,,
茄类,2020-10-02,38.762,,,38.762,1.0,,
茄类,2020-10-03,63.535,,,63.535,1.0,,
茄类,2020-10-04,43.849,,,43.849,1.0,,
茄类,2020-10-05,31.128,,,31.128,1.0,,
茄类,2020-10-06,42.318,,,42.318,1.0,,
茄类,2020-10-07,29.085,,,29.085,1.0,,
茄类,2020-10-08,33.49,,,33.49,1.0,,
茄类,2020-10-09,24.289,,,24.289,1.0,,
茄类,2020-10-10,26.814,,,26.814,1.0,,
茄类,2020-10-11,34.726,,,34.726,1.0,,
茄类,2020-10-12,17.876,,,17.876,1.0,,
茄类,2020-10-13,23.119,,,23.119,1.0,,
茄类,2020-10-14,13.741999999999999,,,13.741999999999999,1.0,,
茄类,2020-10-15,19.447,,,19.447,1.0,,
茄类,2020-10-16,20.139,,,20.139,1.0,,
茄类,2020-10-17,30.556,,,30.556,1.0,,
茄类,2020-10-18,36.361,,,36.361,1.0,,
茄类,2020-10-19,20.03,,,20.03,1.0,,
茄类,2020-10-20,13.777,,,13.777,1.0,,
茄类,2020-10-21,15.327,,,15.327,1.0,,
茄类,2020-10-22,14.725,,,14.725,1.0,,
茄类,2020-10-23,14.427,,,14.427,1.0,,
茄类,2020-10-24,22.221,,,22.221,1.0,,
茄类,2020-10-25,30.136,,,30.136,1.0,,
茄类,2020-10-26,10.797,,,10.797,1.0,,
茄类,2020-10-27,13.444,,,13.444,1.0,,
茄类,2020-10-28,12.238,,,12.238,1.0,,
茄类,2020-10-29,14.436,,,14.436,1.0,,
茄类,2020-10-30,12.192,,,12.192,1.0,,
茄类,2020-10-31,16.499,,,16.499,1.0,,
茄类,2020-11-01,15.407,,,15.407,1.0,,
茄类,2020-11-02,11.378,,,11.378,1.0,,
茄类,2020-11-03,10.846,,,10.846,1.0,,
茄类,2020-11-04,10.702,,,10.702,1.0,,
茄类,2020-11-05,9.067,,,9.067,1.0,,
茄类,2020-11-06,7.22,,,7.22,1.0,,
茄类,2020-11-07,10.878,,,10.878,1.0,,
茄类,2020-11-08,16.906,,,16.906,1.0,,
茄类,2020-11-09,10.063,,,10.063,1.0,,
茄类,2020-11-10,9.574,,,9.574,1.0,,
茄类,2020-11-11,15.584999999999999,,,15.584999999999999,1.0,,
茄类,2020-11-12,15.508000000000001,,,15.508000000000001,1.0,,
茄类,2020-11-13,8.044,,,8.044,1.0,,
茄类,2020-11-14,18.146,,,18.146,1.0,,
茄类,2020-11-15,18.318,,,18.318,1.0,,
茄类,2020-11-16,15.672,,,15.672,1.0,,
茄类,2020-11-17,12.224,,,12.224,1.0,,
茄类,2020-11-18,15.946,,,15.946,1.0,,
茄类,2020-11-19,12.808,,,12.808,1.0,,
茄类,2020-11-20,9.804,,,9.804,1.0,,
茄类,2020-11-21,25.451,,,25.451,1.0,,
茄类,2020-11-22,26.933,,,26.933,1.0,,
茄类,2020-11-23,15.902,,,15.902,1.0,,
茄类,2020-11-24,13.897,,,13.897,1.0,,
茄类,2020-11-25,13.199,,,13.199,1.0,,
茄类,2020-11-26,12.868,,,12.868,1.0,,
茄类,2020-11-27,13.175,,,13.175,1.0,,
茄类,2020-11-28,18.759,,,18.759,1.0,,
茄类,2020-11-29,20.702,,,20.702,1.0,,
茄类,2020-11-30,18.29,,,18.29,1.0,,
茄类,2020-12-01,9.271,,,9.271,1.0,,
茄类,2020-12-02,9.603,,,9.603,1.0,,
茄类,2020-12-03,12.913,,,12.913,1.0,,
茄类,2020-12-04,11.517,,,11.517,1.0,,
茄类,2020-12-05,18.692999999999998,,,18.692999999999998,1.0,,
茄类,2020-12-06,18.881,,,18.881,1.0,,
茄类,2020-12-07,10.536999999999999,,,10.536999999999999,1.0,,
茄类,2020-12-08,10.904,,,10.904,1.0,,
茄类,2020-12-09,9.89,,,9.89,1.0,,
茄类,2020-12-10,11.411,,,11.411,1.0,,
茄类,2020-12-11,14.918,,,14.918,1.0,,
茄类,2020-12-12,11.965,,,11.965,1.0,,
茄类,2020-12-13,20.845,,,20.845,1.0,,
茄类,2020-12-14,12.715,,,12.715,1.0,,
茄类,2020-12-15,10.295,,,10.295,1.0,,
茄类,2020-12-16,9.313,,,9.313,1.0,,
茄类,2020-12-17,12.154,,,12.154,1.0,,
茄类,2020-12-18,19.541,,,19.541,1.0,,
茄类,2020-12-19,14.524000000000001,,,14.524000000000001,1.0,,
茄类,2020-12-20,14.386,,,14.386,1.0,,
茄类,2020-12-21,12.997,,,12.997,1.0,,
茄类,2020-12-22,11.078999999999999,,,11.078999999999999,1.0,,
茄类,2020-12-23,9.4,,,9.4,1.0,,
茄类,2020-12-24,9.801,,,9.801,1.0,,
茄类,2020-12-25,10.328,,,10.328,1.0,,
茄类,2020-12-26,16.19,,,16.19,1.0,,
茄类,2020-12-27,11.874,,,11.874,1.0,,
茄类,2020-12-28,13.266,,,13.266,1.0,,
茄类,2020-12-29,12.741,,,12.741,1.0,,
茄类,2020-12-30,16.318,,,16.318,1.0,,
茄类,2020-12-31,20.725,,,20.725,1.0,,
茄类,2021-01-01,18.037,,,18.037,1.0,,
茄类,2021-01-02,18.302,,,18.302,1.0,,
茄类,2021-01-03,13.385,,,13.385,1.0,,
茄类,2021-01-04,9.867,,,9.867,1.0,,
茄类,2021-01-05,14.439,,,14.439,1.0,,
茄类,2021-01-06,13.689,,,13.689,1.0,,
茄类,2021-01-07,12.56,,,12.56,1.0,,
茄类,2021-01-08,12.049,,,12.049,1.0,,
茄类,2021-01-09,17.965,,,17.965,1.0,,
茄类,2021-01-10,23.755,,,23.755,1.0,,
茄类,2021-01-11,15.841,,,15.841,1.0,,
茄类,2021-01-12,6.304,,,6.304,1.0,,
茄类,2021-01-14,18.643,,,18.643,1.0,,
茄类,2021-01-15,14.644,,,14.644,1.0,,
茄类,2021-01-16,20.109,,,20.109,1.0,,
茄类,2021-01-17,24.613,,,24.613,1.0,,
茄类,2021-01-18,10.266,,,10.266,1.0,,
茄类,2021-01-19,9.304,,,9.304,1.0,,
茄类,2021-01-20,19.321,,,19.321,1.0,,
茄类,2021-01-21,23.411,,,23.411,1.0,,
茄类,2021-01-22,12.333,,,12.333,1.0,,
茄类,2021-01-23,20.333,,,20.333,1.0,,
茄类,2021-01-24,23.807,,,23.807,1.0,,
茄类,2021-01-25,20.041,,,20.041,1.0,,
茄类,2021-01-26,16.078,,,16.078,1.0,,
茄类,2021-01-27,11.937,,,11.937,1.0,,
茄类,2021-01-28,17.792,,,17.792,1.0,,
茄类,2021-01-29,15.072,,,15.072,1.0,,
茄类,2021-01-30,23.084,,,23.084,1.0,,
茄类,2021-01-31,24.61,,,24.61,1.0,,
茄类,2021-02-01,13.664,,,13.664,1.0,,
茄类,2021-02-02,24.133,,,24.133,1.0,,
茄类,2021-02-03,14.938,,,14.938,1.0,,
茄类,2021-02-04,27.716,,,27.716,1.0,,
茄类,2021-02-05,25.906,,,25.906,1.0,,
茄类,2021-02-06,39.051,,,39.051,1.0,,
茄类,2021-02-07,43.635,,,43.635,1.0,,
茄类,2021-02-08,58.326,,,58.326,1.0,,
茄类,2021-02-09,87.912,,,87.912,1.0,,
茄类,2021-02-10,118.931,,,118.931,1.0,,
茄类,2021-02-13,28.967,,,28.967,1.0,,
茄类,2021-02-14,25.06,,,25.06,1.0,,
茄类,2021-02-15,39.655,,,39.655,1.0,,
茄类,2021-02-16,31.647,,,31.647,1.0,,
茄类,2021-02-17,30.358,,,30.358,1.0,,
茄类,2021-02-18,18.169999999999998,,,18.169999999999998,1.0,,
茄类,2021-02-19,13.769,,,13.769,1.0,,
茄类,2021-02-20,21.798000000000002,,,21.798000000000002,1.0,,
茄类,2021-02-21,33.803,,,33.803,1.0,,
茄类,2021-02-22,15.47,,,15.47,1.0,,
茄类,2021-02-23,25.429,,,25.429,1.0,,
茄类,2021-02-24,22.668,,,22.668,1.0,,
茄类,2021-02-25,34.618,,,34.618,1.0,,
茄类,2021-02-26,31.286,,,31.286,1.0,,
茄类,2021-02-27,22.579,,,22.579,1.0,,
茄类,2021-02-28,27.705,,,27.705,1.0,,
茄类,2021-03-01,27.232,,,27.232,1.0,,
茄类,2021-03-02,16.541,,,16.541,1.0,,
茄类,2021-03-03,23.654,,,23.654,1.0,,
茄类,2021-03-04,20.344,,,20.344,1.0,,
茄类,2021-03-05,22.986,,,22.986,1.0,,
茄类,2021-03-06,38.176,,,38.176,1.0,,
茄类,2021-03-07,26.748,,,26.748,1.0,,
茄类,2021-03-08,19.815,,,19.815,1.0,,
茄类,2021-03-09,20.838,,,20.838,1.0,,
茄类,2021-03-10,14.35,,,14.35,1.0,,
茄类,2021-03-11,16.37,,,16.37,1.0,,
茄类,2021-03-12,23.836000000000002,,,23.836000000000002,1.0,,
茄类,2021-03-13,26.434,,,26.434,1.0,,
茄类,2021-03-14,17.721,,,17.721,1.0,,
茄类,2021-03-15,13.658,,,13.658,1.0,,
茄类,2021-03-16,13.577,,,13.577,1.0,,
茄类,2021-03-17,19.313,,,19.313,1.0,,
茄类,2021-03-18,11.866,,,11.866,1.0,,
茄类,2021-03-19,16.235,,,16.235,1.0,,
茄类,2021-03-20,21.477,,,21.477,1.0,,
茄类,2021-03-21,17.948999999999998,,,17.948999999999998,1.0,,
茄类,2021-03-22,11.561,,,11.561,1.0,,
茄类,2021-03-23,19.312,,,19.312,1.0,,
茄类,2021-03-24,15.113,,,15.113,1.0,,
茄类,2021-03-25,14.621,,,14.621,1.0,,
茄类,2021-03-26,21.313,,,21.313,1.0,,
茄类,2021-03-27,26.111,,,26.111,1.0,,
茄类,2021-03-28,19.628,,,19.628,1.0,,
茄类,2021-03-29,16.139,,,16.139,1.0,,
茄类,2021-03-30,21.407,,,21.407,1.0,,
茄类,2021-03-31,21.649,,,21.649,1.0,,
茄类,2021-04-01,20.604,,,20.604,1.0,,
茄类,2021-04-02,20.665,,,20.665,1.0,,
茄类,2021-04-03,32.71,,,32.71,1.0,,
茄类,2021-04-04,22.976,,,22.976,1.0,,
茄类,2021-04-05,16.492,,,16.492,1.0,,
茄类,2021-04-06,3.138,,,3.138,1.0,,
茄类,2021-04-07,16.213,,,16.213,1.0,,
茄类,2021-04-08,20.319,,,20.319,1.0,,
茄类,2021-04-09,17.451,,,17.451,1.0,,
茄类,2021-04-10,25.525,,,25.525,1.0,,
茄类,2021-04-11,24.902,,,24.902,1.0,,
茄类,2021-04-12,10.203,,,10.203,1.0,,
茄类,2021-04-13,13.4,,,13.4,1.0,,
茄类,2021-04-14,18.975,,,18.975,1.0,,
茄类,2021-04-15,12.151,,,12.151,1.0,,
茄类,2021-04-16,15.371,,,15.371,1.0,,
茄类,2021-04-17,20.407,,,20.407,1.0,,
茄类,2021-04-18,28.972,,,28.972,1.0,,
茄类,2021-04-19,17.311,,,17.311,1.0,,
茄类,2021-04-20,16.233999999999998,,,16.233999999999998,1.0,,
茄类,2021-04-21,26.622,,,26.622,1.0,,
茄类,2021-04-22,15.227,,,15.227,1.0,,
茄类,2021-04-23,27.427,,,27.427,1.0,,
茄类,2021-04-24,37.796,,,37.796,1.0,,
茄类,2021-04-25,24.708000000000002,,,24.708000000000002,1.0,,
茄类,2021-04-26,12.618,,,12.618,1.0,,
茄类,2021-04-27,24.32,,6.7219999999999995,31.042,0.7834546743122222,,0.21654532568777782
茄类,2021-04-28,27.487000000000002,,,27.487000000000002,1.0,,
茄类,2021-04-29,15.705,,,15.705,1.0,,
茄类,2021-04-30,26.786,,,26.786,1.0,,
茄类,2021-05-01,19.976,,,19.976,1.0,,
茄类,2021-05-02,22.784,,,22.784,1.0,,
茄类,2021-05-03,25.175,,,25.175,1.0,,
茄类,2021-05-04,18.032,,,18.032,1.0,,
茄类,2021-05-05,17.339,,,17.339,1.0,,
茄类,2021-05-06,22.682,,,22.682,1.0,,
茄类,2021-05-07,20.724,,,20.724,1.0,,
茄类,2021-05-08,14.241,4.171,4.213,22.625,0.6294364640883978,0.18435359116022101,0.18620994475138122
茄类,2021-05-09,30.75,,,30.75,1.0,,
茄类,2021-05-10,24.956,,,24.956,1.0,,
茄类,2021-05-11,26.533,,,26.533,1.0,,
茄类,2021-05-12,19.247,,,19.247,1.0,,
茄类,2021-05-13,20.687,,,20.687,1.0,,
茄类,2021-05-14,32.193,,,32.193,1.0,,
茄类,2021-05-15,40.776,,,40.776,1.0,,
茄类,2021-05-16,19.009,,,19.009,1.0,,
茄类,2021-05-17,29.921,,,29.921,1.0,,
茄类,2021-05-18,23.783,,,23.783,1.0,,
茄类,2021-05-19,20.578,,,20.578,1.0,,
茄类,2021-05-20,22.177,,,22.177,1.0,,
茄类,2021-05-21,21.886,,,21.886,1.0,,
茄类,2021-05-22,25.845,,,25.845,1.0,,
茄类,2021-05-23,42.331,,,42.331,1.0,,
茄类,2021-05-24,17.043,,,17.043,1.0,,
茄类,2021-05-25,17.94,,,17.94,1.0,,
茄类,2021-05-26,15.81,,,15.81,1.0,,
茄类,2021-05-27,15.645,,,15.645,1.0,,
茄类,2021-05-28,16.472,,,16.472,1.0,,
茄类,2021-05-29,18.291,,,18.291,1.0,,
茄类,2021-05-30,27.038,,,27.038,1.0,,
茄类,2021-05-31,25.363,,,25.363,1.0,,
茄类,2021-06-01,26.938000000000002,,,26.938000000000002,1.0,,
茄类,2021-06-02,27.706,,,27.706,1.0,,
茄类,2021-06-03,11.679,,,11.679,1.0,,
茄类,2021-06-04,16.743,,,16.743,1.0,,
茄类,2021-06-05,36.367,,,36.367,1.0,,
茄类,2021-06-06,30.001,,0.643,30.644000000000002,0.9790170995953531,,0.020982900404646912
茄类,2021-06-07,29.868,,,29.868,1.0,,
茄类,2021-06-08,24.611,,,24.611,1.0,,
茄类,2021-06-09,19.353,,,19.353,1.0,,
茄类,2021-06-10,24.961,,,24.961,1.0,,
茄类,2021-06-11,16.567,,,16.567,1.0,,
茄类,2021-06-12,48.073,,,48.073,1.0,,
茄类,2021-06-13,38.342,1.6669999999999998,,40.009,0.9583343747656777,0.041665625234322275,
茄类,2021-06-14,37.545,,,37.545,1.0,,
茄类,2021-06-15,20.698,,,20.698,1.0,,
茄类,2021-06-16,19.793,,,19.793,1.0,,
茄类,2021-06-17,28.237000000000002,,,28.237000000000002,1.0,,
茄类,2021-06-18,27.339,,,27.339,1.0,,
茄类,2021-06-19,30.488,,,30.488,1.0,,
茄类,2021-06-20,61.881,,,61.881,1.0,,
茄类,2021-06-21,18.566,,,18.566,1.0,,
茄类,2021-06-22,30.92,,,30.92,1.0,,
茄类,2021-06-23,24.341,0.518,,24.859,0.9791624763667082,0.020837523633291766,
茄类,2021-06-24,19.543,,,19.543,1.0,,
茄类,2021-06-25,12.896,,,12.896,1.0,,
茄类,2021-06-26,35.449,,,35.449,1.0,,
茄类,2021-06-27,31.776,,,31.776,1.0,,
茄类,2021-06-28,21.088,,,21.088,1.0,,
茄类,2021-06-29,19.721,,,19.721,1.0,,
茄类,2021-06-30,27.425,,,27.425,1.0,,
茄类,2021-07-01,26.278,,,26.278,1.0,,
茄类,2021-07-02,28.565,,,28.565,1.0,,
茄类,2021-07-03,46.729,0.556,,47.285,0.9882415142222692,0.011758485777730783,
茄类,2021-07-04,39.241,,,39.241,1.0,,
茄类,2021-07-05,49.588,,,49.588,1.0,,
茄类,2021-07-06,49.005,,,49.005,1.0,,
茄类,2021-07-07,31.752,,,31.752,1.0,,
茄类,2021-07-08,33.078,,,33.078,1.0,,
茄类,2021-07-09,22.810000000000002,,,22.810000000000002,1.0,,
茄类,2021-07-10,49.929,,,49.929,1.0,,
茄类,2021-07-11,40.365,,,40.365,1.0,,
茄类,2021-07-12,24.025,,,24.025,1.0,,
茄类,2021-07-13,28.125,,,28.125,1.0,,
茄类,2021-07-14,20.281,,,20.281,1.0,,
茄类,2021-07-15,17.221,,,17.221,1.0,,
茄类,2021-07-16,53.38,,,53.38,1.0,,
茄类,2021-07-17,29.918,,,29.918,1.0,,
茄类,2021-07-18,31.604,,,31.604,1.0,,
茄类,2021-07-19,19.986,,,19.986,1.0,,
茄类,2021-07-20,19.324,,,19.324,1.0,,
茄类,2021-07-21,22.554,,,22.554,1.0,,
茄类,2021-07-22,26.636,,,26.636,1.0,,
茄类,2021-07-23,19.1,,,19.1,1.0,,
茄类,2021-07-24,37.029,,,37.029,1.0,,
茄类,2021-07-25,29.736,,,29.736,1.0,,
茄类,2021-07-26,16.386,,,16.386,1.0,,
茄类,2021-07-27,20.927,,,20.927,1.0,,
茄类,2021-07-28,15.551,,,15.551,1.0,,
茄类,2021-07-29,59.522,,,59.522,1.0,,
茄类,2021-07-30,33.845,,,33.845,1.0,,
茄类,2021-07-31,24.536,,,24.536,1.0,,
茄类,2021-08-01,10.155000000000001,6.607,3.774,20.536,0.4944974678613167,0.3217276977015972,0.1837748344370861
茄类,2021-08-02,22.493,9.84,3.2439999999999998,35.577,0.6322343086825758,0.2765831857660848,0.09118250555133935
茄类,2021-08-03,16.811,21.724,9.909,48.443999999999996,0.347019238708612,0.4484353067459335,0.20454545454545459
茄类,2021-08-04,23.525,6.0969999999999995,3.525,33.147,0.7097173198177814,0.18393821461972426,0.10634446556249434
茄类,2021-08-05,21.576,5.997,1.547,29.12,0.740934065934066,0.20594093406593406,0.053125
茄类,2021-08-06,20.331,,,20.331,1.0,,
茄类,2021-08-07,23.784,,,23.784,1.0,,
茄类,2021-08-08,32.192,,,32.192,1.0,,
茄类,2021-08-09,31.015,,,31.015,1.0,,
茄类,2021-08-10,22.361,,,22.361,1.0,,
茄类,2021-08-11,25.242,,0.515,25.757,0.9800054354156151,,0.019994564584384828
茄类,2021-08-12,37.175,,,37.175,1.0,,
茄类,2021-08-13,49.079,,,49.079,1.0,,
茄类,2021-08-14,35.09,,,35.09,1.0,,
茄类,2021-08-15,31.245,,,31.245,1.0,,
茄类,2021-08-16,24.663,,,24.663,1.0,,
茄类,2021-08-17,28.565,,,28.565,1.0,,
茄类,2021-08-18,25.035,,,25.035,1.0,,
茄类,2021-08-19,31.478,,,31.478,1.0,,
茄类,2021-08-20,25.752,,,25.752,1.0,,
茄类,2021-08-21,33.887,,,33.887,1.0,,
茄类,2021-08-22,21.861,,,21.861,1.0,,
茄类,2021-08-23,29.713,,,29.713,1.0,,
茄类,2021-08-24,22.695,,,22.695,1.0,,
茄类,2021-08-25,27.139,,,27.139,1.0,,
茄类,2021-08-26,34.355000000000004,0.487,,34.842000000000006,0.9860226163825268,0.013977383617473162,
茄类,2021-08-27,33.381,,,33.381,1.0,,
茄类,2021-08-28,34.078,,,34.078,1.0,,
茄类,2021-08-29,39.917,,,39.917,1.0,,
茄类,2021-08-30,41.208,,,41.208,1.0,,
茄类,2021-08-31,39.432,,,39.432,1.0,,
茄类,2021-09-01,27.264,,,27.264,1.0,,
茄类,2021-09-02,24.511,,,24.511,1.0,,
茄类,2021-09-03,20.685,,,20.685,1.0,,
茄类,2021-09-04,26.823,,,26.823,1.0,,
茄类,2021-09-05,30.823,,,30.823,1.0,,
茄类,2021-09-06,20.716,,,20.716,1.0,,
茄类,2021-09-07,19.175,,,19.175,1.0,,
茄类,2021-09-08,16.32,,,16.32,1.0,,
茄类,2021-09-09,12.804,,,12.804,1.0,,
茄类,2021-09-10,13.491,,,13.491,1.0,,
茄类,2021-09-11,26.026,,,26.026,1.0,,
茄类,2021-09-12,34.906,,,34.906,1.0,,
茄类,2021-09-13,26.428,,,26.428,1.0,,
茄类,2021-09-14,24.411,,,24.411,1.0,,
茄类,2021-09-15,20.887,,,20.887,1.0,,
茄类,2021-09-16,15.129,10.388,3.291,28.808,0.5251666203832269,0.3605942793668425,0.11423910024993057
茄类,2021-09-17,14.774,4.640000000000001,3.2750000000000004,22.689,0.6511525408788399,0.20450438538498836,0.14434307373617172
茄类,2021-09-18,12.482000000000001,9.543,3.91,25.935,0.4812801233853866,0.36795835743204164,0.15076151918257183
茄类,2021-09-19,14.896,23.822,8.117,46.83500000000001,0.31805273833671394,0.5086367033201664,0.17331055834311945
茄类,2021-09-20,25.02,15.245,0.604,40.869,0.6121999559568377,0.37302111624948003,0.014778927793682253
茄类,2021-09-21,21.495,9.382,1.596,32.473,0.6619345302251102,0.28891694638622856,0.04914852338866135
茄类,2021-09-22,15.663,10.574,4.772,31.009,0.5051114192653746,0.3409977748395627,0.15389080589506274
茄类,2021-09-23,10.501,9.282,3.062,22.845000000000002,0.45966294594003054,0.4063033486539724,0.1340337054059969
茄类,2021-09-24,9.878,3.148,2.284,15.309999999999999,0.6451992161985631,0.20561724363161335,0.14918354016982363
茄类,2021-09-25,15.333,19.331,1.379,36.043,0.42540853979968374,0.536331603917543,0.038259856282773355
茄类,2021-09-26,28.75,,,28.75,1.0,,
茄类,2021-09-27,11.333,,,11.333,1.0,,
茄类,2021-09-28,19.695999999999998,,,19.695999999999998,1.0,,
茄类,2021-09-29,14.816,,,14.816,1.0,,
茄类,2021-09-30,18.757,,,18.757,1.0,,
茄类,2021-10-01,36.474,,,36.474,1.0,,
茄类,2021-10-02,31.974,,,31.974,1.0,,
茄类,2021-10-03,27.065,,,27.065,1.0,,
茄类,2021-10-04,20.632,,,20.632,1.0,,
茄类,2021-10-05,36.423,,,36.423,1.0,,
茄类,2021-10-06,24.095,,,24.095,1.0,,
茄类,2021-10-07,20.343,,,20.343,1.0,,
茄类,2021-10-08,23.041,,,23.041,1.0,,
茄类,2021-10-09,16.791999999999998,,,16.791999999999998,1.0,,
茄类,2021-10-10,24.273,,,24.273,1.0,,
茄类,2021-10-11,14.56,,,14.56,1.0,,
茄类,2021-10-12,12.799,,,12.799,1.0,,
茄类,2021-10-13,11.277000000000001,,,11.277000000000001,1.0,,
茄类,2021-10-14,10.191,,,10.191,1.0,,
茄类,2021-10-15,10.811,,,10.811,1.0,,
茄类,2021-10-16,14.772,,,14.772,1.0,,
茄类,2021-10-17,13.639,,,13.639,1.0,,
茄类,2021-10-18,10.502,,,10.502,1.0,,
茄类,2021-10-19,8.766,,,8.766,1.0,,
茄类,2021-10-20,8.978,,,8.978,1.0,,
茄类,2021-10-21,11.262,,,11.262,1.0,,
茄类,2021-10-22,5.062,,,5.062,1.0,,
茄类,2021-10-23,9.346,,,9.346,1.0,,
茄类,2021-10-24,11.389,,,11.389,1.0,,
茄类,2021-10-25,7.279,,,7.279,1.0,,
茄类,2021-10-26,8.68,,,8.68,1.0,,
茄类,2021-10-27,6.836,,,6.836,1.0,,
茄类,2021-10-28,3.122,,,3.122,1.0,,
茄类,2021-10-29,11.124,,,11.124,1.0,,
茄类,2021-10-30,12.133000000000001,,,12.133000000000001,1.0,,
茄类,2021-10-31,8.639,,,8.639,1.0,,
茄类,2021-11-01,10.293000000000001,,,10.293000000000001,1.0,,
茄类,2021-11-02,13.551,,,13.551,1.0,,
茄类,2021-11-03,5.176,,,5.176,1.0,,
茄类,2021-11-04,12.227,,,12.227,1.0,,
茄类,2021-11-05,6.524,,,6.524,1.0,,
茄类,2021-11-06,9.658,,,9.658,1.0,,
茄类,2021-11-07,14.185,,,14.185,1.0,,
茄类,2021-11-08,10.662,,,10.662,1.0,,
茄类,2021-11-09,3.419,,,3.419,1.0,,
茄类,2021-11-10,3.044,,,3.044,1.0,,
茄类,2021-11-11,3.602,,,3.602,1.0,,
茄类,2021-11-12,10.337,,,10.337,1.0,,
茄类,2021-11-13,10.383000000000001,,,10.383000000000001,1.0,,
茄类,2021-11-14,14.612,,,14.612,1.0,,
茄类,2021-11-15,7.194,,,7.194,1.0,,
茄类,2021-11-16,2.8339999999999996,,,2.8339999999999996,1.0,,
茄类,2021-11-17,7.203,,,7.203,1.0,,
茄类,2021-11-18,3.246,,,3.246,1.0,,
茄类,2021-11-19,6.776,,,6.776,1.0,,
茄类,2021-11-20,9.051,,,9.051,1.0,,
茄类,2021-11-21,17.990000000000002,,,17.990000000000002,1.0,,
茄类,2021-11-22,9.175,,,9.175,1.0,,
茄类,2021-11-23,5.163,,,5.163,1.0,,
茄类,2021-11-24,9.217,,,9.217,1.0,,
茄类,2021-11-25,5.166,,,5.166,1.0,,
茄类,2021-11-26,6.0600000000000005,,,6.0600000000000005,1.0,,
茄类,2021-11-27,11.622,,,11.622,1.0,,
茄类,2021-11-28,9.693999999999999,,,9.693999999999999,1.0,,
茄类,2021-11-29,5.796,,,5.796,1.0,,
茄类,2021-11-30,7.103,,,7.103,1.0,,
茄类,2021-12-01,5.252,,,5.252,1.0,,
茄类,2021-12-02,4.474,,,4.474,1.0,,
茄类,2021-12-03,5.683,,,5.683,1.0,,
茄类,2021-12-04,9.205,,,9.205,1.0,,
茄类,2021-12-05,10.65,,,10.65,1.0,,
茄类,2021-12-06,2.92,4.888,1.054,8.862,0.32949672760099297,0.5515684946964567,0.11893477770255022
茄类,2021-12-07,3.737,2.64,0.271,6.648000000000001,0.5621239470517448,0.3971119133574007,0.04076413959085439
茄类,2021-12-08,3.331,3.555,1.074,7.96,0.41846733668341707,0.44660804020100503,0.1349246231155779
茄类,2021-12-09,2.214,3.956,1.084,7.254,0.3052109181141439,0.5453542872897712,0.14943479459608494
茄类,2021-12-10,2.302,5.733,0.893,8.928,0.25784050179211465,0.6421370967741935,0.10002240143369175
茄类,2021-12-11,10.714,,,10.714,1.0,,
茄类,2021-12-12,10.426,,,10.426,1.0,,
茄类,2021-12-13,1.537,,,1.537,1.0,,
茄类,2021-12-14,5.4719999999999995,,,5.4719999999999995,1.0,,
茄类,2021-12-15,6.299,,,6.299,1.0,,
茄类,2021-12-16,4.506,,,4.506,1.0,,
茄类,2021-12-17,10.173,,,10.173,1.0,,
茄类,2021-12-18,11.996,,,11.996,1.0,,
茄类,2021-12-19,9.451,,,9.451,1.0,,
茄类,2021-12-20,6.115,,,6.115,1.0,,
茄类,2021-12-21,6.431,,,6.431,1.0,,
茄类,2021-12-22,3.371,0.301,0.783,4.455,0.7566778900112233,0.0675645342312009,0.17575757575757575
茄类,2021-12-23,3.09,2.1180000000000003,1.355,6.563000000000001,0.470821270760323,0.32271826908426027,0.20646046015541672
茄类,2021-12-24,2.088,5.502,1.034,8.624,0.24211502782931354,0.6379870129870129,0.11989795918367346
茄类,2021-12-25,4.919,6.959,1.718,13.596,0.3617975875257428,0.5118417181523978,0.12636069432185937
茄类,2021-12-26,9.123,,,9.123,1.0,,
茄类,2021-12-27,5.35,,,5.35,1.0,,
茄类,2021-12-28,5.317,,,5.317,1.0,,
茄类,2021-12-29,3.0269999999999997,,,3.0269999999999997,1.0,,
茄类,2021-12-30,11.272,,,11.272,1.0,,
茄类,2021-12-31,12.997,,,12.997,1.0,,
茄类,2022-01-01,18.428,,,18.428,1.0,,
茄类,2022-01-02,13.349,,,13.349,1.0,,
茄类,2022-01-03,12.782,,,12.782,1.0,,
茄类,2022-01-04,8.174,,,8.174,1.0,,
茄类,2022-01-05,9.827,,,9.827,1.0,,
茄类,2022-01-06,7.001,,,7.001,1.0,,
茄类,2022-01-07,16.284,,,16.284,1.0,,
茄类,2022-01-08,14.224,,,14.224,1.0,,
茄类,2022-01-09,11.879,,,11.879,1.0,,
茄类,2022-01-10,8.581999999999999,,,8.581999999999999,1.0,,
茄类,2022-01-11,10.573,,,10.573,1.0,,
茄类,2022-01-12,10.637,,,10.637,1.0,,
茄类,2022-01-13,12.889,,,12.889,1.0,,
茄类,2022-01-14,6.196,,,6.196,1.0,,
茄类,2022-01-15,9.146,,,9.146,1.0,,
茄类,2022-01-16,14.67,,,14.67,1.0,,
茄类,2022-01-17,10.665,,,10.665,1.0,,
茄类,2022-01-18,8.478,,,8.478,1.0,,
茄类,2022-01-19,4.2059999999999995,,,4.2059999999999995,1.0,,
茄类,2022-01-20,22.912,,,22.912,1.0,,
茄类,2022-01-21,23.798000000000002,,,23.798000000000002,1.0,,
茄类,2022-01-22,22.592,,,22.592,1.0,,
茄类,2022-01-23,25.009,,,25.009,1.0,,
茄类,2022-01-24,25.579,,,25.579,1.0,,
茄类,2022-01-25,26.834,,,26.834,1.0,,
茄类,2022-01-26,31.875,,,31.875,1.0,,
茄类,2022-01-27,21.963,,,21.963,1.0,,
茄类,2022-01-28,54.803,,,54.803,1.0,,
茄类,2022-01-29,86.261,,,86.261,1.0,,
茄类,2022-01-30,88.028,,,88.028,1.0,,
茄类,2022-02-01,18.86,,,18.86,1.0,,
茄类,2022-02-02,29.266000000000002,,,29.266000000000002,1.0,,
茄类,2022-02-03,51.214999999999996,,,51.214999999999996,1.0,,
茄类,2022-02-04,49.812,,,49.812,1.0,,
茄类,2022-02-05,43.637,,,43.637,1.0,,
茄类,2022-02-06,38.299,,,38.299,1.0,,
茄类,2022-02-07,25.718,,,25.718,1.0,,
茄类,2022-02-08,28.361,,,28.361,1.0,,
茄类,2022-02-09,17.827,,,17.827,1.0,,
茄类,2022-02-10,18.122,,,18.122,1.0,,
茄类,2022-02-11,16.356,,,16.356,1.0,,
茄类,2022-02-12,19.233,,,19.233,1.0,,
茄类,2022-02-13,18.593,,,18.593,1.0,,
茄类,2022-02-14,22.165,,,22.165,1.0,,
茄类,2022-02-15,13.33,,,13.33,1.0,,
茄类,2022-02-16,8.002,,,8.002,1.0,,
茄类,2022-02-17,16.258,,,16.258,1.0,,
茄类,2022-02-18,13.181,,,13.181,1.0,,
茄类,2022-02-19,19.604,,,19.604,1.0,,
茄类,2022-02-20,19.499,,,19.499,1.0,,
茄类,2022-02-21,12.819,,,12.819,1.0,,
茄类,2022-02-22,14.993,,,14.993,1.0,,
茄类,2022-02-23,10.987,,,10.987,1.0,,
茄类,2022-02-24,11.295,,,11.295,1.0,,
茄类,2022-02-25,15.162,,,15.162,1.0,,
茄类,2022-02-26,22.413,,,22.413,1.0,,
茄类,2022-02-27,17.194,,,17.194,1.0,,
茄类,2022-02-28,14.358,,,14.358,1.0,,
茄类,2022-03-01,13.075,,,13.075,1.0,,
茄类,2022-03-02,8.61,,,8.61,1.0,,
茄类,2022-03-03,14.025,,,14.025,1.0,,
茄类,2022-03-04,9.297,,,9.297,1.0,,
茄类,2022-03-05,14.836,,,14.836,1.0,,
茄类,2022-03-06,19.161,,,19.161,1.0,,
茄类,2022-03-07,11.448,,,11.448,1.0,,
茄类,2022-03-08,9.594,,,9.594,1.0,,
茄类,2022-03-09,8.401,,,8.401,1.0,,
茄类,2022-03-10,10.189,,,10.189,1.0,,
茄类,2022-03-11,15.262,,,15.262,1.0,,
茄类,2022-03-12,24.795,,,24.795,1.0,,
茄类,2022-03-13,19.47,,,19.47,1.0,,
茄类,2022-03-14,12.678,,,12.678,1.0,,
茄类,2022-03-15,12.816,,,12.816,1.0,,
茄类,2022-03-16,12.564,,,12.564,1.0,,
茄类,2022-03-17,15.834,,,15.834,1.0,,
茄类,2022-03-18,16.346,,,16.346,1.0,,
茄类,2022-03-19,26.011,,,26.011,1.0,,
茄类,2022-03-20,21.443,,,21.443,1.0,,
茄类,2022-03-21,25.338,,,25.338,1.0,,
茄类,2022-03-22,21.947,,,21.947,1.0,,
茄类,2022-03-23,17.569,,,17.569,1.0,,
茄类,2022-03-24,16.036,,,16.036,1.0,,
茄类,2022-03-25,17.128,,,17.128,1.0,,
茄类,2022-03-26,23.286,,,23.286,1.0,,
茄类,2022-03-27,26.977,,,26.977,1.0,,
茄类,2022-03-28,15.998000000000001,,,15.998000000000001,1.0,,
茄类,2022-03-29,13.184,,,13.184,1.0,,
茄类,2022-03-30,17.223,,,17.223,1.0,,
茄类,2022-03-31,10.145,,,10.145,1.0,,
茄类,2022-04-01,16.697,,,16.697,1.0,,
茄类,2022-04-02,18.016000000000002,,,18.016000000000002,1.0,,
茄类,2022-04-03,23.887,,,23.887,1.0,,
茄类,2022-04-04,23.387,,,23.387,1.0,,
茄类,2022-04-05,15.356,,,15.356,1.0,,
茄类,2022-04-06,11.695,,,11.695,1.0,,
茄类,2022-04-07,14.479,,,14.479,1.0,,
茄类,2022-04-08,12.371,,,12.371,1.0,,
茄类,2022-04-09,27.258,,,27.258,1.0,,
茄类,2022-04-10,24.485,,,24.485,1.0,,
茄类,2022-04-11,10.687,,,10.687,1.0,,
茄类,2022-04-12,20.041,,,20.041,1.0,,
茄类,2022-04-13,20.903,,,20.903,1.0,,
茄类,2022-04-14,21.356,,,21.356,1.0,,
茄类,2022-04-15,17.358,,,17.358,1.0,,
茄类,2022-04-16,32.118,,,32.118,1.0,,
茄类,2022-04-17,32.008,,,32.008,1.0,,
茄类,2022-04-18,23.28,,,23.28,1.0,,
茄类,2022-04-19,16.985,,,16.985,1.0,,
茄类,2022-04-20,18.031,,,18.031,1.0,,
茄类,2022-04-21,11.668,,,11.668,1.0,,
茄类,2022-04-22,20.471,,,20.471,1.0,,
茄类,2022-04-23,25.194,,,25.194,1.0,,
茄类,2022-04-24,13.679,,,13.679,1.0,,
茄类,2022-04-25,20.592,,,20.592,1.0,,
茄类,2022-04-26,14.113,,,14.113,1.0,,
茄类,2022-04-27,24.953,,,24.953,1.0,,
茄类,2022-04-28,21.918,,,21.918,1.0,,
茄类,2022-04-29,29.707,,,29.707,1.0,,
茄类,2022-04-30,35.229,,,35.229,1.0,,
茄类,2022-05-01,36.606,,,36.606,1.0,,
茄类,2022-05-02,15.378,28.411,3.338,47.127,0.3263097587370297,0.6028603560591593,0.07082988520381098
茄类,2022-05-03,10.235,25.171,6.972,42.378,0.24151682476756806,0.5939638491670206,0.1645193260654113
茄类,2022-05-04,10.399000000000001,25.925,8.171,44.495,0.23371165299471855,0.5826497359253849,0.18363861107989662
茄类,2022-05-05,6.632,13.229000000000001,6.189,26.05,0.2545873320537428,0.507831094049904,0.23758157389635318
茄类,2022-05-06,8.599,16.637,6.914,32.15,0.2674650077760498,0.5174805598755833,0.21505443234836702
茄类,2022-05-07,14.661,16.271,3.632,34.564,0.42416965628978126,0.4707499132044902,0.1050804305057285
茄类,2022-05-08,11.505,15.825,6.103,33.433,0.34412107797684927,0.4733347291598121,0.18254419286333862
茄类,2022-05-09,34.866,,,34.866,1.0,,
茄类,2022-05-10,13.224,,,13.224,1.0,,
茄类,2022-05-11,15.419,,,15.419,1.0,,
茄类,2022-05-12,22.173,,,22.173,1.0,,
茄类,2022-05-13,45.528,,,45.528,1.0,,
茄类,2022-05-14,51.014,,,51.014,1.0,,
茄类,2022-05-15,43.627,,,43.627,1.0,,
茄类,2022-05-16,19.412,,,19.412,1.0,,
茄类,2022-05-17,23.194,,,23.194,1.0,,
茄类,2022-05-18,21.794,,,21.794,1.0,,
茄类,2022-05-19,21.799,,,21.799,1.0,,
茄类,2022-05-20,22.675,,,22.675,1.0,,
茄类,2022-05-21,43.426,,,43.426,1.0,,
茄类,2022-05-22,29.841,,,29.841,1.0,,
茄类,2022-05-23,26.0,,,26.0,1.0,,
茄类,2022-05-24,29.285,,,29.285,1.0,,
茄类,2022-05-25,22.563,,,22.563,1.0,,
茄类,2022-05-26,29.903,,,29.903,1.0,,
茄类,2022-05-27,27.341,,,27.341,1.0,,
茄类,2022-05-28,54.447,,,54.447,1.0,,
茄类,2022-05-29,55.666,,,55.666,1.0,,
茄类,2022-05-30,25.618,,,25.618,1.0,,
茄类,2022-05-31,18.11,,,18.11,1.0,,
茄类,2022-06-01,21.105,,,21.105,1.0,,
茄类,2022-06-02,34.716,,,34.716,1.0,,
茄类,2022-06-03,59.95,,,59.95,1.0,,
茄类,2022-06-04,39.752,,,39.752,1.0,,
茄类,2022-06-05,42.328,,,42.328,1.0,,
茄类,2022-06-06,37.312,,,37.312,1.0,,
茄类,2022-06-07,23.212,,,23.212,1.0,,
茄类,2022-06-08,27.37,,,27.37,1.0,,
茄类,2022-06-09,35.271,,,35.271,1.0,,
茄类,2022-06-10,38.776,,,38.776,1.0,,
茄类,2022-06-11,48.32,,,48.32,1.0,,
茄类,2022-06-12,49.505,,,49.505,1.0,,
茄类,2022-06-13,33.306,,,33.306,1.0,,
茄类,2022-06-14,29.762,,,29.762,1.0,,
茄类,2022-06-15,33.776,,,33.776,1.0,,
茄类,2022-06-16,35.463,,,35.463,1.0,,
茄类,2022-06-17,36.326,,,36.326,1.0,,
茄类,2022-06-18,48.073,,,48.073,1.0,,
茄类,2022-06-19,40.858,,,40.858,1.0,,
茄类,2022-06-20,27.416,,,27.416,1.0,,
茄类,2022-06-21,27.152,,,27.152,1.0,,
茄类,2022-06-22,22.451,,,22.451,1.0,,
茄类,2022-06-23,17.152,,,17.152,1.0,,
茄类,2022-06-24,22.836,,,22.836,1.0,,
茄类,2022-06-25,28.57,,,28.57,1.0,,
茄类,2022-06-26,33.783,,,33.783,1.0,,
茄类,2022-06-27,21.427,,,21.427,1.0,,
茄类,2022-06-28,13.137,,,13.137,1.0,,
茄类,2022-06-29,26.758,,,26.758,1.0,,
茄类,2022-06-30,21.969,,,21.969,1.0,,
茄类,2022-07-01,17.165,,,17.165,1.0,,
茄类,2022-07-02,27.475,,,27.475,1.0,,
茄类,2022-07-03,42.368,,,42.368,1.0,,
茄类,2022-07-04,17.802,,,17.802,1.0,,
茄类,2022-07-05,17.524,,,17.524,1.0,,
茄类,2022-07-06,9.038,,,9.038,1.0,,
茄类,2022-07-07,14.602,,,14.602,1.0,,
茄类,2022-07-08,7.971,,,7.971,1.0,,
茄类,2022-07-09,26.107,,,26.107,1.0,,
茄类,2022-07-10,21.797,,,21.797,1.0,,
茄类,2022-07-11,30.141,,,30.141,1.0,,
茄类,2022-07-12,19.218,,,19.218,1.0,,
茄类,2022-07-13,12.754999999999999,,,12.754999999999999,1.0,,
茄类,2022-07-14,14.374,,,14.374,1.0,,
茄类,2022-07-15,11.364,,,11.364,1.0,,
茄类,2022-07-16,18.431,,,18.431,1.0,,
茄类,2022-07-17,21.934,,,21.934,1.0,,
茄类,2022-07-18,11.582,,,11.582,1.0,,
茄类,2022-07-19,20.509,,,20.509,1.0,,
茄类,2022-07-20,17.192,,,17.192,1.0,,
茄类,2022-07-21,18.296,,,18.296,1.0,,
茄类,2022-07-22,16.449,,,16.449,1.0,,
茄类,2022-07-23,20.601,,,20.601,1.0,,
茄类,2022-07-24,10.549,,,10.549,1.0,,
茄类,2022-07-25,17.972,,,17.972,1.0,,
茄类,2022-07-26,18.262,,,18.262,1.0,,
茄类,2022-07-27,14.402,,,14.402,1.0,,
茄类,2022-07-28,22.580000000000002,,,22.580000000000002,1.0,,
茄类,2022-07-29,15.616,,,15.616,1.0,,
茄类,2022-07-30,13.837,,,13.837,1.0,,
茄类,2022-07-31,19.875,,,19.875,1.0,,
茄类,2022-08-01,28.885,,0.358,29.243000000000002,0.9877577539924084,,0.01224224600759156
茄类,2022-08-02,14.100999999999999,,,14.100999999999999,1.0,,
茄类,2022-08-03,15.584999999999999,,,15.584999999999999,1.0,,
茄类,2022-08-04,17.149,,,17.149,1.0,,
茄类,2022-08-05,13.432,,,13.432,1.0,,
茄类,2022-08-06,14.825000000000001,,0.637,15.462000000000002,0.9588022248092096,,0.04119777519079032
茄类,2022-08-07,26.316,,,26.316,1.0,,
茄类,2022-08-08,18.528,,,18.528,1.0,,
茄类,2022-08-09,17.542,,,17.542,1.0,,
茄类,2022-08-10,17.255,,,17.255,1.0,,
茄类,2022-08-11,13.387,,,13.387,1.0,,
茄类,2022-08-12,15.139,,,15.139,1.0,,
茄类,2022-08-13,28.498,,,28.498,1.0,,
茄类,2022-08-14,32.377,,0.61,32.987,0.9815078667353806,,0.018492133264619393
茄类,2022-08-15,24.222,,,24.222,1.0,,
茄类,2022-08-16,18.14,,,18.14,1.0,,
茄类,2022-08-17,19.802,,0.856,20.658,0.9585632684674218,,0.041436731532578173
茄类,2022-08-18,26.979,,,26.979,1.0,,
茄类,2022-08-19,89.616,,,89.616,1.0,,
茄类,2022-08-20,18.641,,,18.641,1.0,,
茄类,2022-08-21,18.233,1.0,,19.233,0.9480060313003692,0.05199396869963084,
茄类,2022-08-22,14.33,,,14.33,1.0,,
茄类,2022-08-23,13.572000000000001,,,13.572000000000001,1.0,,
茄类,2022-08-24,14.23,,,14.23,1.0,,
茄类,2022-08-25,12.514,,,12.514,1.0,,
茄类,2022-08-26,11.488,,,11.488,1.0,,
茄类,2022-08-27,14.129,,5.425,19.554,0.7225631584330572,,0.2774368415669428
茄类,2022-08-28,24.743,0.583,0.554,25.879999999999995,0.9560664605873263,0.02252704791344668,0.021406491499227208
茄类,2022-08-29,12.904,0.474,,13.378,0.9645686948721782,0.0354313051278218,
茄类,2022-08-30,7.515,0.419,,7.933999999999999,0.947189311822536,0.05281068817746408,
茄类,2022-08-31,3.3040000000000003,,,3.3040000000000003,1.0,,
茄类,2022-09-01,10.138,1.326,,11.464,0.8843335659455687,0.11566643405443126,
茄类,2022-09-02,4.884,,,4.884,1.0,,
茄类,2022-09-03,15.738,,,15.738,1.0,,
茄类,2022-09-04,18.362000000000002,,,18.362000000000002,1.0,,
茄类,2022-09-05,9.929,,0.883,10.812000000000001,0.9183314835368108,,0.08166851646318904
茄类,2022-09-06,10.565,1.119,,11.684,0.9042280041081822,0.09577199589181788,
茄类,2022-09-07,12.388,,,12.388,1.0,,
茄类,2022-09-08,7.918,,,7.918,1.0,,
茄类,2022-09-09,4.65,,,4.65,1.0,,
茄类,2022-09-10,0.491,,,0.491,1.0,,
茄类,2022-09-11,6.927,,,6.927,1.0,,
茄类,2022-10-15,12.033,,,12.033,1.0,,
茄类,2022-10-16,2.55,,,2.55,1.0,,
茄类,2022-10-17,5.7620000000000005,,,5.7620000000000005,1.0,,
茄类,2022-10-18,7.187,,,7.187,1.0,,
茄类,2022-10-19,13.004,,,13.004,1.0,,
茄类,2022-10-20,4.7010000000000005,,,4.7010000000000005,1.0,,
茄类,2022-10-21,38.486,,,38.486,1.0,,
茄类,2022-10-22,7.952,,,7.952,1.0,,
茄类,2022-10-23,14.581,,,14.581,1.0,,
茄类,2022-10-24,3.223,,,3.223,1.0,,
茄类,2022-10-25,4.156,,,4.156,1.0,,
茄类,2022-10-26,4.56,,,4.56,1.0,,
茄类,2022-10-27,2.299,,,2.299,1.0,,
茄类,2022-10-28,11.885,,,11.885,1.0,,
茄类,2022-10-29,11.396,,,11.396,1.0,,
茄类,2022-10-30,10.805,,,10.805,1.0,,
茄类,2022-10-31,3.319,,,3.319,1.0,,
茄类,2022-11-01,3.305,,,3.305,1.0,,
茄类,2022-11-03,4.0120000000000005,,,4.0120000000000005,1.0,,
茄类,2022-11-05,9.815999999999999,,,9.815999999999999,1.0,,
茄类,2022-11-06,4.647,,,4.647,1.0,,
茄类,2022-11-07,3.256,,,3.256,1.0,,
茄类,2022-11-08,3.86,,,3.86,1.0,,
茄类,2022-11-09,2.871,,,2.871,1.0,,
茄类,2022-11-10,6.897,,,6.897,1.0,,
茄类,2022-11-11,7.801,,,7.801,1.0,,
茄类,2022-11-12,10.572,,,10.572,1.0,,
茄类,2022-11-13,7.366,,,7.366,1.0,,
茄类,2022-11-14,5.605,,,5.605,1.0,,
茄类,2022-11-15,7.266,,,7.266,1.0,,
茄类,2022-11-16,2.568,,,2.568,1.0,,
茄类,2022-11-17,8.038,,,8.038,1.0,,
茄类,2022-11-18,17.923,,,17.923,1.0,,
茄类,2022-11-19,35.948,,,35.948,1.0,,
茄类,2022-11-20,0.252,,,0.252,1.0,,
茄类,2022-11-21,54.83,0.862,,55.692,0.9845220139337786,0.01547798606622136,
茄类,2022-11-22,4.816,,,4.816,1.0,,
茄类,2022-11-23,8.243,,,8.243,1.0,,
茄类,2022-11-24,8.455,,,8.455,1.0,,
茄类,2022-11-25,16.927,,,16.927,1.0,,
茄类,2022-11-26,9.863999999999999,,,9.863999999999999,1.0,,
茄类,2022-11-27,4.146,,,4.146,1.0,,
茄类,2022-11-28,1.04,,,1.04,1.0,,
茄类,2022-11-29,1.778,,,1.778,1.0,,
茄类,2022-12-04,1.168,,,1.168,1.0,,
茄类,2022-12-06,7.977,,,7.977,1.0,,
茄类,2022-12-07,11.597,,,11.597,1.0,,
茄类,2022-12-08,4.524,,,4.524,1.0,,
茄类,2022-12-09,4.422,,,4.422,1.0,,
茄类,2022-12-10,6.572,,,6.572,1.0,,
茄类,2022-12-11,3.629,,,3.629,1.0,,
茄类,2022-12-12,3.379,,,3.379,1.0,,
茄类,2022-12-13,5.316,,,5.316,1.0,,
茄类,2022-12-14,6.973,,,6.973,1.0,,
茄类,2022-12-15,8.607,,,8.607,1.0,,
茄类,2022-12-16,6.8389999999999995,,,6.8389999999999995,1.0,,
茄类,2022-12-17,16.786,,,16.786,1.0,,
茄类,2022-12-18,12.025,,,12.025,1.0,,
茄类,2022-12-19,11.56,,,11.56,1.0,,
茄类,2022-12-20,6.731,,,6.731,1.0,,
茄类,2022-12-21,17.740000000000002,,,17.740000000000002,1.0,,
茄类,2022-12-22,8.883000000000001,,,8.883000000000001,1.0,,
茄类,2022-12-23,8.921,,,8.921,1.0,,
茄类,2022-12-24,11.582,,,11.582,1.0,,
茄类,2022-12-25,5.742,,,5.742,1.0,,
茄类,2022-12-26,12.022,,,12.022,1.0,,
茄类,2022-12-27,6.541,,,6.541,1.0,,
茄类,2022-12-28,8.167,,,8.167,1.0,,
茄类,2022-12-29,3.656,,,3.656,1.0,,
茄类,2022-12-30,6.173,,,6.173,1.0,,
茄类,2022-12-31,5.574,,,5.574,1.0,,
茄类,2023-01-01,7.926,,,7.926,1.0,,
茄类,2023-01-02,17.834,,,17.834,1.0,,
茄类,2023-01-03,3.617,,,3.617,1.0,,
茄类,2023-01-04,3.9290000000000003,,,3.9290000000000003,1.0,,
茄类,2023-01-05,5.835,,,5.835,1.0,,
茄类,2023-01-06,6.648,,,6.648,1.0,,
茄类,2023-01-07,10.688,,0.8109999999999999,11.499,0.9294721280111314,,0.07052787198886859
茄类,2023-01-08,15.154,,,15.154,1.0,,
茄类,2023-01-09,11.607,,,11.607,1.0,,
茄类,2023-01-10,9.06,,0.853,9.913,0.9139513769797236,,0.0860486230202764
茄类,2023-01-11,9.782,,,9.782,1.0,,
茄类,2023-01-12,9.159,,,9.159,1.0,,
茄类,2023-01-13,15.213000000000001,,,15.213000000000001,1.0,,
茄类,2023-01-14,31.542,,,31.542,1.0,,
茄类,2023-01-15,21.246,,,21.246,1.0,,
茄类,2023-01-16,21.066,,,21.066,1.0,,
茄类,2023-01-17,22.71,,,22.71,1.0,,
茄类,2023-01-18,41.459,,,41.459,1.0,,
茄类,2023-01-19,61.759,,,61.759,1.0,,
茄类,2023-01-20,75.97,,,75.97,1.0,,
茄类,2023-01-22,17.629,,,17.629,1.0,,
茄类,2023-01-23,31.043,,,31.043,1.0,,
茄类,2023-01-24,30.799,,0.251,31.05,0.9919162640901771,,0.008083735909822866
茄类,2023-01-25,38.246,,,38.246,1.0,,
茄类,2023-01-26,32.835,,,32.835,1.0,,
茄类,2023-01-27,31.75,,,31.75,1.0,,
茄类,2023-01-28,30.240000000000002,,,30.240000000000002,1.0,,
茄类,2023-01-29,15.298,,,15.298,1.0,,
茄类,2023-01-30,15.248,,,15.248,1.0,,
茄类,2023-01-31,13.52,,,13.52,1.0,,
茄类,2023-02-01,12.689,,,12.689,1.0,,
茄类,2023-02-02,15.701,,,15.701,1.0,,
茄类,2023-02-03,14.786,,,14.786,1.0,,
茄类,2023-02-04,20.698,,,20.698,1.0,,
茄类,2023-02-05,15.281,,,15.281,1.0,,
茄类,2023-02-06,12.377,,,12.377,1.0,,
茄类,2023-02-07,12.441,,,12.441,1.0,,
茄类,2023-02-08,8.429,,,8.429,1.0,,
茄类,2023-02-09,13.362,,,13.362,1.0,,
茄类,2023-02-10,12.794,,,12.794,1.0,,
茄类,2023-02-11,16.919,,,16.919,1.0,,
茄类,2023-02-12,28.032,,,28.032,1.0,,
茄类,2023-02-13,14.143,,,14.143,1.0,,
茄类,2023-02-14,14.301,,,14.301,1.0,,
茄类,2023-02-15,6.735,,,6.735,1.0,,
茄类,2023-02-16,7.394,,,7.394,1.0,,
茄类,2023-02-17,8.283,,,8.283,1.0,,
茄类,2023-02-18,21.074,,,21.074,1.0,,
茄类,2023-02-19,17.567,,,17.567,1.0,,
茄类,2023-02-20,7.391,,,7.391,1.0,,
茄类,2023-02-21,12.593,,,12.593,1.0,,
茄类,2023-02-22,9.991,,,9.991,1.0,,
茄类,2023-02-23,11.31,,,11.31,1.0,,
茄类,2023-02-24,11.328,,,11.328,1.0,,
茄类,2023-02-25,10.979000000000001,,,10.979000000000001,1.0,,
茄类,2023-02-26,14.041,,,14.041,1.0,,
茄类,2023-02-27,8.846,,,8.846,1.0,,
茄类,2023-02-28,7.007,,,7.007,1.0,,
茄类,2023-03-01,9.504,,,9.504,1.0,,
茄类,2023-03-02,7.568,,,7.568,1.0,,
茄类,2023-03-03,13.904,,,13.904,1.0,,
茄类,2023-03-04,12.627,,,12.627,1.0,,
茄类,2023-03-05,16.193,,,16.193,1.0,,
茄类,2023-03-06,10.569,,,10.569,1.0,,
茄类,2023-03-07,8.469,,,8.469,1.0,,
茄类,2023-03-08,11.717,,,11.717,1.0,,
茄类,2023-03-09,7.751,,,7.751,1.0,,
茄类,2023-03-10,14.024000000000001,,,14.024000000000001,1.0,,
茄类,2023-03-11,20.211,,,20.211,1.0,,
茄类,2023-03-12,18.27,,,18.27,1.0,,
茄类,2023-03-13,12.188,,,12.188,1.0,,
茄类,2023-03-14,11.759,,,11.759,1.0,,
茄类,2023-03-15,8.036999999999999,,,8.036999999999999,1.0,,
茄类,2023-03-16,11.892,,,11.892,1.0,,
茄类,2023-03-17,16.576,,,16.576,1.0,,
茄类,2023-03-18,29.936,,,29.936,1.0,,
茄类,2023-03-19,26.328,,,26.328,1.0,,
茄类,2023-03-20,10.568999999999999,,,10.568999999999999,1.0,,
茄类,2023-03-21,10.702,,,10.702,1.0,,
茄类,2023-03-22,12.133000000000001,,,12.133000000000001,1.0,,
茄类,2023-03-23,10.903,,,10.903,1.0,,
茄类,2023-03-24,18.402,,,18.402,1.0,,
茄类,2023-03-25,22.364,,,22.364,1.0,,
茄类,2023-03-26,20.143,,,20.143,1.0,,
茄类,2023-03-27,12.216,,,12.216,1.0,,
茄类,2023-03-28,15.485,,,15.485,1.0,,
茄类,2023-03-29,8.567,,,8.567,1.0,,
茄类,2023-03-30,14.654,,,14.654,1.0,,
茄类,2023-03-31,21.134,,,21.134,1.0,,
茄类,2023-04-01,23.388,,,23.388,1.0,,
茄类,2023-04-02,20.488,,,20.488,1.0,,
茄类,2023-04-03,19.201,,,19.201,1.0,,
茄类,2023-04-04,20.162,,,20.162,1.0,,
茄类,2023-04-05,22.225,,,22.225,1.0,,
茄类,2023-04-06,12.387,,,12.387,1.0,,
茄类,2023-04-07,9.746,,,9.746,1.0,,
茄类,2023-04-08,19.815,,,19.815,1.0,,
茄类,2023-04-09,15.846,,,15.846,1.0,,
茄类,2023-04-10,12.818,,,12.818,1.0,,
茄类,2023-04-11,13.366,,,13.366,1.0,,
茄类,2023-04-12,8.998,,,8.998,1.0,,
茄类,2023-04-13,9.198,,,9.198,1.0,,
茄类,2023-04-14,18.233,0.792,,19.025000000000002,0.958370565045992,0.04162943495400788,
茄类,2023-04-15,16.674,,,16.674,1.0,,
茄类,2023-04-16,20.902,,,20.902,1.0,,
茄类,2023-04-17,9.19,,,9.19,1.0,,
茄类,2023-04-18,16.152,,,16.152,1.0,,
茄类,2023-04-19,13.945,,,13.945,1.0,,
茄类,2023-04-20,10.307,,,10.307,1.0,,
茄类,2023-04-21,30.95,,,30.95,1.0,,
茄类,2023-04-22,39.651,,,39.651,1.0,,
茄类,2023-04-23,21.876,,,21.876,1.0,,
茄类,2023-04-24,25.565,,,25.565,1.0,,
茄类,2023-04-25,19.3,,,19.3,1.0,,
茄类,2023-04-26,18.526,,,18.526,1.0,,
茄类,2023-04-27,18.48,,,18.48,1.0,,
茄类,2023-04-28,22.141000000000002,,,22.141000000000002,1.0,,
茄类,2023-04-29,37.234,,,37.234,1.0,,
茄类,2023-04-30,43.783,,,43.783,1.0,,
茄类,2023-05-01,31.862000000000002,,,31.862000000000002,1.0,,
茄类,2023-05-02,35.967,,,35.967,1.0,,
茄类,2023-05-03,22.717,,,22.717,1.0,,
茄类,2023-05-04,25.655,,,25.655,1.0,,
茄类,2023-05-05,22.324,,,22.324,1.0,,
茄类,2023-05-06,23.097,,,23.097,1.0,,
茄类,2023-05-07,39.966,,,39.966,1.0,,
茄类,2023-05-08,21.757,,,21.757,1.0,,
茄类,2023-05-09,17.224,,,17.224,1.0,,
茄类,2023-05-10,28.106,,,28.106,1.0,,
茄类,2023-05-11,13.908,,,13.908,1.0,,
茄类,2023-05-12,24.496,,,24.496,1.0,,
茄类,2023-05-13,33.208,,,33.208,1.0,,
茄类,2023-05-14,32.974000000000004,,,32.974000000000004,1.0,,
茄类,2023-05-15,21.584,,,21.584,1.0,,
茄类,2023-05-16,14.181000000000001,,,14.181000000000001,1.0,,
茄类,2023-05-17,14.296,,,14.296,1.0,,
茄类,2023-05-18,11.595,,,11.595,1.0,,
茄类,2023-05-19,15.232,,,15.232,1.0,,
茄类,2023-05-20,33.825,,,33.825,1.0,,
茄类,2023-05-21,38.276,,,38.276,1.0,,
茄类,2023-05-22,25.981,,,25.981,1.0,,
茄类,2023-05-23,23.022,,,23.022,1.0,,
茄类,2023-05-24,15.749,,,15.749,1.0,,
茄类,2023-05-25,21.865,,,21.865,1.0,,
茄类,2023-05-26,18.213,,,18.213,1.0,,
茄类,2023-05-27,24.313,,,24.313,1.0,,
茄类,2023-05-28,38.881,,,38.881,1.0,,
茄类,2023-05-29,28.536,,,28.536,1.0,,
茄类,2023-05-30,23.886,,,23.886,1.0,,
茄类,2023-05-31,17.471,,,17.471,1.0,,
茄类,2023-06-01,18.475,,,18.475,1.0,,
茄类,2023-06-02,22.501,,,22.501,1.0,,
茄类,2023-06-03,39.399,,,39.399,1.0,,
茄类,2023-06-04,34.741,,,34.741,1.0,,
茄类,2023-06-05,19.989,,,19.989,1.0,,
茄类,2023-06-06,19.081,,,19.081,1.0,,
茄类,2023-06-07,17.873,,,17.873,1.0,,
茄类,2023-06-08,24.509,,,24.509,1.0,,
茄类,2023-06-09,21.798,,,21.798,1.0,,
茄类,2023-06-10,38.116,,,38.116,1.0,,
茄类,2023-06-11,43.303,,,43.303,1.0,,
茄类,2023-06-12,23.087,,,23.087,1.0,,
茄类,2023-06-13,17.659,,,17.659,1.0,,
茄类,2023-06-14,28.361,,,28.361,1.0,,
茄类,2023-06-15,15.908,,,15.908,1.0,,
茄类,2023-06-16,24.133,,,24.133,1.0,,
茄类,2023-06-17,46.628,,,46.628,1.0,,
茄类,2023-06-18,54.553,,,54.553,1.0,,
茄类,2023-06-19,21.207,,,21.207,1.0,,
茄类,2023-06-20,21.592,,,21.592,1.0,,
茄类,2023-06-21,24.123,,,24.123,1.0,,
茄类,2023-06-22,33.866,,,33.866,1.0,,
茄类,2023-06-23,25.398,,,25.398,1.0,,
茄类,2023-06-24,28.369,,,28.369,1.0,,
茄类,2023-06-25,23.315,,,23.315,1.0,,
茄类,2023-06-26,21.224,,,21.224,1.0,,
茄类,2023-06-27,8.415,,,8.415,1.0,,
茄类,2023-06-28,15.651,,,15.651,1.0,,
茄类,2023-06-29,11.511,,,11.511,1.0,,
茄类,2023-06-30,24.53,,,24.53,1.0,,
辣椒类,2020-07-01,76.715,,,76.715,1.0,,
辣椒类,2020-07-02,66.064,,,66.064,1.0,,
辣椒类,2020-07-03,64.253,,,64.253,1.0,,
辣椒类,2020-07-04,80.838,0.444,,81.282,0.9945375359858271,0.00546246401417288,
辣椒类,2020-07-05,98.031,0.465,,98.49600000000001,0.9952789961013645,0.004721003898635477,
辣椒类,2020-07-06,58.682,,,58.682,1.0,,
辣椒类,2020-07-07,42.213,,,42.213,1.0,,
辣椒类,2020-07-08,63.233,,2.6470000000000002,65.88,0.9598208864602308,,0.04017911353976929
辣椒类,2020-07-09,58.86,,,58.86,1.0,,
辣椒类,2020-07-10,56.666,1.555,0.715,58.936,0.96148364327406,0.026384552735170354,0.012131803990769649
辣椒类,2020-07-11,77.453,7.733,0.75,85.936,0.9012870042822565,0.08998557065723328,0.008727425060510146
辣椒类,2020-07-12,66.173,5.692,0.5940000000000001,72.459,0.9132474916849529,0.07855476890379387,0.008197739411253261
辣椒类,2020-07-13,57.943,2.954,0.34299999999999997,61.239999999999995,0.9461626387981712,0.04823644676681908,0.0056009144350097975
辣椒类,2020-07-14,63.273,3.201,0.271,66.745,0.9479811221814368,0.04795864858790921,0.004060229230653981
辣椒类,2020-07-15,69.084,3.8689999999999998,0.401,73.354,0.9417891321536659,0.052744226627041466,0.005466641219292745
辣椒类,2020-07-16,64.325,7.37,0.961,72.656,0.885336379652059,0.1014369081700066,0.013226712177934374
辣椒类,2020-07-17,55.82,3.709,1.496,61.025000000000006,0.9147070872593198,0.06077836952068824,0.024514543219991806
辣椒类,2020-07-18,71.212,12.716,1.123,85.051,0.8372858637758521,0.14951029382370576,0.013203842400442088
辣椒类,2020-07-19,92.933,10.843,,103.77600000000001,0.8955153407338884,0.10448465926611161,
辣椒类,2020-07-20,59.188,4.849,3.313,67.35000000000001,0.8788121752041573,0.07199703043801038,0.04919079435783222
辣椒类,2020-07-21,53.786,2.7729999999999997,0.434,56.992999999999995,0.943729931746004,0.04865509799449055,0.007614970259505554
辣椒类,2020-07-22,74.186,5.279,1.895,81.36,0.9118239921337268,0.06488446411012783,0.023291543756145526
辣椒类,2020-07-23,53.861,3.332,0.446,57.638999999999996,0.9344541022571523,0.057808081333819115,0.007737816409028609
辣椒类,2020-07-24,53.392,3.364,1.9820000000000002,58.738,0.9089856651571385,0.05727127243011338,0.03374306241274814
辣椒类,2020-07-25,81.697,9.803,2.706,94.206,0.8672165254866994,0.10405918943591703,0.028724285077383605
辣椒类,2020-07-26,88.468,10.17,3.423,102.061,0.866814944004076,0.09964628996384514,0.03353876603207885
辣椒类,2020-07-27,68.303,2.957,0.142,71.40199999999999,0.9565978544018376,0.04141340578695275,0.00198873981120977
辣椒类,2020-07-28,57.4,6.9830000000000005,1.6179999999999999,66.00099999999999,0.8696837926698081,0.10580142725110228,0.024514780079089714
辣椒类,2020-07-29,74.515,7.038,0.941,82.494,0.9032778141440589,0.08531529565786602,0.01140689019807501
辣椒类,2020-07-30,62.365,4.628,1.226,68.219,0.9141881294067636,0.0678403377358214,0.017971532857415092
辣椒类,2020-07-31,41.104,,,41.104,1.0,,
辣椒类,2020-08-01,62.532,2.998,0.626,66.156,0.9452203881734081,0.04531712920974666,0.009462482616845033
辣椒类,2020-08-02,67.963,,,67.963,1.0,,
辣椒类,2020-08-03,86.474,,,86.474,1.0,,
辣椒类,2020-08-04,73.365,,,73.365,1.0,,
辣椒类,2020-08-05,82.229,,,82.229,1.0,,
辣椒类,2020-08-06,74.047,,,74.047,1.0,,
辣椒类,2020-08-07,78.611,,,78.611,1.0,,
辣椒类,2020-08-08,100.292,,,100.292,1.0,,
辣椒类,2020-08-09,73.684,,,73.684,1.0,,
辣椒类,2020-08-10,78.905,,,78.905,1.0,,
辣椒类,2020-08-11,73.292,,,73.292,1.0,,
辣椒类,2020-08-12,85.166,,,85.166,1.0,,
辣椒类,2020-08-13,61.768,,,61.768,1.0,,
辣椒类,2020-08-14,76.489,,,76.489,1.0,,
辣椒类,2020-08-15,94.285,,,94.285,1.0,,
辣椒类,2020-08-16,95.285,,,95.285,1.0,,
辣椒类,2020-08-17,72.953,,,72.953,1.0,,
辣椒类,2020-08-18,76.92,,,76.92,1.0,,
辣椒类,2020-08-19,80.919,,,80.919,1.0,,
辣椒类,2020-08-20,75.953,,,75.953,1.0,,
辣椒类,2020-08-21,85.19800000000001,,,85.19800000000001,1.0,,
辣椒类,2020-08-22,116.801,,,116.801,1.0,,
辣椒类,2020-08-23,93.714,,,93.714,1.0,,
辣椒类,2020-08-24,97.079,,,97.079,1.0,,
辣椒类,2020-08-25,106.749,0.464,,107.213,0.9956721666215851,0.004327833378414932,
辣椒类,2020-08-26,82.32000000000001,,,82.32000000000001,1.0,,
辣椒类,2020-08-27,89.92,,,89.92,1.0,,
辣椒类,2020-08-28,156.11,,,156.11,1.0,,
辣椒类,2020-08-29,145.627,,,145.627,1.0,,
辣椒类,2020-08-30,155.811,,,155.811,1.0,,
辣椒类,2020-08-31,117.965,,,117.965,1.0,,
辣椒类,2020-09-01,102.504,,,102.504,1.0,,
辣椒类,2020-09-02,83.969,,,83.969,1.0,,
辣椒类,2020-09-03,87.119,,,87.119,1.0,,
辣椒类,2020-09-04,91.579,,,91.579,1.0,,
辣椒类,2020-09-05,110.43900000000001,,,110.43900000000001,1.0,,
辣椒类,2020-09-06,126.5,,,126.5,1.0,,
辣椒类,2020-09-07,56.473,,,56.473,1.0,,
辣椒类,2020-09-08,50.259,,,50.259,1.0,,
辣椒类,2020-09-09,39.795,,,39.795,1.0,,
辣椒类,2020-09-10,49.321,,,49.321,1.0,,
辣椒类,2020-09-11,50.22,,,50.22,1.0,,
辣椒类,2020-09-12,74.51,,,74.51,1.0,,
辣椒类,2020-09-13,83.723,,,83.723,1.0,,
辣椒类,2020-09-14,48.55,,,48.55,1.0,,
辣椒类,2020-09-15,49.991,,,49.991,1.0,,
辣椒类,2020-09-16,46.895,,,46.895,1.0,,
辣椒类,2020-09-17,46.145,,,46.145,1.0,,
辣椒类,2020-09-18,48.075,,,48.075,1.0,,
辣椒类,2020-09-19,74.255,,10.014,84.26899999999999,0.8811662651746194,,0.11883373482538064
辣椒类,2020-09-20,99.148,,,99.148,1.0,,
辣椒类,2020-09-21,56.561,,,56.561,1.0,,
辣椒类,2020-09-22,77.009,,,77.009,1.0,,
辣椒类,2020-09-23,54.327,,,54.327,1.0,,
辣椒类,2020-09-24,50.486,,,50.486,1.0,,
辣椒类,2020-09-25,53.938,,,53.938,1.0,,
辣椒类,2020-09-26,68.094,,,68.094,1.0,,
辣椒类,2020-09-27,54.459,,,54.459,1.0,,
辣椒类,2020-09-28,37.410000000000004,,,37.410000000000004,1.0,,
辣椒类,2020-09-29,57.017,,,57.017,1.0,,
辣椒类,2020-09-30,53.628,,,53.628,1.0,,
辣椒类,2020-10-01,64.092,,,64.092,1.0,,
辣椒类,2020-10-02,69.054,,,69.054,1.0,,
辣椒类,2020-10-03,84.728,,,84.728,1.0,,
辣椒类,2020-10-04,75.21,,,75.21,1.0,,
辣椒类,2020-10-05,87.933,,,87.933,1.0,,
辣椒类,2020-10-06,81.727,,,81.727,1.0,,
辣椒类,2020-10-07,63.151,,,63.151,1.0,,
辣椒类,2020-10-08,72.023,,,72.023,1.0,,
辣椒类,2020-10-09,51.243,,,51.243,1.0,,
辣椒类,2020-10-10,52.511,,,52.511,1.0,,
辣椒类,2020-10-11,70.214,,,70.214,1.0,,
辣椒类,2020-10-12,48.979,,,48.979,1.0,,
辣椒类,2020-10-13,49.116,,,49.116,1.0,,
辣椒类,2020-10-14,46.36,,,46.36,1.0,,
辣椒类,2020-10-15,45.236,,,45.236,1.0,,
辣椒类,2020-10-16,44.67,,,44.67,1.0,,
辣椒类,2020-10-17,97.155,,,97.155,1.0,,
辣椒类,2020-10-18,88.247,,,88.247,1.0,,
辣椒类,2020-10-19,56.69,,,56.69,1.0,,
辣椒类,2020-10-20,49.296,,,49.296,1.0,,
辣椒类,2020-10-21,48.047,,,48.047,1.0,,
辣椒类,2020-10-22,50.037,,,50.037,1.0,,
辣椒类,2020-10-23,43.758,,,43.758,1.0,,
辣椒类,2020-10-24,77.097,,,77.097,1.0,,
辣椒类,2020-10-25,72.537,,,72.537,1.0,,
辣椒类,2020-10-26,45.439,,,45.439,1.0,,
辣椒类,2020-10-27,45.479,,,45.479,1.0,,
辣椒类,2020-10-28,49.395,,,49.395,1.0,,
辣椒类,2020-10-29,52.653999999999996,,,52.653999999999996,1.0,,
辣椒类,2020-10-30,46.452,,,46.452,1.0,,
辣椒类,2020-10-31,81.292,,,81.292,1.0,,
辣椒类,2020-11-01,73.722,,,73.722,1.0,,
辣椒类,2020-11-02,54.351,,,54.351,1.0,,
辣椒类,2020-11-03,66.834,,,66.834,1.0,,
辣椒类,2020-11-04,59.731,,,59.731,1.0,,
辣椒类,2020-11-05,45.282,,,45.282,1.0,,
辣椒类,2020-11-06,49.287,,,49.287,1.0,,
辣椒类,2020-11-07,69.738,,,69.738,1.0,,
辣椒类,2020-11-08,78.907,,,78.907,1.0,,
辣椒类,2020-11-09,64.616,,,64.616,1.0,,
辣椒类,2020-11-10,54.663,,,54.663,1.0,,
辣椒类,2020-11-11,65.834,,,65.834,1.0,,
辣椒类,2020-11-12,58.851,,,58.851,1.0,,
辣椒类,2020-11-13,70.246,,,70.246,1.0,,
辣椒类,2020-11-14,71.84,,,71.84,1.0,,
辣椒类,2020-11-15,74.078,,,74.078,1.0,,
辣椒类,2020-11-16,45.345,,,45.345,1.0,,
辣椒类,2020-11-17,43.486,,,43.486,1.0,,
辣椒类,2020-11-18,45.407000000000004,,,45.407000000000004,1.0,,
辣椒类,2020-11-19,59.111,,,59.111,1.0,,
辣椒类,2020-11-20,53.492,,,53.492,1.0,,
辣椒类,2020-11-21,79.774,,,79.774,1.0,,
辣椒类,2020-11-22,99.221,,,99.221,1.0,,
辣椒类,2020-11-23,59.056,,,59.056,1.0,,
辣椒类,2020-11-24,52.157,,,52.157,1.0,,
辣椒类,2020-11-25,39.054,,,39.054,1.0,,
辣椒类,2020-11-26,48.086,,,48.086,1.0,,
辣椒类,2020-11-27,53.116,,,53.116,1.0,,
辣椒类,2020-11-28,82.485,,,82.485,1.0,,
辣椒类,2020-11-29,66.151,,,66.151,1.0,,
辣椒类,2020-11-30,54.214,,,54.214,1.0,,
辣椒类,2020-12-01,47.882,,,47.882,1.0,,
辣椒类,2020-12-02,48.74,,,48.74,1.0,,
辣椒类,2020-12-03,48.795,,,48.795,1.0,,
辣椒类,2020-12-04,42.929,,,42.929,1.0,,
辣椒类,2020-12-05,50.32,,,50.32,1.0,,
辣椒类,2020-12-06,61.77,,,61.77,1.0,,
辣椒类,2020-12-07,39.566,,,39.566,1.0,,
辣椒类,2020-12-08,38.132,,,38.132,1.0,,
辣椒类,2020-12-09,36.059,,,36.059,1.0,,
辣椒类,2020-12-10,45.747,,,45.747,1.0,,
辣椒类,2020-12-11,44.514,,,44.514,1.0,,
辣椒类,2020-12-12,55.182,,,55.182,1.0,,
辣椒类,2020-12-13,76.784,,,76.784,1.0,,
辣椒类,2020-12-14,48.394,,,48.394,1.0,,
辣椒类,2020-12-15,41.066,,,41.066,1.0,,
辣椒类,2020-12-16,34.84,,,34.84,1.0,,
辣椒类,2020-12-17,33.18,,,33.18,1.0,,
辣椒类,2020-12-18,41.801,,,41.801,1.0,,
辣椒类,2020-12-19,68.24,,,68.24,1.0,,
辣椒类,2020-12-20,64.273,,,64.273,1.0,,
辣椒类,2020-12-21,30.846,,,30.846,1.0,,
辣椒类,2020-12-22,38.615,,,38.615,1.0,,
辣椒类,2020-12-23,41.738,,,41.738,1.0,,
辣椒类,2020-12-24,37.463,,,37.463,1.0,,
辣椒类,2020-12-25,53.083,,,53.083,1.0,,
辣椒类,2020-12-26,52.907000000000004,,,52.907000000000004,1.0,,
辣椒类,2020-12-27,52.745,,,52.745,1.0,,
辣椒类,2020-12-28,45.863,,,45.863,1.0,,
辣椒类,2020-12-29,28.906,,,28.906,1.0,,
辣椒类,2020-12-30,32.167,,,32.167,1.0,,
辣椒类,2020-12-31,45.332,0.252,,45.584,0.9944717444717445,0.005528255528255528,
辣椒类,2021-01-01,67.733,,,67.733,1.0,,
辣椒类,2021-01-02,62.422,,,62.422,1.0,,
辣椒类,2021-01-03,73.797,,,73.797,1.0,,
辣椒类,2021-01-04,58.505,,,58.505,1.0,,
辣椒类,2021-01-05,37.556,,,37.556,1.0,,
辣椒类,2021-01-06,44.528,,,44.528,1.0,,
辣椒类,2021-01-07,32.617,11.522,6.044,50.18299999999999,0.6499611422194768,0.22959966522527553,0.1204391925552478
辣椒类,2021-01-08,26.518,3.291,7.533,37.342,0.7101387177976541,0.08813132665631193,0.20172995554603398
辣椒类,2021-01-09,53.258,17.822,7.418,78.498,0.6784631455578486,0.22703763153201353,0.09449922291013783
辣椒类,2021-01-10,68.365,,,68.365,1.0,,
辣椒类,2021-01-11,46.768,,,46.768,1.0,,
辣椒类,2021-01-12,35.595,,,35.595,1.0,,
辣椒类,2021-01-13,37.065,,,37.065,1.0,,
辣椒类,2021-01-14,39.296,,,39.296,1.0,,
辣椒类,2021-01-15,39.211,,,39.211,1.0,,
辣椒类,2021-01-16,76.17399999999999,,,76.17399999999999,1.0,,
辣椒类,2021-01-17,74.534,,,74.534,1.0,,
辣椒类,2021-01-18,48.166,,,48.166,1.0,,
辣椒类,2021-01-19,50.827,,,50.827,1.0,,
辣椒类,2021-01-20,51.058,,,51.058,1.0,,
辣椒类,2021-01-21,57.724,,,57.724,1.0,,
辣椒类,2021-01-22,43.222,5.257,5.971,54.45,0.7937924701561065,0.09654729109274562,0.10966023875114783
辣椒类,2021-01-23,46.386,23.338,17.314,87.03800000000001,0.5329396355614788,0.26813575679588225,0.19892460764263883
辣椒类,2021-01-24,77.582,8.504,13.029,99.115,0.7827473137264793,0.08579932401755537,0.1314533622559653
辣椒类,2021-01-25,68.681,,,68.681,1.0,,
辣椒类,2021-01-26,57.954,,,57.954,1.0,,
辣椒类,2021-01-27,105.094,,,105.094,1.0,,
辣椒类,2021-01-28,70.075,,,70.075,1.0,,
辣椒类,2021-01-29,66.029,,,66.029,1.0,,
辣椒类,2021-01-30,91.796,,,91.796,1.0,,
辣椒类,2021-01-31,84.451,,,84.451,1.0,,
辣椒类,2021-02-01,71.64,,,71.64,1.0,,
辣椒类,2021-02-02,92.145,,,92.145,1.0,,
辣椒类,2021-02-03,79.053,,,79.053,1.0,,
辣椒类,2021-02-04,96.194,,,96.194,1.0,,
辣椒类,2021-02-05,124.448,,,124.448,1.0,,
辣椒类,2021-02-06,194.842,,,194.842,1.0,,
辣椒类,2021-02-07,159.904,,,159.904,1.0,,
辣椒类,2021-02-08,289.227,,,289.227,1.0,,
辣椒类,2021-02-09,423.696,,,423.696,1.0,,
辣椒类,2021-02-10,505.888,,,505.888,1.0,,
辣椒类,2021-02-13,104.485,,,104.485,1.0,,
辣椒类,2021-02-14,68.701,34.817,13.294,116.812,0.5881330685203574,0.2980601308084786,0.11380680067116393
辣椒类,2021-02-15,168.272,,,168.272,1.0,,
辣椒类,2021-02-16,151.649,,,151.649,1.0,,
辣椒类,2021-02-17,133.646,,,133.646,1.0,,
辣椒类,2021-02-18,105.697,,,105.697,1.0,,
辣椒类,2021-02-19,116.07000000000001,,,116.07000000000001,1.0,,
辣椒类,2021-02-20,119.306,,,119.306,1.0,,
辣椒类,2021-02-21,80.423,,,80.423,1.0,,
辣椒类,2021-02-22,72.834,,,72.834,1.0,,
辣椒类,2021-02-23,85.425,,,85.425,1.0,,
辣椒类,2021-02-24,60.043,,,60.043,1.0,,
辣椒类,2021-02-25,100.118,,,100.118,1.0,,
辣椒类,2021-02-26,135.777,,,135.777,1.0,,
辣椒类,2021-02-27,122.322,,,122.322,1.0,,
辣椒类,2021-02-28,114.677,,,114.677,1.0,,
辣椒类,2021-03-01,97.068,,,97.068,1.0,,
辣椒类,2021-03-02,83.363,,,83.363,1.0,,
辣椒类,2021-03-03,80.749,,,80.749,1.0,,
辣椒类,2021-03-04,93.07600000000001,,,93.07600000000001,1.0,,
辣椒类,2021-03-05,101.498,,,101.498,1.0,,
辣椒类,2021-03-06,167.583,,,167.583,1.0,,
辣椒类,2021-03-07,122.568,,,122.568,1.0,,
辣椒类,2021-03-08,80.399,,,80.399,1.0,,
辣椒类,2021-03-09,66.895,,,66.895,1.0,,
辣椒类,2021-03-10,59.548,,,59.548,1.0,,
辣椒类,2021-03-11,57.357,,,57.357,1.0,,
辣椒类,2021-03-12,102.131,,,102.131,1.0,,
辣椒类,2021-03-13,104.089,,,104.089,1.0,,
辣椒类,2021-03-14,117.089,,,117.089,1.0,,
辣椒类,2021-03-15,85.656,,,85.656,1.0,,
辣椒类,2021-03-16,72.126,,,72.126,1.0,,
辣椒类,2021-03-17,83.755,,,83.755,1.0,,
辣椒类,2021-03-18,73.733,,,73.733,1.0,,
辣椒类,2021-03-19,67.509,,,67.509,1.0,,
辣椒类,2021-03-20,117.89,,,117.89,1.0,,
辣椒类,2021-03-21,112.176,,,112.176,1.0,,
辣椒类,2021-03-22,70.668,0.021,,70.68900000000001,0.9997029240758817,0.0002970759241183211,
辣椒类,2021-03-23,66.931,,,66.931,1.0,,
辣椒类,2021-03-24,42.484,,,42.484,1.0,,
辣椒类,2021-03-25,50.798,,,50.798,1.0,,
辣椒类,2021-03-26,60.937,,,60.937,1.0,,
辣椒类,2021-03-27,78.794,,,78.794,1.0,,
辣椒类,2021-03-28,78.41,,,78.41,1.0,,
辣椒类,2021-03-29,62.154,,,62.154,1.0,,
辣椒类,2021-03-30,59.573,,,59.573,1.0,,
辣椒类,2021-03-31,59.255,,,59.255,1.0,,
辣椒类,2021-04-01,52.994,,,52.994,1.0,,
辣椒类,2021-04-02,70.727,,,70.727,1.0,,
辣椒类,2021-04-03,100.32300000000001,,,100.32300000000001,1.0,,
辣椒类,2021-04-04,88.244,,,88.244,1.0,,
辣椒类,2021-04-05,112.577,,,112.577,1.0,,
辣椒类,2021-04-06,35.075,,,35.075,1.0,,
辣椒类,2021-04-07,62.9,,,62.9,1.0,,
辣椒类,2021-04-08,52.596000000000004,,,52.596000000000004,1.0,,
辣椒类,2021-04-09,54.274,,,54.274,1.0,,
辣椒类,2021-04-10,84.84,,,84.84,1.0,,
辣椒类,2021-04-11,94.326,,,94.326,1.0,,
辣椒类,2021-04-12,38.756,,,38.756,1.0,,
辣椒类,2021-04-13,51.48,,,51.48,1.0,,
辣椒类,2021-04-14,47.052,,,47.052,1.0,,
辣椒类,2021-04-15,44.413,,,44.413,1.0,,
辣椒类,2021-04-16,62.197,,,62.197,1.0,,
辣椒类,2021-04-17,27.471,33.575,11.22,72.266,0.380137270639028,0.46460299449256914,0.15525973486840283
辣椒类,2021-04-18,118.063,,,118.063,1.0,,
辣椒类,2021-04-19,46.927,4.036,8.052,59.015,0.7951707193086504,0.06838939252732355,0.13643988816402608
辣椒类,2021-04-20,64.062,,,64.062,1.0,,
辣椒类,2021-04-21,50.684,,,50.684,1.0,,
辣椒类,2021-04-22,47.905,,,47.905,1.0,,
辣椒类,2021-04-23,53.397,,,53.397,1.0,,
辣椒类,2021-04-24,102.501,,,102.501,1.0,,
辣椒类,2021-04-25,71.047,,,71.047,1.0,,
辣椒类,2021-04-26,60.716,,,60.716,1.0,,
辣椒类,2021-04-27,50.15,,,50.15,1.0,,
辣椒类,2021-04-28,47.189,,,47.189,1.0,,
辣椒类,2021-04-29,54.543,,,54.543,1.0,,
辣椒类,2021-04-30,52.865,,,52.865,1.0,,
辣椒类,2021-05-01,77.396,,,77.396,1.0,,
辣椒类,2021-05-02,80.42,,,80.42,1.0,,
辣椒类,2021-05-03,83.419,,,83.419,1.0,,
辣椒类,2021-05-04,43.846,,,43.846,1.0,,
辣椒类,2021-05-05,72.08,,,72.08,1.0,,
辣椒类,2021-05-06,61.973,,11.033,73.006,0.848875434895762,,0.151124565104238
辣椒类,2021-05-07,73.962,,,73.962,1.0,,
辣椒类,2021-05-08,69.529,,,69.529,1.0,,
辣椒类,2021-05-09,95.075,,,95.075,1.0,,
辣椒类,2021-05-10,60.825,,,60.825,1.0,,
辣椒类,2021-05-11,46.524,,,46.524,1.0,,
辣椒类,2021-05-12,42.616,,,42.616,1.0,,
辣椒类,2021-05-13,47.949,,,47.949,1.0,,
辣椒类,2021-05-14,51.909,,,51.909,1.0,,
辣椒类,2021-05-15,86.637,,,86.637,1.0,,
辣椒类,2021-05-16,153.275,,0.134,153.409,0.9991265180008997,,0.000873481999100444
辣椒类,2021-05-17,76.099,,,76.099,1.0,,
辣椒类,2021-05-18,84.864,,,84.864,1.0,,
辣椒类,2021-05-19,76.853,,,76.853,1.0,,
辣椒类,2021-05-20,61.568,,,61.568,1.0,,
辣椒类,2021-05-21,36.494,,,36.494,1.0,,
辣椒类,2021-05-22,98.93599999999999,,,98.93599999999999,1.0,,
辣椒类,2021-05-23,137.485,,,137.485,1.0,,
辣椒类,2021-05-24,54.772,,,54.772,1.0,,
辣椒类,2021-05-25,57.519,,,57.519,1.0,,
辣椒类,2021-05-26,65.416,,,65.416,1.0,,
辣椒类,2021-05-27,37.078,,,37.078,1.0,,
辣椒类,2021-05-28,67.01,,,67.01,1.0,,
辣椒类,2021-05-29,116.845,,,116.845,1.0,,
辣椒类,2021-05-30,106.615,,,106.615,1.0,,
辣椒类,2021-05-31,60.118,,,60.118,1.0,,
辣椒类,2021-06-01,76.648,,,76.648,1.0,,
辣椒类,2021-06-02,89.386,,,89.386,1.0,,
辣椒类,2021-06-03,75.206,,,75.206,1.0,,
辣椒类,2021-06-04,63.291,0.412,,63.702999999999996,0.993532486696074,0.006467513303926032,
辣椒类,2021-06-05,87.95,3.0,1.0,91.95,0.9564980967917346,0.03262642740619902,0.01087547580206634
辣椒类,2021-06-06,87.63,0.5760000000000001,0.465,88.67099999999999,0.988259972256995,0.0064959231315762775,0.0052441046114287656
辣椒类,2021-06-07,67.98,,0.9850000000000001,68.965,0.9857173928804466,,0.014282607119553398
辣椒类,2021-06-08,55.934,0.167,,56.101,0.9970232259674515,0.00297677403254844,
辣椒类,2021-06-09,52.093,,,52.093,1.0,,
辣椒类,2021-06-10,57.091,,,57.091,1.0,,
辣椒类,2021-06-11,74.873,,,74.873,1.0,,
辣椒类,2021-06-12,77.636,,,77.636,1.0,,
辣椒类,2021-06-13,88.783,0.093,,88.876,0.9989535982717493,0.0010464017282505963,
辣椒类,2021-06-14,69.697,,,69.697,1.0,,
辣椒类,2021-06-15,61.187,,,61.187,1.0,,
辣椒类,2021-06-16,46.695,,,46.695,1.0,,
辣椒类,2021-06-17,45.845,,,45.845,1.0,,
辣椒类,2021-06-18,46.754,,,46.754,1.0,,
辣椒类,2021-06-19,87.633,,,87.633,1.0,,
辣椒类,2021-06-20,85.134,,,85.134,1.0,,
辣椒类,2021-06-21,58.693,,,58.693,1.0,,
辣椒类,2021-06-22,56.135,,,56.135,1.0,,
辣椒类,2021-06-23,53.900999999999996,,,53.900999999999996,1.0,,
辣椒类,2021-06-24,41.586,,,41.586,1.0,,
辣椒类,2021-06-25,35.531,,,35.531,1.0,,
辣椒类,2021-06-26,82.43900000000001,,,82.43900000000001,1.0,,
辣椒类,2021-06-27,79.121,,,79.121,1.0,,
辣椒类,2021-06-28,45.81,,,45.81,1.0,,
辣椒类,2021-06-29,40.321,,,40.321,1.0,,
辣椒类,2021-06-30,39.114,,,39.114,1.0,,
辣椒类,2021-07-01,54.567,,,54.567,1.0,,
辣椒类,2021-07-02,51.498,0.287,,51.785,0.9944578545910978,0.005542145408902192,
辣椒类,2021-07-03,73.552,,,73.552,1.0,,
辣椒类,2021-07-04,57.583,,,57.583,1.0,,
辣椒类,2021-07-05,53.877,,,53.877,1.0,,
辣椒类,2021-07-06,46.553,,,46.553,1.0,,
辣椒类,2021-07-07,38.244,,,38.244,1.0,,
辣椒类,2021-07-08,44.995,,,44.995,1.0,,
辣椒类,2021-07-09,34.612,,,34.612,1.0,,
辣椒类,2021-07-10,52.771,,,52.771,1.0,,
辣椒类,2021-07-11,39.195,,,39.195,1.0,,
辣椒类,2021-07-12,42.472,,,42.472,1.0,,
辣椒类,2021-07-13,20.112,,4.517,24.628999999999998,0.8165983190547729,,0.1834016809452272
辣椒类,2021-07-14,51.339,,,51.339,1.0,,
辣椒类,2021-07-15,48.957,,,48.957,1.0,,
辣椒类,2021-07-16,57.948,,,57.948,1.0,,
辣椒类,2021-07-17,60.204,,,60.204,1.0,,
辣椒类,2021-07-18,67.134,,,67.134,1.0,,
辣椒类,2021-07-19,40.146,,,40.146,1.0,,
辣椒类,2021-07-20,40.886,,,40.886,1.0,,
辣椒类,2021-07-21,58.081,,,58.081,1.0,,
辣椒类,2021-07-22,56.815,,,56.815,1.0,,
辣椒类,2021-07-23,45.06,,,45.06,1.0,,
辣椒类,2021-07-24,82.893,,,82.893,1.0,,
辣椒类,2021-07-25,72.385,,,72.385,1.0,,
辣椒类,2021-07-26,47.928,,,47.928,1.0,,
辣椒类,2021-07-27,54.649,,,54.649,1.0,,
辣椒类,2021-07-28,63.485,,,63.485,1.0,,
辣椒类,2021-07-29,33.377,,,33.377,1.0,,
辣椒类,2021-07-30,50.321,,,50.321,1.0,,
辣椒类,2021-07-31,57.015,,,57.015,1.0,,
辣椒类,2021-08-01,33.848,29.753,12.723,76.324,0.4434778051464808,0.3898249567632724,0.16669723809024686
辣椒类,2021-08-02,32.36,36.277,10.492,79.129,0.40895247001731344,0.45845391702157234,0.13259361296111413
辣椒类,2021-08-03,31.535,22.77,1.596,55.900999999999996,0.5641222876156062,0.4073272392264897,0.028550473157904155
辣椒类,2021-08-04,36.548,37.178,15.314,89.03999999999999,0.41046720575022466,0.41754267744833784,0.17199011680143758
辣椒类,2021-08-05,28.675,25.15,11.244,65.069,0.44068604097189135,0.38651277874256557,0.17280118028554303
辣椒类,2021-08-06,51.048,,,51.048,1.0,,
辣椒类,2021-08-07,69.382,,,69.382,1.0,,
辣椒类,2021-08-08,54.567,,,54.567,1.0,,
辣椒类,2021-08-09,61.457,,,61.457,1.0,,
辣椒类,2021-08-10,66.971,,,66.971,1.0,,
辣椒类,2021-08-11,61.666000000000004,,,61.666000000000004,1.0,,
辣椒类,2021-08-12,83.793,,,83.793,1.0,,
辣椒类,2021-08-13,88.147,,,88.147,1.0,,
辣椒类,2021-08-14,96.491,,,96.491,1.0,,
辣椒类,2021-08-15,78.29899999999999,0.05,,78.34899999999999,0.9993618297617073,0.0006381702382927671,
辣椒类,2021-08-16,52.116,,,52.116,1.0,,
辣椒类,2021-08-17,59.86,,,59.86,1.0,,
辣椒类,2021-08-18,54.410000000000004,,,54.410000000000004,1.0,,
辣椒类,2021-08-19,50.988,,,50.988,1.0,,
辣椒类,2021-08-20,47.075,,,47.075,1.0,,
辣椒类,2021-08-21,67.629,,,67.629,1.0,,
辣椒类,2021-08-22,94.447,,,94.447,1.0,,
辣椒类,2021-08-23,15.773,,,15.773,1.0,,
辣椒类,2021-08-24,53.891,,,53.891,1.0,,
辣椒类,2021-08-25,53.903,,,53.903,1.0,,
辣椒类,2021-08-26,61.124,,,61.124,1.0,,
辣椒类,2021-08-27,64.045,,,64.045,1.0,,
辣椒类,2021-08-28,75.85,,,75.85,1.0,,
辣椒类,2021-08-29,81.325,,,81.325,1.0,,
辣椒类,2021-08-30,65.327,,,65.327,1.0,,
辣椒类,2021-08-31,66.34100000000001,,,66.34100000000001,1.0,,
辣椒类,2021-09-01,44.769,,,44.769,1.0,,
辣椒类,2021-09-02,44.128,,,44.128,1.0,,
辣椒类,2021-09-03,42.436,,,42.436,1.0,,
辣椒类,2021-09-04,90.712,,,90.712,1.0,,
辣椒类,2021-09-05,63.285,,,63.285,1.0,,
辣椒类,2021-09-06,42.718,,,42.718,1.0,,
辣椒类,2021-09-07,45.158,0.078,,45.236000000000004,0.9982757096118136,0.0017242903881864,
辣椒类,2021-09-08,36.083,,,36.083,1.0,,
辣椒类,2021-09-09,39.957,,,39.957,1.0,,
辣椒类,2021-09-10,36.978,,,36.978,1.0,,
辣椒类,2021-09-11,53.88,,,53.88,1.0,,
辣椒类,2021-09-12,52.389,,,52.389,1.0,,
辣椒类,2021-09-13,46.014,,,46.014,1.0,,
辣椒类,2021-09-14,34.598,,,34.598,1.0,,
辣椒类,2021-09-15,33.653,,,33.653,1.0,,
辣椒类,2021-09-16,33.706,,,33.706,1.0,,
辣椒类,2021-09-17,30.378,,,30.378,1.0,,
辣椒类,2021-09-18,45.049,,,45.049,1.0,,
辣椒类,2021-09-19,75.511,,,75.511,1.0,,
辣椒类,2021-09-20,88.648,,,88.648,1.0,,
辣椒类,2021-09-21,53.371,44.875,2.2,100.44600000000001,0.531340222607172,0.4467574617207255,0.02190231567210242
辣椒类,2021-09-22,50.963,,,50.963,1.0,,
辣椒类,2021-09-23,45.501,,,45.501,1.0,,
辣椒类,2021-09-24,26.686,7.713,5.747999999999999,40.147,0.664707201036192,0.19211896281166713,0.14317383615214088
辣椒类,2021-09-25,29.969,39.772,7.535,77.276,0.3878176924271443,0.5146746726021015,0.09750763497075418
辣椒类,2021-09-26,46.272,,,46.272,1.0,,
辣椒类,2021-09-27,32.674,,,32.674,1.0,,
辣椒类,2021-09-28,34.777,,,34.777,1.0,,
辣椒类,2021-09-29,50.474000000000004,,,50.474000000000004,1.0,,
辣椒类,2021-09-30,37.589,,,37.589,1.0,,
辣椒类,2021-10-01,81.648,,,81.648,1.0,,
辣椒类,2021-10-02,67.466,,,67.466,1.0,,
辣椒类,2021-10-03,37.899,,,37.899,1.0,,
辣椒类,2021-10-04,70.165,,,70.165,1.0,,
辣椒类,2021-10-05,74.013,,,74.013,1.0,,
辣椒类,2021-10-06,79.233,,,79.233,1.0,,
辣椒类,2021-10-07,62.908,,,62.908,1.0,,
辣椒类,2021-10-08,65.805,,,65.805,1.0,,
辣椒类,2021-10-09,61.377,,,61.377,1.0,,
辣椒类,2021-10-10,111.306,,,111.306,1.0,,
辣椒类,2021-10-11,64.755,,,64.755,1.0,,
辣椒类,2021-10-12,57.257,,,57.257,1.0,,
辣椒类,2021-10-13,44.341,,,44.341,1.0,,
辣椒类,2021-10-14,38.431,,,38.431,1.0,,
辣椒类,2021-10-15,54.933,,,54.933,1.0,,
辣椒类,2021-10-16,93.373,,,93.373,1.0,,
辣椒类,2021-10-17,64.30799999999999,,,64.30799999999999,1.0,,
辣椒类,2021-10-18,40.29,,,40.29,1.0,,
辣椒类,2021-10-19,40.052,,,40.052,1.0,,
辣椒类,2021-10-20,43.48,,,43.48,1.0,,
辣椒类,2021-10-21,29.336,,,29.336,1.0,,
辣椒类,2021-10-22,30.078,,,30.078,1.0,,
辣椒类,2021-10-23,51.363,,,51.363,1.0,,
辣椒类,2021-10-24,41.481,,,41.481,1.0,,
辣椒类,2021-10-25,27.46,,,27.46,1.0,,
辣椒类,2021-10-26,35.664,,,35.664,1.0,,
辣椒类,2021-10-27,32.692,,,32.692,1.0,,
辣椒类,2021-10-28,25.502,,,25.502,1.0,,
辣椒类,2021-10-29,25.203,,,25.203,1.0,,
辣椒类,2021-10-30,26.181,,,26.181,1.0,,
辣椒类,2021-10-31,35.237,,,35.237,1.0,,
辣椒类,2021-11-01,23.439,,,23.439,1.0,,
辣椒类,2021-11-02,25.556,,,25.556,1.0,,
辣椒类,2021-11-03,25.358999999999998,,,25.358999999999998,1.0,,
辣椒类,2021-11-04,24.241,,,24.241,1.0,,
辣椒类,2021-11-05,22.532,11.203,3.388,37.123,0.6069552568488539,0.30178056730328906,0.09126417584785712
辣椒类,2021-11-06,27.548,7.5600000000000005,0.385,35.492999999999995,0.776153044262249,0.21299974642887334,0.010847209308877809
辣椒类,2021-11-07,41.108,5.101,0.45999999999999996,46.669,0.8808416722021042,0.1093016777732542,0.009856650024641625
辣椒类,2021-11-08,24.775000000000002,,,24.775000000000002,1.0,,
辣椒类,2021-11-09,23.626,,,23.626,1.0,,
辣椒类,2021-11-10,21.358,7.033,0.251,28.642000000000003,0.745688150268836,0.24554849521681446,0.008763354514349555
辣椒类,2021-11-11,18.369,3.395,0.9279999999999999,22.692,0.8094923320994183,0.1496121981315001,0.040895469769081615
辣椒类,2021-11-12,25.182,,,25.182,1.0,,
辣椒类,2021-11-13,28.792,,,28.792,1.0,,
辣椒类,2021-11-14,39.412,,,39.412,1.0,,
辣椒类,2021-11-15,29.577,,,29.577,1.0,,
辣椒类,2021-11-16,27.575,,,27.575,1.0,,
辣椒类,2021-11-17,18.162,2.939,2.254,23.355,0.7776493256262041,0.12584029115821024,0.09651038321558553
辣椒类,2021-11-18,12.35,2.901,1.315,16.566,0.7455028371363033,0.1751177109742847,0.07937945188941205
辣椒类,2021-11-19,13.522,4.992,0.976,19.49,0.6937916880451515,0.25613134940995386,0.05007696254489482
辣椒类,2021-11-20,34.164,,,34.164,1.0,,
辣椒类,2021-11-21,30.26,,,30.26,1.0,,
辣椒类,2021-11-22,22.036,,,22.036,1.0,,
辣椒类,2021-11-23,18.004,,,18.004,1.0,,
辣椒类,2021-11-24,21.68,,,21.68,1.0,,
辣椒类,2021-11-25,20.413,,,20.413,1.0,,
辣椒类,2021-11-26,14.855,,,14.855,1.0,,
辣椒类,2021-11-27,37.591,,,37.591,1.0,,
辣椒类,2021-11-28,25.149,,,25.149,1.0,,
辣椒类,2021-11-29,19.812,,,19.812,1.0,,
辣椒类,2021-11-30,32.472,,,32.472,1.0,,
辣椒类,2021-12-01,23.68,0.43899999999999995,,24.119,0.9817985820307641,0.01820141796923587,
辣椒类,2021-12-02,22.703,,,22.703,1.0,,
辣椒类,2021-12-03,25.931,,,25.931,1.0,,
辣椒类,2021-12-04,36.36,,,36.36,1.0,,
辣椒类,2021-12-05,37.123,,,37.123,1.0,,
辣椒类,2021-12-06,37.461,,,37.461,1.0,,
辣椒类,2021-12-07,29.638,,,29.638,1.0,,
辣椒类,2021-12-08,24.71,,,24.71,1.0,,
辣椒类,2021-12-09,24.153,,,24.153,1.0,,
辣椒类,2021-12-10,26.56,,,26.56,1.0,,
辣椒类,2021-12-11,43.575,,,43.575,1.0,,
辣椒类,2021-12-12,43.444,,,43.444,1.0,,
辣椒类,2021-12-13,33.333,,,33.333,1.0,,
辣椒类,2021-12-14,30.287,,,30.287,1.0,,
辣椒类,2021-12-15,29.243,,,29.243,1.0,,
辣椒类,2021-12-16,33.832,,,33.832,1.0,,
辣椒类,2021-12-17,34.228,,,34.228,1.0,,
辣椒类,2021-12-18,59.298,,,59.298,1.0,,
辣椒类,2021-12-19,52.980000000000004,,,52.980000000000004,1.0,,
辣椒类,2021-12-20,50.948,,,50.948,1.0,,
辣椒类,2021-12-21,31.633,,,31.633,1.0,,
辣椒类,2021-12-22,22.57,,,22.57,1.0,,
辣椒类,2021-12-23,33.503,,,33.503,1.0,,
辣椒类,2021-12-24,52.243,,,52.243,1.0,,
辣椒类,2021-12-25,65.339,,,65.339,1.0,,
辣椒类,2021-12-26,64.634,,,64.634,1.0,,
辣椒类,2021-12-27,37.586,,,37.586,1.0,,
辣椒类,2021-12-28,37.114,5.67,,42.784,0.8674738219895287,0.1325261780104712,
辣椒类,2021-12-29,29.404,4.985,0.911,35.300000000000004,0.8329745042492916,0.14121813031161473,0.025807365439093483
辣椒类,2021-12-30,30.451,3.479,1.171,35.101,0.8675251417338538,0.09911398535654255,0.03336087290960372
辣椒类,2021-12-31,66.714,,,66.714,1.0,,
辣椒类,2022-01-01,57.833,,,57.833,1.0,,
辣椒类,2022-01-02,45.828,,,45.828,1.0,,
辣椒类,2022-01-03,81.754,,,81.754,1.0,,
辣椒类,2022-01-04,58.207,,,58.207,1.0,,
辣椒类,2022-01-05,66.638,,,66.638,1.0,,
辣椒类,2022-01-06,66.856,,,66.856,1.0,,
辣椒类,2022-01-07,49.32,,,49.32,1.0,,
辣椒类,2022-01-08,80.046,,,80.046,1.0,,
辣椒类,2022-01-09,81.556,,,81.556,1.0,,
辣椒类,2022-01-10,57.481,,,57.481,1.0,,
辣椒类,2022-01-11,81.87,,,81.87,1.0,,
辣椒类,2022-01-12,72.888,,2.0,74.888,0.9732934515543211,,0.02670654844567888
辣椒类,2022-01-13,63.209,,,63.209,1.0,,
辣椒类,2022-01-14,78.342,,,78.342,1.0,,
辣椒类,2022-01-15,96.244,,,96.244,1.0,,
辣椒类,2022-01-16,86.336,2.0,,88.336,0.9773591740626698,0.022640825937330192,
辣椒类,2022-01-17,47.324,,,47.324,1.0,,
辣椒类,2022-01-18,56.238,,,56.238,1.0,,
辣椒类,2022-01-19,55.99,,,55.99,1.0,,
辣椒类,2022-01-20,67.17,1.0,,68.17,0.9853307906703829,0.014669209329617133,
辣椒类,2022-01-21,79.348,,2.0,81.348,0.9754142695579485,,0.024585730442051434
辣椒类,2022-01-22,100.68,3.0,,103.68,0.9710648148148148,0.028935185185185182,
辣椒类,2022-01-23,124.431,,,124.431,1.0,,
辣椒类,2022-01-24,117.056,,,117.056,1.0,,
辣椒类,2022-01-25,84.379,,1.0,85.379,0.988287518007941,,0.011712481992058937
辣椒类,2022-01-26,91.362,,2.0,93.362,0.9785780081832008,,0.021421991816799126
辣椒类,2022-01-27,157.221,,,157.221,1.0,,
辣椒类,2022-01-28,222.648,,,222.648,1.0,,
辣椒类,2022-01-29,356.647,,,356.647,1.0,,
辣椒类,2022-01-30,403.185,,,403.185,1.0,,
辣椒类,2022-02-01,52.92,,,52.92,1.0,,
辣椒类,2022-02-02,89.27,,,89.27,1.0,,
辣椒类,2022-02-03,125.952,,,125.952,1.0,,
辣椒类,2022-02-04,168.229,,,168.229,1.0,,
辣椒类,2022-02-05,79.349,,,79.349,1.0,,
辣椒类,2022-02-06,127.903,,,127.903,1.0,,
辣椒类,2022-02-07,105.783,,,105.783,1.0,,
辣椒类,2022-02-08,80.106,,3.0,83.106,0.9639015233557144,,0.036098476644285615
辣椒类,2022-02-09,72.859,5.0,4.0,81.859,0.890054850413516,0.061080638659157825,0.04886451092732626
辣椒类,2022-02-10,84.39,3.0,8.0,95.39,0.8846839291330328,0.03144983750917287,0.08386623335779432
辣椒类,2022-02-11,74.496,3.0,3.0,80.496,0.9254621347644604,0.037268932617769826,0.037268932617769826
辣椒类,2022-02-12,62.244,1.0,,63.244,0.98418822338878,0.015811776611220036,
辣椒类,2022-02-13,53.381,,,53.381,1.0,,
辣椒类,2022-02-14,56.165,,,56.165,1.0,,
辣椒类,2022-02-15,65.56099999999999,,,65.56099999999999,1.0,,
辣椒类,2022-02-16,49.306,,1.0,50.306,0.9801216554685326,,0.01987834453146742
辣椒类,2022-02-17,62.319,2.0,2.0,66.319,0.9396854596721905,0.03015727016390476,0.03015727016390476
辣椒类,2022-02-18,68.479,3.0,6.0,77.479,0.8838394919913783,0.03872016933620723,0.07744033867241445
辣椒类,2022-02-19,76.409,5.0,3.0,84.409,0.9052233766541483,0.05923538959115734,0.0355412337546944
辣椒类,2022-02-20,73.20400000000001,7.0,,80.20400000000001,0.91272255747843,0.08727744252156999,
辣椒类,2022-02-21,51.127,2.0,1.0,54.127,0.9445747963123764,0.036950135791749036,0.018475067895874518
辣椒类,2022-02-22,69.428,4.0,10.0,83.428,0.8321906314426811,0.047945533873519686,0.11986383468379921
辣椒类,2022-02-23,37.044,4.0,5.0,46.044,0.8045347928068803,0.08687342541916428,0.10859178177395536
辣椒类,2022-02-24,45.707,8.0,7.0,60.707,0.7529115258536907,0.1317805195446983,0.11530795460161102
辣椒类,2022-02-25,49.539,15.0,2.0,66.539,0.7445107380633914,0.2254317017087723,0.030057560227836306
辣椒类,2022-02-26,93.277,2.0,1.0,96.277,0.9688399098434725,0.020773393437685014,0.010386696718842507
辣椒类,2022-02-27,83.842,5.0,2.0,90.842,0.9229431320314392,0.05504061997754343,0.02201624799101737
辣椒类,2022-02-28,57.122,1.0,8.0,66.122,0.8638879646713651,0.015123559480959439,0.12098847584767551
辣椒类,2022-03-01,56.582,,4.0,60.582,0.9339737875936747,,0.06602621240632531
辣椒类,2022-03-02,46.755,10.0,13.0,69.755,0.6702745322915921,0.14335889900365567,0.18636656870475235
辣椒类,2022-03-03,51.075,2.0,1.0,54.075,0.9445214979195562,0.03698566805362922,0.01849283402681461
辣椒类,2022-03-04,60.59,3.0,9.0,72.59,0.8346879735500757,0.04132800661248106,0.12398401983744317
辣椒类,2022-03-05,90.358,6.0,7.0,103.358,0.8742235724375472,0.05805065887497823,0.0677257686874746
辣椒类,2022-03-06,76.904,5.0,,81.904,0.9389529204922836,0.06104707950771635,
辣椒类,2022-03-07,46.889,4.0,2.0,52.889,0.8865548601788652,0.07563009321408988,0.03781504660704494
辣椒类,2022-03-08,62.127,1.0,8.0,71.12700000000001,0.8734657724914588,0.014059358612060115,0.11247486889648092
辣椒类,2022-03-09,56.036,1.0,5.0,62.036,0.9032819653104649,0.01611967244825585,0.08059836224127925
辣椒类,2022-03-10,39.407000000000004,16.0,2.0,57.407000000000004,0.6864493877053321,0.2787116553730381,0.03483895692162976
辣椒类,2022-03-11,34.281,10.0,9.0,53.281,0.6434000863347159,0.18768416508699162,0.16891574857829245
辣椒类,2022-03-12,89.029,3.0,3.0,95.029,0.9368613791579412,0.031569310421029374,0.031569310421029374
辣椒类,2022-03-13,74.903,1.0,2.0,77.903,0.9614905716082821,0.012836476130572634,0.025672952261145267
辣椒类,2022-03-14,86.701,8.0,2.0,96.701,0.8965884530666695,0.08272923754666446,0.020682309386666115
辣椒类,2022-03-15,69.283,3.0,8.0,80.283,0.8629846916532765,0.037367811367288215,0.09964749697943524
辣椒类,2022-03-16,56.957,13.0,3.0,72.957,0.7806927368175776,0.1781871513357183,0.04112011184670423
辣椒类,2022-03-17,62.519,12.0,10.0,84.519,0.7397034986216117,0.14197990984275724,0.11831659153563104
辣椒类,2022-03-18,83.461,1.0,10.0,94.461,0.8835498247954182,0.01058637956405289,0.10586379564052889
辣椒类,2022-03-19,102.315,20.0,8.0,130.315,0.7851360165752216,0.15347427387484172,0.061389709549936694
辣椒类,2022-03-20,103.566,2.0,,105.566,0.9810545061857038,0.01894549381429627,
辣椒类,2022-03-21,69.925,,3.0,72.925,0.9588618443606445,,0.0411381556393555
辣椒类,2022-03-22,80.407,3.0,4.264,87.67099999999999,0.9171447799158217,0.03421884089379613,0.04863637919038223
辣椒类,2022-03-23,73.065,5.213,4.0,82.27799999999999,0.8880259607671553,0.06335837040278082,0.048615668830063935
辣椒类,2022-03-24,44.68,3.0,1.0,48.68,0.9178307313064914,0.06162695152013147,0.020542317173377157
辣椒类,2022-03-25,61.998,4.0,8.389,74.38699999999999,0.833452081680939,0.05377283665156547,0.11277508166749568
辣椒类,2022-03-26,87.554,2.0,5.0,94.554,0.9259682297946147,0.021151934344395794,0.05287983586098949
辣椒类,2022-03-27,85.283,3.0,1.0,89.283,0.9551986380385964,0.03360102147105272,0.011200340490350907
辣椒类,2022-03-28,57.16,5.0,2.0,64.16,0.8908977556109725,0.07793017456359103,0.03117206982543641
辣椒类,2022-03-29,57.004,3.0,5.0,65.00399999999999,0.8769306504215126,0.04615100609193281,0.07691834348655469
辣椒类,2022-03-30,64.721,3.0,2.0,69.721,0.928285595444701,0.043028642733179384,0.02868576182211959
辣椒类,2022-03-31,46.92,5.0,3.0,54.92,0.8543335761107065,0.09104151493080845,0.05462490895848507
辣椒类,2022-04-01,65.48,7.0,8.0,80.48,0.8136182902584493,0.08697813121272366,0.09940357852882703
辣椒类,2022-04-02,64.349,3.0,4.0,71.349,0.9018907062467589,0.04204684017996047,0.05606245357328063
辣椒类,2022-04-03,75.131,7.0,14.0,96.131,0.7815480958275687,0.07281730139081045,0.1456346027816209
辣椒类,2022-04-04,96.732,7.0,4.0,107.732,0.8978947759254446,0.06497605168380796,0.03712917239074741
辣椒类,2022-04-05,33.664,,5.0,38.664,0.8706807366025243,,0.12931926339747568
辣椒类,2022-04-06,31.127,5.0,2.0,38.126999999999995,0.816403073937105,0.13114066147349648,0.052456264589398595
辣椒类,2022-04-07,22.799,2.0,4.0,28.799,0.7916594326191881,0.06944685579360395,0.1388937115872079
辣椒类,2022-04-08,25.32,1.0,10.653,36.973,0.6848240608011251,0.027046763854704784,0.2881291753441701
辣椒类,2022-04-09,120.106,9.0,4.0,133.106,0.9023334785809806,0.06761528405932114,0.030051237359698287
辣椒类,2022-04-10,103.536,4.345,6.0,113.881,0.909159561296441,0.03815386236510041,0.052686576338458566
辣椒类,2022-04-11,52.305,12.0,5.0,69.305,0.7547074525647499,0.17314768054252938,0.07214486689272058
辣椒类,2022-04-12,66.22,5.0,5.0,76.22,0.8688008396746261,0.06559958016268697,0.06559958016268697
辣椒类,2022-04-13,59.95,15.0,2.0,76.95,0.7790773229369721,0.1949317738791423,0.02599090318388564
辣椒类,2022-04-14,58.011,,1.0,59.011,0.9830540068800732,,0.016945993119926794
辣椒类,2022-04-15,69.72,,,69.72,1.0,,
辣椒类,2022-04-16,77.376,3.0,4.0,84.376,0.9170380202901299,0.0355551341613729,0.0474068455484972
辣椒类,2022-04-17,73.746,2.0,10.0,85.746,0.8600517808410888,0.023324703193151868,0.11662351596575934
辣椒类,2022-04-18,53.58,4.0,5.37,62.949999999999996,0.8511517077045274,0.06354249404289118,0.08530579825258142
辣椒类,2022-04-19,45.306,1.0,7.0,53.306,0.8499230855813604,0.018759614302329947,0.13131730011630963
辣椒类,2022-04-20,49.324,,2.0,51.324,0.961031875925493,,0.03896812407450705
辣椒类,2022-04-21,50.831,6.0,3.0,59.831,0.8495763065969146,0.10028246226872356,0.05014123113436178
辣椒类,2022-04-22,56.833,7.0,6.0,69.833,0.8138415935159595,0.10023914195294488,0.08591926453109562
辣椒类,2022-04-23,76.55,9.0,1.0,86.55,0.8844598497978048,0.10398613518197573,0.011554015020219527
辣椒类,2022-04-24,63.739,,,63.739,1.0,,
辣椒类,2022-04-25,85.477,1.0,9.350999999999999,95.828,0.8919835538673456,0.010435363359352173,0.09758108277330216
辣椒类,2022-04-26,56.252,1.076,4.0,61.328,0.9172319332115836,0.01754500391338377,0.06522306287503261
辣椒类,2022-04-27,60.366,,4.0,64.366,0.9378553894913464,,0.062144610508653636
辣椒类,2022-04-28,71.389,,9.0,80.389,0.8880443841819154,,0.11195561581808457
辣椒类,2022-04-29,90.804,2.0,4.0,96.804,0.938019090120243,0.020660303293252344,0.04132060658650469
辣椒类,2022-04-30,75.21,6.0,,81.21,0.9261174732175841,0.07388252678241597,
辣椒类,2022-05-01,65.841,,,65.841,1.0,,
辣椒类,2022-05-02,57.464,,,57.464,1.0,,
辣椒类,2022-05-03,67.711,,,67.711,1.0,,
辣椒类,2022-05-04,51.194,,,51.194,1.0,,
辣椒类,2022-05-05,32.252,,,32.252,1.0,,
辣椒类,2022-05-06,56.612,,,56.612,1.0,,
辣椒类,2022-05-07,86.212,,,86.212,1.0,,
辣椒类,2022-05-08,86.554,,,86.554,1.0,,
辣椒类,2022-05-09,55.773,,,55.773,1.0,,
辣椒类,2022-05-10,59.294,,,59.294,1.0,,
辣椒类,2022-05-11,42.635,,,42.635,1.0,,
辣椒类,2022-05-12,37.193,,,37.193,1.0,,
辣椒类,2022-05-13,58.386,,,58.386,1.0,,
辣椒类,2022-05-14,79.242,,,79.242,1.0,,
辣椒类,2022-05-15,63.751,,,63.751,1.0,,
辣椒类,2022-05-16,41.681,,,41.681,1.0,,
辣椒类,2022-05-17,41.52,,,41.52,1.0,,
辣椒类,2022-05-18,40.714,,,40.714,1.0,,
辣椒类,2022-05-19,31.666,,,31.666,1.0,,
辣椒类,2022-05-20,37.853,,,37.853,1.0,,
辣椒类,2022-05-21,45.847,,,45.847,1.0,,
辣椒类,2022-05-22,40.928,,,40.928,1.0,,
辣椒类,2022-05-23,35.072,,,35.072,1.0,,
辣椒类,2022-05-24,32.072,,,32.072,1.0,,
辣椒类,2022-05-25,31.823,,,31.823,1.0,,
辣椒类,2022-05-26,39.188,,,39.188,1.0,,
辣椒类,2022-05-27,31.927,,,31.927,1.0,,
辣椒类,2022-05-28,55.568,,,55.568,1.0,,
辣椒类,2022-05-29,62.521,,,62.521,1.0,,
辣椒类,2022-05-30,31.081,,,31.081,1.0,,
辣椒类,2022-05-31,38.356,,,38.356,1.0,,
辣椒类,2022-06-01,43.718,,,43.718,1.0,,
辣椒类,2022-06-02,47.188,,,47.188,1.0,,
辣椒类,2022-06-03,69.903,,,69.903,1.0,,
辣椒类,2022-06-04,38.876,,,38.876,1.0,,
辣椒类,2022-06-05,41.001,,,41.001,1.0,,
辣椒类,2022-06-06,40.803,,,40.803,1.0,,
辣椒类,2022-06-07,38.975,,,38.975,1.0,,
辣椒类,2022-06-08,40.958999999999996,,,40.958999999999996,1.0,,
辣椒类,2022-06-09,41.651,,,41.651,1.0,,
辣椒类,2022-06-10,37.531,,,37.531,1.0,,
辣椒类,2022-06-11,61.054,,,61.054,1.0,,
辣椒类,2022-06-12,67.529,,,67.529,1.0,,
辣椒类,2022-06-13,29.923,,,29.923,1.0,,
辣椒类,2022-06-14,29.213,,,29.213,1.0,,
辣椒类,2022-06-15,39.656,,,39.656,1.0,,
辣椒类,2022-06-16,48.132,2.0,,50.132,0.9601053219500518,0.03989467804994814,
辣椒类,2022-06-17,47.1,,,47.1,1.0,,
辣椒类,2022-06-18,80.225,,,80.225,1.0,,
辣椒类,2022-06-19,79.311,,,79.311,1.0,,
辣椒类,2022-06-20,46.065,,,46.065,1.0,,
辣椒类,2022-06-21,32.467,,,32.467,1.0,,
辣椒类,2022-06-22,35.161,,,35.161,1.0,,
辣椒类,2022-06-23,29.211000000000002,,,29.211000000000002,1.0,,
辣椒类,2022-06-24,33.789,,,33.789,1.0,,
辣椒类,2022-06-25,39.414,,,39.414,1.0,,
辣椒类,2022-06-26,43.418,,,43.418,1.0,,
辣椒类,2022-06-27,28.076999999999998,,,28.076999999999998,1.0,,
辣椒类,2022-06-28,28.268,,,28.268,1.0,,
辣椒类,2022-06-29,20.954,,1.0,21.954,0.9544502140839938,,0.0455497859160062
辣椒类,2022-06-30,29.259,,,29.259,1.0,,
辣椒类,2022-07-01,25.326,,,25.326,1.0,,
辣椒类,2022-07-02,55.999,,,55.999,1.0,,
辣椒类,2022-07-03,58.67,,,58.67,1.0,,
辣椒类,2022-07-04,47.642,,,47.642,1.0,,
辣椒类,2022-07-05,49.728,,,49.728,1.0,,
辣椒类,2022-07-06,51.119,,,51.119,1.0,,
辣椒类,2022-07-07,39.874,,,39.874,1.0,,
辣椒类,2022-07-08,42.7,,,42.7,1.0,,
辣椒类,2022-07-09,72.124,,1.0,73.124,0.9863245993107598,,0.013675400689240195
辣椒类,2022-07-10,85.669,,,85.669,1.0,,
辣椒类,2022-07-11,53.659,1.0,3.0,57.659,0.9306266150991173,0.017343346225220695,0.05203003867566208
辣椒类,2022-07-12,49.014,,,49.014,1.0,,
辣椒类,2022-07-13,42.841,,15.0,57.841,0.740668384018257,,0.25933161598174304
辣椒类,2022-07-14,49.446,3.0,,52.446,0.9427983068298822,0.057201693170117834,
辣椒类,2022-07-15,54.053,1.0,5.444,60.497,0.8934823214374266,0.016529745276625287,0.08998793328594806
辣椒类,2022-07-16,69.235,2.0,2.0,73.235,0.945381306752236,0.027309346623882024,0.027309346623882024
辣椒类,2022-07-17,58.421,1.0,4.0,63.421,0.921161760300216,0.015767647939956796,0.06307059175982718
辣椒类,2022-07-18,47.507,,3.0,50.507,0.9406022927514998,,0.05939770724850021
辣椒类,2022-07-19,43.966,2.0,4.0,49.966,0.8799183444742424,0.040027218508585836,0.08005443701717167
辣椒类,2022-07-20,85.656,,3.0,88.656,0.966161342717921,,0.03383865728207904
辣椒类,2022-07-21,96.487,2.0,31.781,130.268,0.7406807504529124,0.015352964657475359,0.24396628488961217
辣椒类,2022-07-22,78.254,1.465,12.0,91.71900000000001,0.8531929044145705,0.015972699222625626,0.13083439636280378
辣椒类,2022-07-23,96.834,27.571,4.0,128.405,0.7541295120906507,0.21471905299637867,0.031151434912970677
辣椒类,2022-07-24,54.852000000000004,1.105,,55.957,0.9802526940329181,0.019747305967081866,
辣椒类,2022-07-25,60.762,2.0,4.0,66.762,0.9101285162218028,0.02995716125939906,0.05991432251879812
辣椒类,2022-07-26,92.29,,6.0,98.29,0.9389561501678706,,0.06104384983212941
辣椒类,2022-07-27,105.891,1.0,2.0,108.891,0.9724495137339174,0.00918349542202753,0.01836699084405506
辣椒类,2022-07-28,101.404,3.0,12.406,116.81,0.8681106069685814,0.025682732642753187,0.10620666038866536
辣椒类,2022-07-29,111.741,5.0,4.0,120.741,0.9254602827539941,0.04141095402555884,0.033128763220447076
辣椒类,2022-07-30,120.902,8.879,11.883,141.66400000000002,0.8534419471425344,0.06267647391009712,0.0838815789473684
辣椒类,2022-07-31,132.453,6.0,4.453,142.906,0.9268540159265531,0.0419856409108085,0.03116034316263838
辣椒类,2022-08-01,138.662,3.685,11.766,154.113,0.8997423968127284,0.023911026324839567,0.07634657686243211
辣椒类,2022-08-02,112.757,3.0,6.527,122.284,0.9220911975401525,0.024533054201694417,0.05337574825815315
辣椒类,2022-08-03,141.987,9.0,9.0,159.987,0.8874908586322638,0.05625457068386806,0.05625457068386806
辣椒类,2022-08-04,134.644,8.0,10.0,152.644,0.8820785618825503,0.05240952805219989,0.06551191006524985
辣椒类,2022-08-05,140.692,9.0,20.0,169.692,0.829102137991184,0.053037267519977366,0.1178605944888386
辣椒类,2022-08-06,151.923,3.0,28.566,183.489,0.8279678890832692,0.01634975393620326,0.15568235698052743
辣椒类,2022-08-07,195.184,7.0,9.0,211.184,0.924236684597318,0.03314645048867339,0.04261686491400864
辣椒类,2022-08-08,120.495,5.0,13.0,138.495,0.87003140907614,0.03610238636773891,0.09386620455612116
辣椒类,2022-08-09,120.22,15.0,26.411,161.631,0.7437929605088133,0.09280397943463815,0.16340306005654856
辣椒类,2022-08-10,141.933,2.449,24.539,168.921,0.8402330083293373,0.014497901385854927,0.1452690902848077
辣椒类,2022-08-11,151.922,,7.585,159.507,0.9524472280213407,,0.047552771978659245
辣椒类,2022-08-12,153.473,10.0,3.0,166.473,0.921909258558445,0.06006980110888852,0.018020940332666557
辣椒类,2022-08-13,202.024,6.461,14.899000000000001,223.38400000000001,0.9043799018730079,0.0289232890448734,0.06669680908211868
辣椒类,2022-08-14,162.309,2.989,22.936,188.234,0.862272490623373,0.015879171669305227,0.12184833770732173
辣椒类,2022-08-15,97.675,8.52,14.804,120.999,0.8072380763477384,0.07041380507276919,0.1223481185794924
辣椒类,2022-08-16,160.183,13.555,10.0,183.738,0.871801151639835,0.07377352534587292,0.05442532301429209
辣椒类,2022-08-17,116.249,11.0,18.882,146.131,0.7955122458615899,0.07527492455399608,0.129212829584414
辣椒类,2022-08-18,178.976,26.975,17.166,223.117,0.8021620943271915,0.12090069335819324,0.07693721231461521
辣椒类,2022-08-19,324.681,9.554,0.546,334.78099999999995,0.9698310238633615,0.028538059208855944,0.0016309169277826403
辣椒类,2022-08-20,194.548,,14.743,209.291,0.9295574104954346,,0.07044258950456542
辣椒类,2022-08-21,214.489,,4.566,219.055,0.9791559197461824,,0.020844080253817534
辣椒类,2022-08-22,94.416,6.237,4.0,104.65299999999999,0.9021814950359761,0.05959695374236764,0.03822155122165633
辣椒类,2022-08-23,98.414,8.722,3.961,111.097,0.8858385014896892,0.07850797051225505,0.03565352799805575
辣椒类,2022-08-24,52.23,6.0,14.954,73.184,0.7136805859204197,0.0819851333624836,0.20433428071709664
辣椒类,2022-08-25,95.888,10.242,4.0,110.13000000000001,0.8706801053300645,0.09299918278398256,0.03632071188595296
辣椒类,2022-08-26,104.538,2.0,22.492,129.03,0.8101836782143688,0.015500271254746957,0.1743160505308843
辣椒类,2022-08-27,131.705,5.237,17.324,154.26600000000002,0.8537526091296851,0.03394785630015687,0.11229953457015804
辣椒类,2022-08-28,205.683,20.926000000000002,25.0,251.60899999999998,0.8174707582002234,0.08316872607895585,0.0993605157208208
辣椒类,2022-08-29,92.42,8.298,15.358,116.07600000000001,0.796202488025087,0.07148764602501809,0.13230986594989488
辣椒类,2022-08-30,89.804,8.0,16.384,114.188,0.7864574210950362,0.07005990121553929,0.14348267768942446
辣椒类,2022-08-31,47.055,2.384,12.182,61.621,0.7636195452848866,0.038688109573035166,0.19769234514207817
辣椒类,2022-09-01,88.341,,12.581,100.922,0.8753393709993856,,0.12466062900061434
辣椒类,2022-09-02,81.547,10.717,11.561,103.82499999999999,0.7854274018781604,0.10322176739706238,0.11135083072477728
辣椒类,2022-09-03,154.947,4.778,16.903,176.628,0.877250492560636,0.02705120365966891,0.09569830377969518
辣椒类,2022-09-04,155.104,1.0,29.298,185.40200000000002,0.8365821296426145,0.005393685073515927,0.15802418528386963
辣椒类,2022-09-05,89.749,,27.858,117.607,0.7631263445203091,,0.23687365547969083
辣椒类,2022-09-06,77.491,2.0,14.278,93.769,0.8264031822883895,0.02132901065384082,0.15226780705776963
辣椒类,2022-09-07,62.203,,7.46,69.663,0.8929130241304567,,0.10708697586954338
辣椒类,2022-09-08,80.883,2.0,8.803,91.68599999999999,0.8821739414959754,0.021813581135615035,0.0960124773684096
辣椒类,2022-09-09,156.365,8.728,15.247,180.34000000000003,0.8670566707330597,0.0483974714428302,0.08454585782411
辣椒类,2022-09-10,142.777,,4.0,146.777,0.9727477738337751,,0.027252226166224955
辣椒类,2022-09-11,83.479,,0.505,83.984,0.9939869498952182,,0.0060130501047818636
辣椒类,2022-09-12,144.6,1.0,,145.6,0.9931318681318682,0.006868131868131868,
辣椒类,2022-09-13,95.551,2.0,7.298,104.849,0.9113200888897367,0.01907505078732272,0.06960486032294061
辣椒类,2022-09-14,63.004,1.409,5.64,70.053,0.8993761866015731,0.020113342754771387,0.08051047064365552
辣椒类,2022-09-15,65.775,,0.754,66.52900000000001,0.9886665965218174,,0.011333403478182446
辣椒类,2022-09-16,90.163,4.0,13.661999999999999,107.82499999999999,0.8361975423139347,0.037097148156735454,0.12670530952932993
辣椒类,2022-09-17,151.062,1.0,16.374,168.436,0.8968510294711345,0.005936973093637939,0.09721199743522761
辣椒类,2022-09-18,154.493,4.182,19.131,177.80599999999998,0.8688851894761707,0.02352001619742866,0.10759479432640069
辣椒类,2022-09-19,37.683,2.0,6.0,45.683,0.8248801523542675,0.043779961911433136,0.13133988573429942
辣椒类,2022-09-20,63.862,,4.0,67.862,0.9410568506675313,,0.05894314933246884
辣椒类,2022-09-21,76.458,,10.0,86.458,0.8843369034675796,,0.11566309653242036
辣椒类,2022-09-22,65.801,3.0,5.0,73.801,0.8916003848186339,0.04064985569301229,0.06774975948835381
辣椒类,2022-09-23,73.708,9.0,4.5920000000000005,87.3,0.844306987399771,0.10309278350515465,0.05260022909507446
辣椒类,2022-09-24,181.297,1.0,11.446,193.743,0.9357602597255127,0.005161476801742514,0.05907826347274482
辣椒类,2022-09-25,118.323,8.965,5.18,132.468,0.8932194945194312,0.06767672192529517,0.039103783555273726
辣椒类,2022-09-26,45.723,6.2379999999999995,7.2170000000000005,59.178,0.7726351008820845,0.10541079455202947,0.12195410456588598
辣椒类,2022-09-27,53.422,5.0,5.172,63.593999999999994,0.8400478032518791,0.07862376953800673,0.08132842721011417
辣椒类,2022-09-28,69.753,8.207,,77.96000000000001,0.8947280656747049,0.10527193432529502,
辣椒类,2022-09-29,66.368,7.0,11.0,84.368,0.7866489664327707,0.08296984638725584,0.13038118717997346
辣椒类,2022-09-30,94.231,5.0,8.246,107.47699999999999,0.8767550266568661,0.04652158136159365,0.07672339198154025
辣椒类,2022-10-01,160.374,5.0,4.0,169.374,0.9468631549116158,0.029520469493546826,0.023616375594837462
辣椒类,2022-10-02,162.166,10.565,6.187,178.918,0.9063705161023485,0.059049396930437405,0.034580086967214034
辣椒类,2022-10-03,108.999,5.273,3.051,117.323,0.929050569794499,0.04494429907179325,0.026005131133707803
辣椒类,2022-10-04,108.099,6.0,1.0,115.099,0.9391827904673368,0.05212903674228273,0.008688172790380455
辣椒类,2022-10-05,162.721,,,162.721,1.0,,
辣椒类,2022-10-06,205.677,,3.0,208.677,0.9856237151195388,,0.014376284880461191
辣椒类,2022-10-07,170.183,,,170.183,1.0,,
辣椒类,2022-10-08,108.422,,6.207,114.62899999999999,0.9458513988606723,,0.05414860113932775
辣椒类,2022-10-09,94.683,8.97,7.313,110.96600000000001,0.8532613593352919,0.08083557125606042,0.06590306940864768
辣椒类,2022-10-10,120.276,7.147,7.314,134.737,0.8926723913995414,0.05304407846397055,0.05428353013648812
辣椒类,2022-10-11,88.298,12.951,18.177,119.42599999999999,0.739353239663055,0.10844372247249344,0.15220303786445163
辣椒类,2022-10-12,72.592,16.724,34.001,123.31700000000001,0.5886617416901156,0.13561796021635297,0.27572029809353127
辣椒类,2022-10-13,71.46,11.385,2.0,84.845,0.8422417349283988,0.1341858683481643,0.023572396723436854
辣椒类,2022-10-14,45.262,1.0,3.0,49.262,0.9188015102919086,0.020299622427022858,0.060898867281068574
辣椒类,2022-10-15,186.728,,17.546,204.274,0.9141055640952839,,0.08589443590471621
辣椒类,2022-10-16,154.909,12.0,12.0,178.909,0.8658535903727593,0.06707320481362034,0.06707320481362034
辣椒类,2022-10-17,92.662,4.0,15.0,111.662,0.8298436352563988,0.035822392577600254,0.13433397216600096
辣椒类,2022-10-18,120.975,14.258,20.0,155.233,0.7793123884741001,0.09184902694658996,0.1288385845793098
辣椒类,2022-10-19,70.132,12.0,14.0,96.132,0.7295385511588233,0.12482836100362002,0.14563308783755669
辣椒类,2022-10-20,79.947,8.0,18.0,105.947,0.7545942782712111,0.07550945283962736,0.16989626888916157
辣椒类,2022-10-21,384.685,13.0,2.0,399.685,0.9624704454758122,0.03252561392096276,0.0050039406032250395
辣椒类,2022-10-22,155.908,,,155.908,1.0,,
辣椒类,2022-10-23,138.434,,,138.434,1.0,,
辣椒类,2022-10-24,61.345,7.0,5.0,73.345,0.8363896652805235,0.0954393619196946,0.06817097279978185
辣椒类,2022-10-25,92.93299999999999,15.227,17.0,125.16,0.7425135826142537,0.12166027484819432,0.13582614253755193
辣椒类,2022-10-26,77.887,19.105,20.394,117.386,0.6635118327568875,0.16275365035012695,0.17373451689298552
辣椒类,2022-10-27,80.81,13.0,20.858,114.668,0.7047301775560749,0.11337077475843303,0.18189904768549203
辣椒类,2022-10-28,104.47,10.0,21.631,136.101,0.7675917149763778,0.07347484588651075,0.15893343913711142
辣椒类,2022-10-29,147.757,9.177,10.551,167.48499999999999,0.8822103471952714,0.054792966534316506,0.06299668627041229
辣椒类,2022-10-30,175.897,17.248,10.0,203.14499999999998,0.865869206724261,0.0849048709050186,0.049225922370720425
辣椒类,2022-10-31,72.714,9.0,2.0,83.714,0.8686002341304919,0.10750889934777935,0.023890866521728744
辣椒类,2022-11-01,69.963,4.0,28.0,101.963,0.6861606661239862,0.039229916734501734,0.27460941714151216
辣椒类,2022-11-03,98.627,16.0,14.622,129.249,0.7630774706187282,0.12379206028673337,0.11313046909453846
辣椒类,2022-11-05,134.064,11.298,13.0,158.362,0.8465667268662936,0.07134287265884492,0.0820904004748614
辣椒类,2022-11-06,127.972,7.273,,135.245,0.9462235202780139,0.05377647972198602,
辣椒类,2022-11-07,90.169,2.0,16.0,108.169,0.8335937283325167,0.01848958574083148,0.14791668592665183
辣椒类,2022-11-08,65.122,4.0,8.0,77.122,0.844402375457068,0.051865874847643996,0.10373174969528799
辣椒类,2022-11-09,62.307,2.0,11.0,75.307,0.8273732853519593,0.026557956099698566,0.14606875854834211
辣椒类,2022-11-10,76.752,8.283,3.268,88.303,0.8691890422748944,0.09380202258133925,0.037008935143766346
辣椒类,2022-11-11,115.936,8.0,6.293,130.229,0.8902471799675955,0.061430249790753205,0.04832257024165124
辣椒类,2022-11-12,182.729,11.859,9.531,204.11900000000003,0.8952081873808905,0.058098462171576375,0.046693350447533054
辣椒类,2022-11-13,176.718,8.556000000000001,3.0,188.274,0.9386213709805921,0.04544440549412028,0.015934223525287613
辣椒类,2022-11-14,88.778,4.591,11.278,104.647,0.8483568568616396,0.043871300658403965,0.10777184247995643
辣椒类,2022-11-15,85.631,6.0,2.253,93.884,0.9120936474798688,0.06390865323164756,0.02399769928848366
辣椒类,2022-11-16,98.22,3.586,4.001,105.807,0.9282939692080864,0.0338918975115068,0.03781413328040678
辣椒类,2022-11-17,87.401,4.955,12.0,104.356,0.8375273103606884,0.047481697267047415,0.11499099237226418
辣椒类,2022-11-18,202.361,8.0,2.293,212.654,0.9515974305679649,0.03761979553641126,0.010782773895623878
辣椒类,2022-11-19,423.76800000000003,12.293,,436.06100000000004,0.9718089900266247,0.02819100997337528,
辣椒类,2022-11-20,198.627,0.288,,198.91500000000002,0.9985521453887338,0.0014478546112661184,
辣椒类,2022-11-21,350.422,2.0,,352.422,0.9943249853868373,0.005675014613162628,
辣椒类,2022-11-22,82.219,,,82.219,1.0,,
辣椒类,2022-11-23,98.441,,,98.441,1.0,,
辣椒类,2022-11-24,105.612,,,105.612,1.0,,
辣椒类,2022-11-25,103.304,,,103.304,1.0,,
辣椒类,2022-11-26,89.276,,,89.276,1.0,,
辣椒类,2022-11-27,17.031,,,17.031,1.0,,
辣椒类,2022-11-28,13.451,,,13.451,1.0,,
辣椒类,2022-11-29,6.066,,,6.066,1.0,,
辣椒类,2022-12-04,52.403999999999996,1.0,,53.403999999999996,0.9812748108755899,0.01872518912441016,
辣椒类,2022-12-05,109.228,8.429,1.0,118.657,0.9205356616128841,0.07103668557270115,0.008427652814414658
辣椒类,2022-12-06,93.761,2.0,2.202,97.963,0.9571062544021722,0.020415871298347335,0.022477874299480418
辣椒类,2022-12-07,82.55,,,82.55,1.0,,
辣椒类,2022-12-08,131.273,,,131.273,1.0,,
辣椒类,2022-12-09,99.447,,,99.447,1.0,,
辣椒类,2022-12-10,155.982,1.0,5.0,161.982,0.9629588472793273,0.006173525453445444,0.030867627267227225
辣椒类,2022-12-11,169.695,,2.0,171.695,0.9883514371414427,,0.011648562858557325
辣椒类,2022-12-12,88.205,4.0,4.0,96.205,0.9168442388649238,0.04157788056753807,0.04157788056753807
辣椒类,2022-12-13,93.872,4.0,6.0,103.872,0.9037276648182379,0.038508934072704865,0.057763401109057304
辣椒类,2022-12-14,93.198,1.0,2.0,96.198,0.9688143204640429,0.010395226511985697,0.020790453023971395
辣椒类,2022-12-15,144.972,3.0,4.0,151.972,0.9539388834785355,0.01974047850919906,0.026320638012265415
辣椒类,2022-12-16,147.869,,,147.869,1.0,,
辣椒类,2022-12-17,153.757,,,153.757,1.0,,
辣椒类,2022-12-18,123.469,,,123.469,1.0,,
辣椒类,2022-12-19,93.288,2.0,3.0,98.288,0.9491290900211623,0.02034836399153508,0.030522545987302623
辣椒类,2022-12-20,87.82,,1.0,88.82,0.988741274487728,,0.011258725512272012
辣椒类,2022-12-21,132.998,4.0,1.0,137.998,0.9637675908346498,0.02898592733228018,0.007246481833070045
辣椒类,2022-12-22,93.949,,,93.949,1.0,,
辣椒类,2022-12-23,81.649,9.0,1.0,91.649,0.8908880620628703,0.09820074414341673,0.01091119379371297
辣椒类,2022-12-24,108.564,7.0,2.0,117.564,0.9234459528427069,0.059542036677894594,0.017012010479398456
辣椒类,2022-12-25,165.418,1.0,,166.418,0.9939910346236585,0.006008965376341501,
辣椒类,2022-12-26,102.691,4.0,8.0,114.691,0.8953710404478119,0.03487631985072935,0.0697526397014587
辣椒类,2022-12-27,115.716,3.0,3.0,121.716,0.950704919649019,0.024647540175490486,0.024647540175490486
辣椒类,2022-12-28,96.953,2.0,1.0,99.953,0.9699858933698838,0.020009404420077436,0.010004702210038718
辣椒类,2022-12-29,123.853,5.0,1.0,129.853,0.9537939054161243,0.03850507881989634,0.007701015763979268
辣椒类,2022-12-30,112.877,2.0,4.0,118.877,0.9495276630466785,0.016824112317773834,0.03364822463554767
辣椒类,2022-12-31,185.71,6.15,6.388,198.24800000000002,0.9367559824058754,0.03102175053468383,0.032222267059440694
辣椒类,2023-01-01,165.426,8.0,1.0,174.426,0.9484021877472395,0.04586472200245376,0.00573309025030672
辣椒类,2023-01-02,146.451,3.0,5.0,154.451,0.9482036373995636,0.019423635975163646,0.03237272662527274
辣椒类,2023-01-03,109.134,12.0,7.0,128.13400000000001,0.8517177329982674,0.0936519581063574,0.054630308895375145
辣椒类,2023-01-04,92.447,19.0,12.0,123.447,0.7488800861908349,0.15391220523787535,0.0972077085712897
辣椒类,2023-01-05,97.643,6.0,5.0,108.643,0.8987509549625838,0.05522675183859061,0.04602229319882551
辣椒类,2023-01-06,89.53,7.244,10.0,106.774,0.8385000093655759,0.0678442317418098,0.09365575889261431
辣椒类,2023-01-07,105.103,4.207,3.0,112.30999999999999,0.9358294007657377,0.037458819339328646,0.02671177989493367
辣椒类,2023-01-08,122.983,,2.0,124.983,0.9839978237040238,,0.016002176295976254
辣椒类,2023-01-09,90.474,,,90.474,1.0,,
辣椒类,2023-01-10,99.288,2.0,18.314,119.602,0.8301533419173592,0.016722128392501798,0.15312452969013896
辣椒类,2023-01-11,105.855,7.132,13.464,126.45100000000001,0.8371226799313568,0.05640129378178108,0.1064760262868621
辣椒类,2023-01-12,102.669,7.481,3.0,113.14999999999999,0.9073707467962882,0.06611577551922228,0.02651347768448962
辣椒类,2023-01-13,131.222,4.0,2.547,137.769,0.9524784240286277,0.02903410781815938,0.018487468153212987
辣椒类,2023-01-14,195.544,1.673,,197.217,0.9915169584772103,0.008483041522789617,
辣椒类,2023-01-15,150.044,,4.0,154.044,0.9740333930565293,,0.025966606943470694
辣椒类,2023-01-16,118.081,,3.0,121.081,0.9752231976941056,,0.0247768023058944
辣椒类,2023-01-17,116.137,1.0,,117.137,0.9914629877835355,0.008537012216464482,
辣椒类,2023-01-18,218.267,,,218.267,1.0,,
辣椒类,2023-01-19,350.275,,,350.275,1.0,,
辣椒类,2023-01-20,604.231,,,604.231,1.0,,
辣椒类,2023-01-22,91.232,,,91.232,1.0,,
辣椒类,2023-01-23,124.14,,,124.14,1.0,,
辣椒类,2023-01-24,181.951,,,181.951,1.0,,
辣椒类,2023-01-25,140.698,,,140.698,1.0,,
辣椒类,2023-01-26,224.705,,2.0,226.705,0.991177962550451,,0.008822037449548972
辣椒类,2023-01-27,282.492,2.0,,284.492,0.9929699253406071,0.007030074659392882,
辣椒类,2023-01-28,246.343,,,246.343,1.0,,
辣椒类,2023-01-29,193.121,1.0,,194.121,0.9948485738276642,0.005151426172335811,
辣椒类,2023-01-30,151.832,,2.0,153.832,0.9869988038899579,,0.013001196110042124
辣椒类,2023-01-31,153.934,3.0,1.0,157.934,0.9746729646561222,0.018995276507908367,0.006331758835969456
辣椒类,2023-02-01,123.909,,13.0,136.909,0.9050464176935046,,0.09495358230649556
辣椒类,2023-02-02,130.179,5.0,7.484,142.663,0.9124930780931285,0.03504762972880144,0.052459292178069994
辣椒类,2023-02-03,176.996,3.658,7.0,187.654,0.9432039817962847,0.01949332281752587,0.03730269538618948
辣椒类,2023-02-04,221.787,3.0,8.084,232.871,0.9524028324694788,0.012882668945467662,0.03471449858505352
辣椒类,2023-02-05,133.199,5.0,2.0,140.199,0.9500709705490054,0.03566359246499618,0.014265436985998472
辣椒类,2023-02-06,81.363,6.0,4.0,91.363,0.8905465013189147,0.0656720992086512,0.04378139947243414
辣椒类,2023-02-07,92.942,1.385,5.609999999999999,99.937,0.9300059037193431,0.013858731000530335,0.05613536528012648
辣椒类,2023-02-08,85.975,,8.0,93.975,0.9148709763234902,,0.08512902367650972
辣椒类,2023-02-09,131.698,0.432,6.0,138.13,0.9534351697676103,0.003127488597697821,0.043437341634691956
辣椒类,2023-02-10,114.936,1.313,9.219,125.468,0.9160582778078873,0.010464819714987087,0.07347690247712564
辣椒类,2023-02-11,164.9,,,164.9,1.0,,
辣椒类,2023-02-12,153.806,2.0,3.0,158.806,0.9685150435122099,0.012593982595116052,0.01889097389267408
辣椒类,2023-02-13,104.056,3.0,,107.056,0.9719772829173516,0.028022717082648335,
辣椒类,2023-02-14,108.672,,,108.672,1.0,,
辣椒类,2023-02-15,105.647,,,105.647,1.0,,
辣椒类,2023-02-16,96.718,2.0,7.232,105.95,0.9128645587541293,0.018876828692779613,0.06825861255309108
辣椒类,2023-02-17,121.911,6.9030000000000005,7.505,136.319,0.89430673640505,0.0506385756937771,0.05505468790117299
辣椒类,2023-02-18,176.095,1.0,4.0,181.095,0.972390181948701,0.005521963610259808,0.022087854441039233
辣椒类,2023-02-19,157.793,1.2730000000000001,3.0,162.066,0.9736341984129923,0.007854824577641209,0.018510977009366554
辣椒类,2023-02-20,46.567,10.675,4.385,61.627,0.7556265922404141,0.1732195304006361,0.0711538773589498
辣椒类,2023-02-21,89.605,8.446,3.17,101.221,0.8852412048883137,0.0834411831536934,0.0313176119579929
辣椒类,2023-02-22,70.707,9.398,2.1879999999999997,82.29299999999999,0.8592103824140571,0.11420169394723732,0.026587923638705598
辣椒类,2023-02-23,91.565,10.805,1.678,104.048,0.8800265262186683,0.1038463017069045,0.016127172074427185
辣椒类,2023-02-24,123.493,3.69,7.0,134.183,0.9203326799967209,0.02749975779346117,0.05216756220981794
辣椒类,2023-02-25,156.121,6.385,8.099,170.605,0.9151021365141703,0.037425632308548985,0.04747223117728086
辣椒类,2023-02-26,122.524,19.926,7.288,149.738,0.8182558869492046,0.13307243318329348,0.048671679867501906
辣椒类,2023-02-27,77.558,8.326,3.0,88.88400000000001,0.8725754916520408,0.09367265199585977,0.03375185635209936
辣椒类,2023-02-28,89.096,5.391,2.219,96.706,0.921307881620582,0.055746282547101525,0.022945835832316505
辣椒类,2023-03-01,92.615,4.291,9.0,105.90599999999999,0.8745019167941382,0.04051706230053067,0.08498102090533115
辣椒类,2023-03-02,86.915,13.188,14.0,114.10300000000001,0.7617240563350657,0.11557978317835639,0.1226961604865779
辣椒类,2023-03-03,100.93299999999999,13.59,14.295,128.81799999999998,0.7835318045614744,0.1054976788958065,0.1109705165427192
辣椒类,2023-03-04,131.794,9.507,1.0,142.30100000000002,0.9261635547185192,0.06680908777872256,0.007027357502758237
辣椒类,2023-03-05,125.758,2.0,4.586,132.344,0.9502357492595055,0.015112132019585323,0.03465211872090915
辣椒类,2023-03-06,89.352,3.0,4.257,96.60900000000001,0.9248827748967487,0.031053007483774802,0.04406421761947644
辣椒类,2023-03-07,94.54,,5.897,100.43700000000001,0.9412865776556448,,0.058713422344355164
辣椒类,2023-03-08,96.958,3.0,5.134,105.092,0.9226011494690366,0.0285464164731854,0.04885243405777795
辣椒类,2023-03-09,79.852,13.502,12.502,105.856,0.7543455259975816,0.1275506348246675,0.11810383917775091
辣椒类,2023-03-10,129.47,10.486,10.304,150.26,0.8616398243045389,0.06978570477838414,0.06857447091707707
辣椒类,2023-03-11,163.675,1.2690000000000001,14.713,179.657,0.9110415959300222,0.007063459815092092,0.0818949442548857
辣椒类,2023-03-12,154.411,1.2570000000000001,1.693,157.36100000000002,0.9812532965601387,0.007988002109798489,0.010758701330062721
辣椒类,2023-03-13,92.957,,1.01,93.967,0.9892515457554247,,0.010748454244575224
辣椒类,2023-03-14,91.067,6.0,7.0,104.067,0.8750804770003939,0.05765516446135663,0.0672643585382494
辣椒类,2023-03-15,90.56099999999999,,15.0,105.56099999999999,0.8579020661039588,,0.14209793389604117
辣椒类,2023-03-16,93.724,8.489,,102.21300000000001,0.9169479420425973,0.08305205795740268,
辣椒类,2023-03-17,144.456,1.0,13.0,158.456,0.911647397384763,0.006310900186802646,0.0820417024284344
辣椒类,2023-03-18,179.58,2.0,8.0,189.58,0.9472518198122165,0.010549636037556704,0.042198544150226815
辣椒类,2023-03-19,166.411,4.32,2.827,173.558,0.958820682423167,0.024890814598001822,0.016288502978831283
辣椒类,2023-03-20,110.56099999999999,3.282,6.0,119.84299999999999,0.9225486678404246,0.02738582979398046,0.05006550236559499
辣椒类,2023-03-21,103.786,4.257,8.657,116.7,0.8893401885175664,0.03647814910025707,0.07418166238217652
辣椒类,2023-03-22,114.767,2.0,8.474,125.241,0.9163692401050774,0.015969211360496963,0.06766154853442563
辣椒类,2023-03-23,76.06700000000001,11.0,21.0,108.06700000000001,0.7038874031850612,0.10178870515513523,0.19432389165980363
辣椒类,2023-03-24,127.308,9.248,16.706,153.262,0.8306560008351712,0.06034111521446934,0.10900288395035951
辣椒类,2023-03-25,165.864,8.0,13.357,187.221,0.8859262582723092,0.042730249277591725,0.07134349245009908
辣椒类,2023-03-26,149.458,19.0,11.0,179.458,0.8328299657858663,0.10587435500228466,0.06129567921184901
辣椒类,2023-03-27,78.058,14.0,13.153,105.21100000000001,0.7419186206765452,0.1330659341703814,0.12501544515307333
辣椒类,2023-03-28,69.608,4.871,17.915,92.394,0.7533822542589346,0.05271987358486482,0.1938978721562006
辣椒类,2023-03-29,83.09,7.263,10.884,101.23700000000001,0.8207473552159783,0.07174254472179144,0.1075101000622302
辣椒类,2023-03-30,63.144,9.600999999999999,13.467,86.212,0.732427040319213,0.11136500719157424,0.15620795248921263
辣椒类,2023-03-31,111.956,7.0,19.248,138.204,0.8100778559231281,0.05064976411681282,0.13927237996005903
辣椒类,2023-04-01,132.37,5.425,17.092,154.887,0.85462304777031,0.03502553474468483,0.11035141748500518
辣椒类,2023-04-02,151.279,7.103,6.968999999999999,165.351,0.9148961905280283,0.042957103374034626,0.04214670609793711
辣椒类,2023-04-03,94.627,10.783,9.0,114.41,0.8270867931124901,0.09424875447950354,0.07866445240800629
辣椒类,2023-04-04,101.552,18.0,2.0,121.552,0.835461366328814,0.1480847703040674,0.0164538633671186
辣椒类,2023-04-05,130.304,1.0,8.0,139.304,0.9353930971113535,0.007178544765405157,0.057428358123241256
辣椒类,2023-04-06,87.473,2.0,20.0,109.473,0.799037205520996,0.018269344952636723,0.18269344952636724
辣椒类,2023-04-07,74.645,8.0,15.0,97.645,0.7644528649700445,0.08192943827128886,0.1536176967586666
辣椒类,2023-04-08,114.92,10.0,13.0,137.92000000000002,0.8332366589327145,0.07250580046403711,0.09425754060324824
辣椒类,2023-04-09,102.82,8.0,25.243,136.063,0.7556793544167041,0.05879629289373305,0.18552435268956294
辣椒类,2023-04-10,49.788,10.0,14.0,73.788,0.6747438607903724,0.13552339133734484,0.18973274787228275
辣椒类,2023-04-11,66.563,5.0,14.0,85.563,0.7779413999041642,0.058436473709430475,0.16362212638640533
辣椒类,2023-04-12,67.989,4.0,13.0,84.989,0.7999741142971444,0.04706491428302486,0.15296097141983078
辣椒类,2023-04-13,67.685,4.216,5.0,76.901,0.8801576052327018,0.05482373441177618,0.06501866035552203
辣椒类,2023-04-14,66.651,4.0,19.171,89.822,0.742034245507782,0.04453251987263699,0.21343323461958094
辣椒类,2023-04-15,124.985,4.0,10.0,138.985,0.8992697053638881,0.02878008418174623,0.07195021045436557
辣椒类,2023-04-16,117.274,6.0,10.0,133.274,0.8799465762264208,0.04502003391509222,0.07503338985848702
辣椒类,2023-04-17,62.456,5.0,1.0,68.456,0.91235245997429,0.07303961668809161,0.014607923337618324
辣椒类,2023-04-18,64.228,,14.258,78.48599999999999,0.818337028259817,,0.18166297174018298
辣椒类,2023-04-19,68.93599999999999,1.715,6.0,76.651,0.8993489974038172,0.022374137323713978,0.07827686527246873
辣椒类,2023-04-20,55.03,7.354,8.0,70.384,0.7818538304160036,0.10448397363037054,0.11366219595362582
辣椒类,2023-04-21,97.443,11.295,16.795,125.533,0.7762341376371154,0.08997634088247712,0.13378952148040754
辣椒类,2023-04-22,174.589,5.0,6.0,185.589,0.9407292458065941,0.02694125190609357,0.03232950228731229
辣椒类,2023-04-23,148.222,6.0,,154.222,0.9610950448055401,0.03890495519445993,
辣椒类,2023-04-24,71.562,,2.833,74.395,0.9619194838362793,,0.038080516163720685
辣椒类,2023-04-25,68.902,,1.29,70.19200000000001,0.9816218372464097,,0.018378162753590152
辣椒类,2023-04-26,44.622,0.927,1.7140000000000002,47.263,0.9441211941688001,0.019613651270549905,0.036265154560649986
辣椒类,2023-04-27,60.639,2.0,4.059,66.69800000000001,0.9091576958829349,0.02998590662388677,0.0608563974931782
辣椒类,2023-04-28,66.22,1.333,16.785,84.338,0.7851739429438688,0.015805449500818136,0.19902060755531317
辣椒类,2023-04-29,139.565,5.0,16.917,161.482,0.8642758945269442,0.03096320332916362,0.1047609021438922
辣椒类,2023-04-30,94.994,8.28,14.227,117.501,0.8084526940196254,0.07046748538310312,0.12107982059727151
辣椒类,2023-05-01,112.583,18.0,8.274000000000001,138.857,0.8107837559503662,0.12962976299358334,0.05958648105605047
辣椒类,2023-05-02,83.825,10.818,9.0,103.643,0.8087859286203603,0.10437752670223749,0.08683654467740223
辣椒类,2023-05-03,92.31,3.485,,95.795,0.963620230700976,0.03637976929902396,
辣椒类,2023-05-04,74.257,2.285,,76.542,0.9701471087768807,0.029852891223119335,
辣椒类,2023-05-05,65.977,,1.0,66.977,0.9850695014706541,,0.014930498529345894
辣椒类,2023-05-06,91.505,,3.0,94.505,0.9682556478493202,,0.03174435215067986
辣椒类,2023-05-07,128.833,6.0,,134.833,0.9555005080358666,0.04449949196413341,
辣椒类,2023-05-08,81.984,,4.0,85.984,0.9534797171566803,,0.04652028284331969
辣椒类,2023-05-09,81.721,,,81.721,1.0,,
辣椒类,2023-05-10,87.29,2.0,10.0,99.29,0.8791419075435593,0.020143015409406786,0.10071507704703393
辣椒类,2023-05-11,74.608,,1.469,76.077,0.9806906160863337,,0.01930938391366642
辣椒类,2023-05-12,80.974,2.0,5.907,88.881,0.9110383546539755,0.022501997052238387,0.06645964829378607
辣椒类,2023-05-13,123.703,2.0,10.0,135.703,0.9115715938483305,0.014738067691944908,0.07369033845972454
辣椒类,2023-05-14,92.731,7.382,10.753,110.866,0.836424151678603,0.06658488625908754,0.09699096206230945
辣椒类,2023-05-15,64.672,8.382,5.633,78.687,0.8218892574376961,0.1065233138892066,0.07158742867309721
辣椒类,2023-05-16,69.294,5.0,6.0,80.294,0.8630034622761352,0.06227115351084764,0.07472538421301717
辣椒类,2023-05-17,63.717,,4.0,67.717,0.9409306378014384,,0.05906936219856166
辣椒类,2023-05-18,53.892,,,53.892,1.0,,
辣椒类,2023-05-19,67.226,0.487,4.0,71.713,0.9374311491640289,0.006790958403636719,0.05577789243233445
辣椒类,2023-05-20,86.651,,5.611,92.262,0.9391840627777416,,0.06081593722225835
辣椒类,2023-05-21,117.485,,,117.485,1.0,,
辣椒类,2023-05-22,87.848,,3.0,90.848,0.9669778090877069,,0.03302219091229306
辣椒类,2023-05-23,59.319,2.0,8.042,69.361,0.8552212338345756,0.028834647712691567,0.1159441184527328
辣椒类,2023-05-24,48.047,7.299,7.61,62.955999999999996,0.7631838109155601,0.11593811550924457,0.1208780735751954
辣椒类,2023-05-25,64.757,6.075,5.286,76.11800000000001,0.8507448960823983,0.07981029454268372,0.06944480937491787
辣椒类,2023-05-26,83.26,1.0,6.0,90.26,0.9224462663416796,0.011079104808331486,0.06647462884998892
辣椒类,2023-05-27,127.286,0.372,,127.658,0.9970859640602234,0.0029140359397765905,
辣椒类,2023-05-28,124.518,,7.0,131.518,0.9467753463404249,,0.053224653659575114
辣椒类,2023-05-29,59.995,2.0,,61.995,0.9677393338172433,0.03226066618275668,
辣椒类,2023-05-30,58.897,1.0,,59.897,0.9833046730220212,0.016695326977978864,
辣椒类,2023-05-31,61.96,,,61.96,1.0,,
辣椒类,2023-06-01,67.854,,,67.854,1.0,,
辣椒类,2023-06-02,72.847,,,72.847,1.0,,
辣椒类,2023-06-03,120.664,,3.0,123.664,0.9757407167809549,,0.024259283219045153
辣椒类,2023-06-04,123.177,,0.521,123.69800000000001,0.9957881291532603,,0.00421187084673964
辣椒类,2023-06-05,71.575,,3.3209999999999997,74.896,0.9556585131382184,,0.044341486861781666
辣椒类,2023-06-06,77.188,2.0,5.557,84.745,0.9108265974393769,0.023600212401911617,0.06557319015871144
辣椒类,2023-06-07,59.815,,6.306,66.121,0.9046293915700004,,0.09537060842999956
辣椒类,2023-06-08,73.495,,3.868,77.363,0.950001938911366,,0.0499980610886341
辣椒类,2023-06-09,65.691,,8.605,74.296,0.8841794982233229,,0.11582050177667708
辣椒类,2023-06-10,139.832,,7.136,146.968,0.9514452125632791,,0.048554787436720925
辣椒类,2023-06-11,114.157,,5.5329999999999995,119.69,0.9537722449661625,,0.04622775503383741
辣椒类,2023-06-12,60.416,,6.704,67.11999999999999,0.9001191895113231,,0.099880810488677
辣椒类,2023-06-13,76.066,,8.825,84.891,0.8960431612302835,,0.10395683876971644
辣椒类,2023-06-14,73.882,2.0,6.245,82.12700000000001,0.8996067066859863,0.024352527183508464,0.07604076613050519
辣椒类,2023-06-15,55.108,3.819,4.697,63.624,0.8661511379353702,0.06002451904941531,0.07382434301521439
辣椒类,2023-06-16,76.974,1.657,7.5280000000000005,86.159,0.8933947701342866,0.019231885235436806,0.08737334463027659
辣椒类,2023-06-17,160.193,3.0,6.0,169.193,0.9468063099537215,0.017731230015426168,0.035462460030852336
辣椒类,2023-06-18,140.452,,9.425,149.877,0.9371151010495272,,0.06288489895047272
辣椒类,2023-06-19,70.719,1.0,5.33,77.04899999999999,0.9178444885722074,0.01297875378006204,0.06917675764773067
辣椒类,2023-06-20,60.074,,6.592,66.666,0.901119011190112,,0.0988809888098881
辣椒类,2023-06-21,83.365,,8.0,91.365,0.912439117824112,,0.08756088217588792
辣椒类,2023-06-22,106.924,,7.364,114.28800000000001,0.9355662886742265,,0.06443371132577348
辣椒类,2023-06-23,83.349,,5.0,88.349,0.9434062637947233,,0.056593736205276794
辣椒类,2023-06-24,88.94,1.0,4.247,94.187,0.9442916750719313,0.010617176468090076,0.04509114845997855
辣椒类,2023-06-25,66.153,,3.505,69.658,0.9496827356513251,,0.05031726434867495
辣椒类,2023-06-26,65.8,2.0,4.385,72.185,0.9115467202327353,0.027706587241116576,0.06074669252614809
辣椒类,2023-06-27,63.828,0.12,3.172,67.12,0.950953516090584,0.0017878426698450535,0.047258641239570916
辣椒类,2023-06-28,60.114,4.0,4.42,68.534,0.8771412729448156,0.058365191000087545,0.06449353605509674
辣椒类,2023-06-29,85.903,1.0,2.21,89.113,0.9639783196615533,0.01122170727054414,0.02479997306790255
辣椒类,2023-06-30,79.026,,3.26,82.286,0.9603820820066596,,0.039617917993340294
食用菌,2020-07-01,35.17,0.195,,35.365,0.9944860738017814,0.0055139261982185776,
食用菌,2020-07-02,48.51,,,48.51,1.0,,
食用菌,2020-07-03,42.442,,,42.442,1.0,,
食用菌,2020-07-04,46.824,,0.438,47.262,0.9907325123778088,,0.009267487622191189
食用菌,2020-07-05,73.213,,,73.213,1.0,,
食用菌,2020-07-06,39.578,1.0,,40.578,0.9753561042929666,0.024643895707033365,
食用菌,2020-07-07,51.119,,1.441,52.56,0.9725837138508371,,0.02741628614916286
食用菌,2020-07-08,43.968,,,43.968,1.0,,
食用菌,2020-07-09,37.837,,,37.837,1.0,,
食用菌,2020-07-10,37.03,1.578,2.8209999999999997,41.429,0.8938183398102778,0.03808926114557436,0.06809239904414781
食用菌,2020-07-11,48.557,3.681,,52.238,0.9295340556682875,0.07046594433171255,
食用菌,2020-07-12,50.774,5.186,,55.96,0.9073266619013581,0.09267333809864188,
食用菌,2020-07-13,39.8,2.022,0.291,42.11299999999999,0.9450763422221168,0.04801367748676181,0.006909980291121508
食用菌,2020-07-14,40.848,3.8129999999999997,0.175,44.836,0.9110536176286912,0.08504326880185564,0.003903113569453118
食用菌,2020-07-15,37.779,3.415,1.002,42.196000000000005,0.8953218314532183,0.08093184188074698,0.02374632666603469
食用菌,2020-07-16,50.09,3.494,0.101,53.685,0.9330352985005123,0.06508335661730465,0.0018813448821831053
食用菌,2020-07-17,45.986,3.912,2.01,51.907999999999994,0.8859135393388303,0.07536410572551439,0.038722354935655394
食用菌,2020-07-18,56.881,13.938,1.065,71.884,0.7912887429747927,0.19389572088364587,0.014815536141561404
食用菌,2020-07-19,70.368,9.757,0.197,80.322,0.8760738029431537,0.12147356888523692,0.002452628171609273
食用菌,2020-07-20,48.867,2.75,1.0,52.617,0.928730258281544,0.05226447726020108,0.01900526445825494
食用菌,2020-07-21,42.027,3.435,0.443,45.905,0.9155211850560941,0.07482845005990632,0.009650364883999564
食用菌,2020-07-22,62.83,3.471,0.493,66.794,0.9406533520974938,0.051965745426235894,0.007380902476270324
食用菌,2020-07-23,52.727,2.953,1.079,56.759,0.928962807660459,0.052026991314152816,0.019010201025388043
食用菌,2020-07-24,44.264,3.832,1.105,49.201,0.8996565110465234,0.07788459584154793,0.02245889311192862
食用菌,2020-07-25,58.697,7.567,0.749,67.013,0.8759046752122722,0.11291838896930445,0.01117693581842329
食用菌,2020-07-26,61.676,9.01,0.609,71.295,0.8650817027842065,0.12637632372536642,0.008541973490427098
食用菌,2020-07-27,40.979,8.959999999999999,2.838,52.777,0.7764556530306762,0.169770922939917,0.05377342402940675
食用菌,2020-07-28,42.392,3.447,1.889,47.72800000000001,0.8881997988602077,0.07222175662085148,0.03957844451894066
食用菌,2020-07-29,49.942,3.494,0.879,54.315,0.9194881708551966,0.06432845438644942,0.016183374758354047
食用菌,2020-07-30,47.711,2.509,0.554,50.774,0.9396738488202623,0.04941505494938354,0.01091109623035412
食用菌,2020-07-31,45.587,,,45.587,1.0,,
食用菌,2020-08-01,52.214999999999996,1.138,0.444,53.797,0.9705931557521795,0.02115359592542335,0.00825324832239716
食用菌,2020-08-02,54.961,,,54.961,1.0,,
食用菌,2020-08-03,46.67,,1.905,48.575,0.9607822954194545,,0.03921770458054555
食用菌,2020-08-04,45.301,,,45.301,1.0,,
食用菌,2020-08-05,62.84,,,62.84,1.0,,
食用菌,2020-08-06,48.611,,,48.611,1.0,,
食用菌,2020-08-07,68.177,,,68.177,1.0,,
食用菌,2020-08-08,92.144,,,92.144,1.0,,
食用菌,2020-08-09,73.073,,,73.073,1.0,,
食用菌,2020-08-10,36.094,,,36.094,1.0,,
食用菌,2020-08-11,40.017,,,40.017,1.0,,
食用菌,2020-08-12,34.195,,,34.195,1.0,,
食用菌,2020-08-13,35.387,,0.263,35.65,0.9926227208976157,,0.0073772791023842925
食用菌,2020-08-14,53.795,,,53.795,1.0,,
食用菌,2020-08-15,58.015,,,58.015,1.0,,
食用菌,2020-08-16,55.093,,,55.093,1.0,,
食用菌,2020-08-17,47.418,,,47.418,1.0,,
食用菌,2020-08-18,45.716,,,45.716,1.0,,
食用菌,2020-08-19,50.126,,,50.126,1.0,,
食用菌,2020-08-20,54.411,,,54.411,1.0,,
食用菌,2020-08-21,50.0,,,50.0,1.0,,
食用菌,2020-08-22,49.895,,,49.895,1.0,,
食用菌,2020-08-23,55.226,,,55.226,1.0,,
食用菌,2020-08-24,39.576,,,39.576,1.0,,
食用菌,2020-08-25,54.488,,,54.488,1.0,,
食用菌,2020-08-26,42.811,,,42.811,1.0,,
食用菌,2020-08-27,49.458,1.0,,50.458,0.980181537119981,0.019818462880019025,
食用菌,2020-08-28,55.659,,,55.659,1.0,,
食用菌,2020-08-29,62.431,,,62.431,1.0,,
食用菌,2020-08-30,73.19500000000001,,,73.19500000000001,1.0,,
食用菌,2020-08-31,44.776,,,44.776,1.0,,
食用菌,2020-09-01,47.282000000000004,,,47.282000000000004,1.0,,
食用菌,2020-09-02,51.011,,,51.011,1.0,,
食用菌,2020-09-03,48.163,,,48.163,1.0,,
食用菌,2020-09-04,54.43,,,54.43,1.0,,
食用菌,2020-09-05,62.594,,,62.594,1.0,,
食用菌,2020-09-06,78.472,,,78.472,1.0,,
食用菌,2020-09-07,41.804,,,41.804,1.0,,
食用菌,2020-09-08,32.389,,,32.389,1.0,,
食用菌,2020-09-09,33.45,,,33.45,1.0,,
食用菌,2020-09-10,35.789,,,35.789,1.0,,
食用菌,2020-09-11,48.467,,,48.467,1.0,,
食用菌,2020-09-12,73.173,,,73.173,1.0,,
食用菌,2020-09-13,74.834,,,74.834,1.0,,
食用菌,2020-09-14,31.147,,,31.147,1.0,,
食用菌,2020-09-15,41.578,,,41.578,1.0,,
食用菌,2020-09-16,35.413,,,35.413,1.0,,
食用菌,2020-09-17,39.259,,,39.259,1.0,,
食用菌,2020-09-18,37.966,,0.575,38.541000000000004,0.9850808230196414,,0.014919176980358577
食用菌,2020-09-19,58.413,,2.107,60.519999999999996,0.9651850627891606,,0.0348149372108394
食用菌,2020-09-20,50.42,,,50.42,1.0,,
食用菌,2020-09-21,63.529,,,63.529,1.0,,
食用菌,2020-09-22,47.636,0.14,1.282,49.05800000000001,0.9710139019120224,0.002853764931305801,0.02613233315667169
食用菌,2020-09-23,54.49,,1.7750000000000001,56.265,0.9684528570159069,,0.031547142984093134
食用菌,2020-09-24,61.336,,,61.336,1.0,,
食用菌,2020-09-25,63.438,,1.071,64.509,0.9833976654420313,,0.016602334557968654
食用菌,2020-09-26,93.976,,0.519,94.495,0.9945076459071908,,0.005492354092809143
食用菌,2020-09-27,72.203,,0.319,72.522,0.9956013347673809,,0.004398665232619067
食用菌,2020-09-28,46.913,,,46.913,1.0,,
食用菌,2020-09-29,45.485,,,45.485,1.0,,
食用菌,2020-09-30,110.358,,,110.358,1.0,,
食用菌,2020-10-01,103.929,,,103.929,1.0,,
食用菌,2020-10-02,89.316,,,89.316,1.0,,
食用菌,2020-10-03,60.052,,,60.052,1.0,,
食用菌,2020-10-04,122.501,,,122.501,1.0,,
食用菌,2020-10-05,126.518,,,126.518,1.0,,
食用菌,2020-10-06,124.059,,,124.059,1.0,,
食用菌,2020-10-07,80.421,,,80.421,1.0,,
食用菌,2020-10-08,328.488,,,328.488,1.0,,
食用菌,2020-10-09,57.258,,,57.258,1.0,,
食用菌,2020-10-10,75.63,,,75.63,1.0,,
食用菌,2020-10-11,163.664,,,163.664,1.0,,
食用菌,2020-10-12,102.385,,,102.385,1.0,,
食用菌,2020-10-13,48.021,,,48.021,1.0,,
食用菌,2020-10-14,72.831,1.0,,73.831,0.9864555539001233,0.013544446099876746,
食用菌,2020-10-15,72.91,,,72.91,1.0,,
食用菌,2020-10-16,69.80499999999999,,,69.80499999999999,1.0,,
食用菌,2020-10-17,115.896,,,115.896,1.0,,
食用菌,2020-10-18,113.125,,,113.125,1.0,,
食用菌,2020-10-19,58.338,,,58.338,1.0,,
食用菌,2020-10-20,44.806,,0.613,45.419,0.9865034456945332,,0.013496554305466877
食用菌,2020-10-21,56.114,,,56.114,1.0,,
食用菌,2020-10-22,94.688,,,94.688,1.0,,
食用菌,2020-10-23,115.306,,,115.306,1.0,,
食用菌,2020-10-24,115.39,,,115.39,1.0,,
食用菌,2020-10-25,104.16,,,104.16,1.0,,
食用菌,2020-10-26,62.363,,,62.363,1.0,,
食用菌,2020-10-27,56.508,,,56.508,1.0,,
食用菌,2020-10-28,75.211,,,75.211,1.0,,
食用菌,2020-10-29,81.051,,,81.051,1.0,,
食用菌,2020-10-30,74.23,,,74.23,1.0,,
食用菌,2020-10-31,135.284,,,135.284,1.0,,
食用菌,2020-11-01,127.967,,,127.967,1.0,,
食用菌,2020-11-02,78.321,,,78.321,1.0,,
食用菌,2020-11-03,65.341,,,65.341,1.0,,
食用菌,2020-11-04,195.34,,,195.34,1.0,,
食用菌,2020-11-05,129.089,,,129.089,1.0,,
食用菌,2020-11-06,80.588,,,80.588,1.0,,
食用菌,2020-11-07,122.896,,,122.896,1.0,,
食用菌,2020-11-08,124.492,,,124.492,1.0,,
食用菌,2020-11-09,63.22,,,63.22,1.0,,
食用菌,2020-11-10,64.18,,,64.18,1.0,,
食用菌,2020-11-11,62.612,0.879,1.0310000000000001,64.522,0.9703976938098633,0.013623260283314217,0.01597904590682248
食用菌,2020-11-12,68.656,,,68.656,1.0,,
食用菌,2020-11-13,67.676,,,67.676,1.0,,
食用菌,2020-11-14,92.793,,,92.793,1.0,,
食用菌,2020-11-15,73.108,,,73.108,1.0,,
食用菌,2020-11-16,54.363,,,54.363,1.0,,
食用菌,2020-11-17,131.979,,,131.979,1.0,,
食用菌,2020-11-18,99.089,,,99.089,1.0,,
食用菌,2020-11-19,90.297,,,90.297,1.0,,
食用菌,2020-11-20,70.888,,,70.888,1.0,,
食用菌,2020-11-21,169.382,,,169.382,1.0,,
食用菌,2020-11-22,160.154,,,160.154,1.0,,
食用菌,2020-11-23,195.788,,,195.788,1.0,,
食用菌,2020-11-24,117.661,,,117.661,1.0,,
食用菌,2020-11-25,95.581,,,95.581,1.0,,
食用菌,2020-11-26,110.276,,,110.276,1.0,,
食用菌,2020-11-27,112.979,,,112.979,1.0,,
食用菌,2020-11-28,187.133,,,187.133,1.0,,
食用菌,2020-11-29,168.218,,,168.218,1.0,,
食用菌,2020-11-30,100.486,,,100.486,1.0,,
食用菌,2020-12-01,97.477,2.0,,99.477,0.9798948500658443,0.020105149934155634,
食用菌,2020-12-02,135.141,35.0,15.0,185.141,0.7299355626252424,0.18904510616233033,0.08101933121242728
食用菌,2020-12-03,97.395,,,97.395,1.0,,
食用菌,2020-12-04,110.875,,,110.875,1.0,,
食用菌,2020-12-05,154.493,,0.622,155.115,0.9959900718821518,,0.004009928117848048
食用菌,2020-12-06,230.803,,3.402,234.20499999999998,0.9854742639994877,,0.014525736000512374
食用菌,2020-12-07,84.174,2.4170000000000003,4.742,91.33300000000001,0.9216165022500081,0.026463600232117634,0.051919897517874146
食用菌,2020-12-08,89.028,,,89.028,1.0,,
食用菌,2020-12-09,80.164,,,80.164,1.0,,
食用菌,2020-12-10,88.5,,0.863,89.363,0.9903427593075433,,0.009657240692456609
食用菌,2020-12-11,90.153,4.0,,94.153,0.9575159580682506,0.042484041931749386,
食用菌,2020-12-12,172.629,,1.802,174.43099999999998,0.989669267504056,,0.010330732495943956
食用菌,2020-12-13,196.802,,0.813,197.61499999999998,0.9958859398325026,,0.004114060167497407
食用菌,2020-12-14,81.213,,1.876,83.089,0.9774218007197102,,0.02257819928028981
食用菌,2020-12-15,88.677,6.774,4.474,99.92500000000001,0.8874355766825118,0.06779084313234926,0.04477358018513885
食用菌,2020-12-16,74.212,,,74.212,1.0,,
食用菌,2020-12-17,77.923,13.4,3.329,94.652,0.8232578286776825,0.14157122934539154,0.035170941976926
食用菌,2020-12-18,84.071,,2.189,86.25999999999999,0.9746232320890332,,0.02537676791096685
食用菌,2020-12-19,152.942,,1.739,154.681,0.988757507386169,,0.011242492613831045
食用菌,2020-12-20,142.196,,0.776,142.972,0.9945723638194891,,0.005427636180510869
食用菌,2020-12-21,82.855,,1.19,84.045,0.9858409185555358,,0.014159081444464275
食用菌,2020-12-22,74.459,,1.74,76.199,0.97716505465951,,0.022834945340490034
食用菌,2020-12-23,67.054,,0.55,67.604,0.9918643867226792,,0.00813561327732087
食用菌,2020-12-24,74.478,,1.612,76.08999999999999,0.9788145617032462,,0.021185438296753848
食用菌,2020-12-25,148.943,,,148.943,1.0,,
食用菌,2020-12-26,135.737,,0.42200000000000004,136.159,0.9969006822905574,,0.0030993177094426373
食用菌,2020-12-27,117.184,,0.9450000000000001,118.12899999999999,0.992000270890298,,0.007999729109702107
食用菌,2020-12-28,69.13,,0.6890000000000001,69.81899999999999,0.9901316260616738,,0.009868373938326246
食用菌,2020-12-29,79.647,,,79.647,1.0,,
食用菌,2020-12-30,65.342,,1.289,66.631,0.9806546502378772,,0.019345349762122734
食用菌,2020-12-31,119.801,,1.1440000000000001,120.94500000000001,0.9905411550704866,,0.009458844929513415
食用菌,2021-01-01,136.06,,0.278,136.338,0.9979609499919319,,0.002039050008068184
食用菌,2021-01-02,114.107,,1.189,115.29599999999999,0.9896874132667223,,0.010312586733277826
食用菌,2021-01-03,102.704,,1.167,103.871,0.9887649103214564,,0.01123508967854358
食用菌,2021-01-04,94.688,,0.8109999999999999,95.499,0.9915077644792093,,0.008492235520790793
食用菌,2021-01-05,83.06099999999999,,0.644,83.705,0.9923063138402723,,0.007693686159727616
食用菌,2021-01-06,80.477,,0.985,81.462,0.9879084726621001,,0.01209152733789988
食用菌,2021-01-07,94.124,,1.878,96.002,0.9804379075435928,,0.01956209245640716
食用菌,2021-01-08,90.415,,,90.415,1.0,,
食用菌,2021-01-09,129.833,,,129.833,1.0,,
食用菌,2021-01-10,137.986,,,137.986,1.0,,
食用菌,2021-01-11,81.67,,,81.67,1.0,,
食用菌,2021-01-12,73.283,,,73.283,1.0,,
食用菌,2021-01-13,76.684,,,76.684,1.0,,
食用菌,2021-01-14,75.963,,,75.963,1.0,,
食用菌,2021-01-15,101.383,,,101.383,1.0,,
食用菌,2021-01-16,150.015,,,150.015,1.0,,
食用菌,2021-01-17,141.492,,,141.492,1.0,,
食用菌,2021-01-18,72.532,,,72.532,1.0,,
食用菌,2021-01-19,74.431,,,74.431,1.0,,
食用菌,2021-01-20,90.131,,,90.131,1.0,,
食用菌,2021-01-21,63.013,,,63.013,1.0,,
食用菌,2021-01-22,88.796,,,88.796,1.0,,
食用菌,2021-01-23,117.521,,,117.521,1.0,,
食用菌,2021-01-24,127.934,,,127.934,1.0,,
食用菌,2021-01-25,79.116,,,79.116,1.0,,
食用菌,2021-01-26,101.109,0.253,,101.362,0.9975039955801978,0.0024960044198022928,
食用菌,2021-01-27,108.756,,,108.756,1.0,,
食用菌,2021-01-28,80.927,,,80.927,1.0,,
食用菌,2021-01-29,69.324,,,69.324,1.0,,
食用菌,2021-01-30,94.904,,,94.904,1.0,,
食用菌,2021-01-31,103.637,0.417,,104.054,0.9959924654506314,0.004007534549368597,
食用菌,2021-02-01,67.664,,1.9,69.56400000000001,0.9726870220228854,,0.027312977977114596
食用菌,2021-02-02,88.048,,,88.048,1.0,,
食用菌,2021-02-03,89.954,,1.6099999999999999,91.564,0.9824166703071076,,0.0175833296928924
食用菌,2021-02-04,111.069,,,111.069,1.0,,
食用菌,2021-02-05,95.222,,,95.222,1.0,,
食用菌,2021-02-06,119.696,,,119.696,1.0,,
食用菌,2021-02-07,147.812,,,147.812,1.0,,
食用菌,2021-02-08,240.205,,,240.205,1.0,,
食用菌,2021-02-09,326.993,,,326.993,1.0,,
食用菌,2021-02-10,511.136,,,511.136,1.0,,
食用菌,2021-02-13,60.592,9.366,4.561,74.519,0.8131080663991733,0.1256860666407225,0.061205866960104126
食用菌,2021-02-14,164.586,,,164.586,1.0,,
食用菌,2021-02-15,212.364,,,212.364,1.0,,
食用菌,2021-02-16,174.61,,,174.61,1.0,,
食用菌,2021-02-17,144.793,,,144.793,1.0,,
食用菌,2021-02-18,130.174,,,130.174,1.0,,
食用菌,2021-02-19,92.327,,,92.327,1.0,,
食用菌,2021-02-20,88.794,,,88.794,1.0,,
食用菌,2021-02-21,79.403,,,79.403,1.0,,
食用菌,2021-02-22,66.554,,,66.554,1.0,,
食用菌,2021-02-23,77.586,,,77.586,1.0,,
食用菌,2021-02-24,88.233,,,88.233,1.0,,
食用菌,2021-02-25,110.557,,,110.557,1.0,,
食用菌,2021-02-26,158.095,1.0,,159.095,0.9937144473427826,0.006285552657217386,
食用菌,2021-02-27,116.814,,,116.814,1.0,,
食用菌,2021-02-28,111.764,,,111.764,1.0,,
食用菌,2021-03-01,79.404,,,79.404,1.0,,
食用菌,2021-03-02,62.044,,,62.044,1.0,,
食用菌,2021-03-03,71.027,,,71.027,1.0,,
食用菌,2021-03-04,72.465,,,72.465,1.0,,
食用菌,2021-03-05,82.585,,,82.585,1.0,,
食用菌,2021-03-06,151.214,,,151.214,1.0,,
食用菌,2021-03-07,125.428,,,125.428,1.0,,
食用菌,2021-03-08,78.721,,,78.721,1.0,,
食用菌,2021-03-09,143.511,,,143.511,1.0,,
食用菌,2021-03-10,91.994,,,91.994,1.0,,
食用菌,2021-03-11,75.477,,,75.477,1.0,,
食用菌,2021-03-12,84.232,,,84.232,1.0,,
食用菌,2021-03-13,101.865,,,101.865,1.0,,
食用菌,2021-03-14,75.95,,,75.95,1.0,,
食用菌,2021-03-15,40.423,,,40.423,1.0,,
食用菌,2021-03-16,44.844,,,44.844,1.0,,
食用菌,2021-03-17,44.028999999999996,,,44.028999999999996,1.0,,
食用菌,2021-03-18,65.501,,,65.501,1.0,,
食用菌,2021-03-19,69.141,,,69.141,1.0,,
食用菌,2021-03-20,77.235,,,77.235,1.0,,
食用菌,2021-03-21,94.838,,,94.838,1.0,,
食用菌,2021-03-22,50.663000000000004,,0.139,50.80200000000001,0.9972638872485334,,0.0027361127514664778
食用菌,2021-03-23,48.174,,,48.174,1.0,,
食用菌,2021-03-24,35.583,,,35.583,1.0,,
食用菌,2021-03-25,46.89,,,46.89,1.0,,
食用菌,2021-03-26,74.029,5.3790000000000004,4.154,83.562,0.885917043632273,0.06437136497450995,0.049711591393217014
食用菌,2021-03-27,54.344,13.042,2.272,69.658,0.7801544689770019,0.18722903327686696,0.032616497746131096
食用菌,2021-03-28,55.673,,,55.673,1.0,,
食用菌,2021-03-29,47.327,,,47.327,1.0,,
食用菌,2021-03-30,32.145,,,32.145,1.0,,
食用菌,2021-03-31,45.089,,,45.089,1.0,,
食用菌,2021-04-01,48.978,,,48.978,1.0,,
食用菌,2021-04-02,71.484,,1.0899999999999999,72.574,0.9849808471353376,,0.015019152864662275
食用菌,2021-04-03,73.999,,1.74,75.73899999999999,0.9770263668651554,,0.022973633134844667
食用菌,2021-04-04,61.539,,0.17,61.709,0.9972451344212351,,0.002754865578764848
食用菌,2021-04-05,68.049,,,68.049,1.0,,
食用菌,2021-04-06,11.671,,,11.671,1.0,,
食用菌,2021-04-07,46.545,,1.26,47.805,0.973642924380295,,0.026357075619705052
食用菌,2021-04-08,35.491,,,35.491,1.0,,
食用菌,2021-04-09,31.401,,,31.401,1.0,,
食用菌,2021-04-10,60.287,,,60.287,1.0,,
食用菌,2021-04-11,52.29,,,52.29,1.0,,
食用菌,2021-04-12,43.328,,,43.328,1.0,,
食用菌,2021-04-13,40.041,,,40.041,1.0,,
食用菌,2021-04-14,41.387,,,41.387,1.0,,
食用菌,2021-04-15,39.167,,0.9830000000000001,40.15,0.9755168119551682,,0.024483188044831884
食用菌,2021-04-16,44.191,1.677,1.294,47.162,0.9370043679233282,0.03555828845256775,0.027437343624104153
食用菌,2021-04-17,70.81700000000001,,,70.81700000000001,1.0,,
食用菌,2021-04-18,56.607,,,56.607,1.0,,
食用菌,2021-04-19,36.293,,,36.293,1.0,,
食用菌,2021-04-20,37.651,,,37.651,1.0,,
食用菌,2021-04-21,29.198,,1.975,31.173000000000002,0.936643890546306,,0.0633561094536939
食用菌,2021-04-22,40.04,,,40.04,1.0,,
食用菌,2021-04-23,48.009,,1.1,49.109,0.9776008470952371,,0.022399152904762874
食用菌,2021-04-24,78.6,,,78.6,1.0,,
食用菌,2021-04-25,37.692,,,37.692,1.0,,
食用菌,2021-04-26,37.392,,,37.392,1.0,,
食用菌,2021-04-27,26.08,,,26.08,1.0,,
食用菌,2021-04-28,32.789,,0.8200000000000001,33.609,0.9756017733345235,,0.02439822666547651
食用菌,2021-04-29,30.748,,1.8,32.548,0.9446970627995576,,0.05530293720044242
食用菌,2021-04-30,34.021,,0.25,34.271,0.9927052026494704,,0.007294797350529602
食用菌,2021-05-01,50.81,,,50.81,1.0,,
食用菌,2021-05-02,45.609,,1.826,47.435,0.9615052176662802,,0.03849478233371983
食用菌,2021-05-03,54.995,,,54.995,1.0,,
食用菌,2021-05-04,42.643,,,42.643,1.0,,
食用菌,2021-05-05,60.989,,,60.989,1.0,,
食用菌,2021-05-06,30.192,,,30.192,1.0,,
食用菌,2021-05-07,32.869,,0.6739999999999999,33.543,0.9799063888143577,,0.020093611185642308
食用菌,2021-05-08,32.523,,0.808,33.331,0.9757583030812157,,0.024241696918784313
食用菌,2021-05-09,44.07,,0.779,44.849000000000004,0.9826306049187272,,0.017369395081272714
食用菌,2021-05-10,26.427,,,26.427,1.0,,
食用菌,2021-05-11,29.579,,0.31,29.889,0.9896282913446419,,0.010371708655358159
食用菌,2021-05-12,31.02,,,31.02,1.0,,
食用菌,2021-05-13,29.537,,,29.537,1.0,,
食用菌,2021-05-14,28.295,,0.983,29.278000000000002,0.9664253022747455,,0.033574697725254454
食用菌,2021-05-15,49.932,,,49.932,1.0,,
食用菌,2021-05-16,51.103,,,51.103,1.0,,
食用菌,2021-05-17,25.733,,,25.733,1.0,,
食用菌,2021-05-18,27.95,,1.5,29.45,0.9490662139219015,,0.050933786078098474
食用菌,2021-05-19,28.798000000000002,,,28.798000000000002,1.0,,
食用菌,2021-05-20,33.823,,1.624,35.447,0.9541851214489236,,0.04581487855107626
食用菌,2021-05-21,43.516,,,43.516,1.0,,
食用菌,2021-05-22,44.951,,0.258,45.209,0.9942931717135968,,0.005706828286403149
食用菌,2021-05-23,62.384,,,62.384,1.0,,
食用菌,2021-05-24,27.807,,1.82,29.627,0.9385695480473892,,0.0614304519526108
食用菌,2021-05-25,33.463,,1.584,35.047000000000004,0.954803549519217,,0.04519645048078295
食用菌,2021-05-26,30.844,,1.125,31.969,0.9648096593575026,,0.03519034064249742
食用菌,2021-05-27,17.974,,1.6,19.574,0.9182589148870951,,0.08174108511290487
食用菌,2021-05-28,26.113,,2.059,28.172,0.9269132471957973,,0.07308675280420276
食用菌,2021-05-29,34.14,,1.742,35.882,0.9514519814949001,,0.04854801850510005
食用菌,2021-05-30,31.326,,2.166,33.492,0.935327839484056,,0.06467216051594411
食用菌,2021-05-31,33.153999999999996,,0.96,34.114,0.971859060796154,,0.02814093920384593
食用菌,2021-06-01,33.668,,,33.668,1.0,,
食用菌,2021-06-02,42.287,,1.241,43.528,0.9714896158794339,,0.028510384120566074
食用菌,2021-06-03,47.565,,0.8,48.364999999999995,0.9834591129949344,,0.01654088700506565
食用菌,2021-06-04,45.128,,1.92,47.048,0.9591906138411834,,0.040809386158816525
食用菌,2021-06-05,37.660000000000004,,4.66,42.32000000000001,0.8898865784499054,,0.1101134215500945
食用菌,2021-06-06,31.525,,1.22,32.745,0.9627424034203695,,0.03725759657963048
食用菌,2021-06-07,27.872,,,27.872,1.0,,
食用菌,2021-06-08,26.378,,1.73,28.108,0.9384516863526398,,0.06154831364736018
食用菌,2021-06-09,30.699,,0.7,31.399,0.9777062963788656,,0.02229370362113443
食用菌,2021-06-10,26.045,0.288,3.06,29.393,0.886095328819787,0.009798251284319395,0.10410641989589357
食用菌,2021-06-11,23.699,,1.88,25.579,0.9265022088431917,,0.07349779115680831
食用菌,2021-06-12,61.339,,0.67,62.009,0.9891951168378783,,0.010804883162121628
食用菌,2021-06-13,73.12,1.482,,74.602,0.9801345808423366,0.019865419157663333,
食用菌,2021-06-14,56.049,,,56.049,1.0,,
食用菌,2021-06-15,31.346,,,31.346,1.0,,
食用菌,2021-06-16,29.826,,,29.826,1.0,,
食用菌,2021-06-17,22.835,,,22.835,1.0,,
食用菌,2021-06-18,29.867,,,29.867,1.0,,
食用菌,2021-06-19,39.484,,,39.484,1.0,,
食用菌,2021-06-20,38.578,,,38.578,1.0,,
食用菌,2021-06-21,22.575,,1.649,24.224,0.9319270145310435,,0.0680729854689564
食用菌,2021-06-22,28.965,0.334,,29.299,0.9886002935253763,0.011399706474623707,
食用菌,2021-06-23,31.601,,1.192,32.793,0.9636507791296923,,0.03634922087030769
食用菌,2021-06-24,30.855,,0.8919999999999999,31.747,0.9719028569628626,,0.028097143037137364
食用菌,2021-06-25,32.537,,,32.537,1.0,,
食用菌,2021-06-26,45.592999999999996,,1.809,47.401999999999994,0.9618370532888908,,0.03816294671110924
食用菌,2021-06-27,49.14,,,49.14,1.0,,
食用菌,2021-06-28,33.153,,,33.153,1.0,,
食用菌,2021-06-29,24.389,,2.01,26.399,0.9238607523012234,,0.07613924769877646
食用菌,2021-06-30,41.197,,0.34,41.537000000000006,0.9918145268074247,,0.008185473192575293
食用菌,2021-07-01,32.29,,0.36,32.65,0.9889739663093415,,0.011026033690658498
食用菌,2021-07-02,34.247,,,34.247,1.0,,
食用菌,2021-07-03,63.919,,2.93,66.849,0.956169875390806,,0.04383012460919385
食用菌,2021-07-04,44.466,,,44.466,1.0,,
食用菌,2021-07-05,39.351,,1.14,40.491,0.9718455953174779,,0.02815440468252204
食用菌,2021-07-06,34.499,,1.866,36.365,0.948686924240341,,0.051313075759659016
食用菌,2021-07-07,24.479,,1.62,26.099,0.9379286562703552,,0.06207134372964482
食用菌,2021-07-08,33.513,,0.558,34.071,0.9836224355023334,,0.01637756449766664
食用菌,2021-07-09,24.522,1.506,0.468,26.496,0.9254981884057971,0.05683876811594203,0.01766304347826087
食用菌,2021-07-10,41.077,,,41.077,1.0,,
食用菌,2021-07-11,37.96,0.422,,38.382,0.9890052628836434,0.010994737116356625,
食用菌,2021-07-12,24.080000000000002,,,24.080000000000002,1.0,,
食用菌,2021-07-13,18.59,,,18.59,1.0,,
食用菌,2021-07-14,43.512,,,43.512,1.0,,
食用菌,2021-07-15,29.008,,,29.008,1.0,,
食用菌,2021-07-16,47.644,,,47.644,1.0,,
食用菌,2021-07-17,46.115,,,46.115,1.0,,
食用菌,2021-07-18,43.166,,,43.166,1.0,,
食用菌,2021-07-19,40.629,,,40.629,1.0,,
食用菌,2021-07-20,27.025,,,27.025,1.0,,
食用菌,2021-07-21,36.182,,,36.182,1.0,,
食用菌,2021-07-22,31.031,,,31.031,1.0,,
食用菌,2021-07-23,28.61,,,28.61,1.0,,
食用菌,2021-07-24,35.038,,,35.038,1.0,,
食用菌,2021-07-25,36.532000000000004,,,36.532000000000004,1.0,,
食用菌,2021-07-26,30.861,,,30.861,1.0,,
食用菌,2021-07-27,29.008,,,29.008,1.0,,
食用菌,2021-07-28,35.805,,,35.805,1.0,,
食用菌,2021-07-29,26.28,,,26.28,1.0,,
食用菌,2021-07-30,28.865,,,28.865,1.0,,
食用菌,2021-07-31,44.434,0.133,,44.567,0.9970157291269324,0.0029842708730675165,
食用菌,2021-08-01,42.846000000000004,0.138,,42.984,0.9967895030709102,0.003210496929089894,
食用菌,2021-08-02,56.195,0.453,1.0,57.648,0.9747953094643352,0.007858034970857618,0.017346655564807103
食用菌,2021-08-03,42.284,,,42.284,1.0,,
食用菌,2021-08-04,49.558,0.47,,50.028,0.9906052610538099,0.009394738946190133,
食用菌,2021-08-05,58.355,,,58.355,1.0,,
食用菌,2021-08-06,51.397,,,51.397,1.0,,
食用菌,2021-08-07,42.763,9.522,1.689,53.974,0.7922888798310298,0.1764182754659651,0.031292844703005154
食用菌,2021-08-08,46.133,10.085,1.133,57.351000000000006,0.8043974821711914,0.1758469773848756,0.019755540443932972
食用菌,2021-08-09,31.739,8.540000000000001,1.708,41.987,0.7559244528068212,0.20339628932764905,0.040679257865529804
食用菌,2021-08-10,29.787,7.881,1.562,39.23,0.7592913586540913,0.20089217435635995,0.03981646698954882
食用菌,2021-08-11,34.304,8.046,1.8940000000000001,44.244,0.7753367688274116,0.18185516680227826,0.0428080643703101
食用菌,2021-08-12,40.144,9.683,2.887,52.714,0.7615434229995827,0.1836893424896612,0.05476723451075616
食用菌,2021-08-13,50.122,7.604,0.145,57.871,0.8660987368457431,0.13139569041488827,0.0025055727393685956
食用菌,2021-08-14,49.995,21.045,3.323,74.36299999999999,0.6723101542433738,0.28300364428546465,0.04468620147116174
食用菌,2021-08-15,51.462,9.654,0.42900000000000005,61.545,0.8361686570801853,0.15686083353643676,0.0069705093833780166
食用菌,2021-08-16,33.844,5.247,2.0,41.091,0.8236353459395002,0.12769219537124918,0.048672458689250686
食用菌,2021-08-17,47.653999999999996,8.221,2.004,57.879,0.8233383437861745,0.14203769933827468,0.03462395687555072
食用菌,2021-08-18,28.983999999999998,7.493,2.159,38.635999999999996,0.7501811781757947,0.1939382958898437,0.055880525934361734
食用菌,2021-08-19,27.623,6.177,1.888,35.687999999999995,0.7740136740641114,0.1730833893745797,0.05290293656130913
食用菌,2021-08-20,33.817,7.025,1.516,42.358,0.7983615845885076,0.1658482459039615,0.03579016950753105
食用菌,2021-08-21,40.554,23.43,6.591,70.575,0.5746227417640808,0.33198724760892667,0.09339001062699256
食用菌,2021-08-22,33.037,25.289,2.496,60.822,0.5431751668804051,0.41578705073821975,0.041037782381375155
食用菌,2021-08-23,32.389,6.309,1.832,40.53,0.7991364421416235,0.15566247224278312,0.04520108561559339
食用菌,2021-08-24,35.481,5.533,2.351,43.365,0.8181943964026288,0.12759137553326416,0.054214228064106994
食用菌,2021-08-25,27.52,4.851,1.806,34.177,0.8052198847177927,0.1419375603476022,0.05284255493460514
食用菌,2021-08-26,41.079,7.695,0.9730000000000001,49.747,0.825758337186162,0.1546826944338352,0.019558968380002817
食用菌,2021-08-27,52.541,7.239,1.508,61.288,0.8572803811512857,0.11811447591698213,0.02460514293173215
食用菌,2021-08-28,52.56,7.751,1.182,61.493,0.854731432846015,0.1260468671230872,0.019221700030897824
食用菌,2021-08-29,53.324,11.374,1.3010000000000002,65.999,0.8079516356308429,0.17233594448400735,0.019712419885149778
食用菌,2021-08-30,40.224000000000004,7.01,0.755,47.989000000000004,0.8381920856863031,0.14607514222009207,0.015732772093604783
食用菌,2021-08-31,36.634,5.011,0.886,42.531000000000006,0.8613481930826925,0.11781994310032681,0.02083186381698055
食用菌,2021-09-01,55.186,6.036,0.661,61.883,0.8917796486918863,0.09753890406088908,0.010681447247224602
食用菌,2021-09-02,32.764,6.348,1.382,40.494,0.8091075221020398,0.15676396503185658,0.03412851286610362
食用菌,2021-09-03,39.012,5.979,1.255,46.246,0.8435756605976733,0.12928685724170738,0.027137482160619293
食用菌,2021-09-04,58.438,15.821,4.38,78.639,0.7431172827731788,0.20118516257836444,0.055697554648456875
食用菌,2021-09-05,52.111000000000004,19.643,3.1029999999999998,74.857,0.696140641489774,0.2624069893263155,0.04145236918391065
食用菌,2021-09-06,32.722,4.661,0.361,37.744,0.8669457397202205,0.12348982619754133,0.009564434082238235
食用菌,2021-09-07,36.81,6.675,0.9530000000000001,44.438,0.8283451100409559,0.15020928034565012,0.021445609613393944
食用菌,2021-09-08,37.664,3.808,0.755,42.227000000000004,0.891941175077557,0.09017926918796029,0.017879555734482674
食用菌,2021-09-09,35.983,5.412,0.602,41.99699999999999,0.8567992951877516,0.1288663475962569,0.014334357215991621
食用菌,2021-09-10,28.48,4.724,2.378,35.582,0.8004046990051149,0.13276375695576415,0.06683154403912091
食用菌,2021-09-11,51.94,9.548,0.906,62.394,0.8324518383177869,0.15302753469884925,0.014520626983363786
食用菌,2021-09-12,47.538,9.558,0.182,57.278,0.8299521631341876,0.16687035161842242,0.0031774852473899226
食用菌,2021-09-13,23.196,7.223,0.996,31.415,0.7383733885086743,0.22992201177781316,0.03170459971351265
食用菌,2021-09-14,26.189,7.272,1.724,35.184999999999995,0.7443228648571836,0.20667898252096067,0.04899815262185591
食用菌,2021-09-15,27.059,4.969,3.254,35.282,0.7669349810101469,0.14083668726262685,0.09222833172722636
食用菌,2021-09-16,38.913000000000004,,,38.913000000000004,1.0,,
食用菌,2021-09-17,33.650999999999996,,,33.650999999999996,1.0,,
食用菌,2021-09-18,41.645,,,41.645,1.0,,
食用菌,2021-09-19,113.493,,,113.493,1.0,,
食用菌,2021-09-20,92.289,,,92.289,1.0,,
食用菌,2021-09-21,81.116,,,81.116,1.0,,
食用菌,2021-09-22,36.948,,,36.948,1.0,,
食用菌,2021-09-23,33.475,,,33.475,1.0,,
食用菌,2021-09-24,40.365,,,40.365,1.0,,
食用菌,2021-09-25,38.452,,,38.452,1.0,,
食用菌,2021-09-26,19.576999999999998,6.782,0.833,27.191999999999997,0.7199543983524567,0.2494115916446014,0.030634010002942046
食用菌,2021-09-27,7.713,4.696,0.353,12.761999999999999,0.6043723554301834,0.36796740322833416,0.02766024134148253
食用菌,2021-09-28,15.648,5.351,0.6719999999999999,21.671,0.7220709704213003,0.2469198467998708,0.03100918277882885
食用菌,2021-09-29,8.773,4.699,1.6469999999999998,15.119,0.580263244923606,0.31080097890072095,0.10893577617567299
食用菌,2021-09-30,15.037,5.818,1.379,22.234,0.676306557524512,0.2616713142034721,0.06202212827201583
食用菌,2021-10-01,14.868,26.672,3.677,45.217,0.3288143839706305,0.589866643076719,0.08131897295265056
食用菌,2021-10-02,18.965,15.644,3.479,38.088,0.4979258559126234,0.4107330392774627,0.09134110480991388
食用菌,2021-10-03,28.374,12.63,2.266,43.269999999999996,0.6557430090131732,0.29188814421076964,0.05236884677605732
食用菌,2021-10-04,24.234,11.124,3.1390000000000002,38.49700000000001,0.6295035976829363,0.28895758111021635,0.08153882120684727
食用菌,2021-10-05,24.983999999999998,7.305,1.127,33.416000000000004,0.7476657888436675,0.21860785252573614,0.033726358630596115
食用菌,2021-10-06,55.723,,,55.723,1.0,,
食用菌,2021-10-07,45.794,,,45.794,1.0,,
食用菌,2021-10-08,50.073,,,50.073,1.0,,
食用菌,2021-10-09,33.339999999999996,,,33.339999999999996,1.0,,
食用菌,2021-10-10,78.234,,,78.234,1.0,,
食用菌,2021-10-11,26.96,,,26.96,1.0,,
食用菌,2021-10-12,38.769,,,38.769,1.0,,
食用菌,2021-10-13,39.51,,,39.51,1.0,,
食用菌,2021-10-14,28.438,,,28.438,1.0,,
食用菌,2021-10-15,84.89,,,84.89,1.0,,
食用菌,2021-10-16,73.514,,,73.514,1.0,,
食用菌,2021-10-17,37.224,25.793,2.799,65.816,0.5655767594505895,0.3918955876990397,0.04252765285037073
食用菌,2021-10-18,21.7,7.713,0.653,30.066,0.7217454932481874,0.25653562163240873,0.02171888511940398
食用菌,2021-10-19,22.055,9.038,1.107,32.2,0.6849378881987577,0.28068322981366456,0.03437888198757764
食用菌,2021-10-20,30.306,9.886,1.681,41.873,0.7237599407732908,0.23609485826188714,0.04014520096482221
食用菌,2021-10-21,32.022,5.42,1.3110000000000002,38.753,0.8263102211441694,0.13986013986013987,0.03382963899569066
食用菌,2021-10-22,29.685,8.365,1.989,40.038999999999994,0.7414021329204027,0.2089213017308125,0.049676565348784944
食用菌,2021-10-23,87.828,,,87.828,1.0,,
食用菌,2021-10-24,55.632,,,55.632,1.0,,
食用菌,2021-10-25,46.731,,,46.731,1.0,,
食用菌,2021-10-26,48.637,,,48.637,1.0,,
食用菌,2021-10-27,35.369,,,35.369,1.0,,
食用菌,2021-10-28,31.659,,,31.659,1.0,,
食用菌,2021-10-29,47.926,,,47.926,1.0,,
食用菌,2021-10-30,79.731,,,79.731,1.0,,
食用菌,2021-10-31,75.305,,,75.305,1.0,,
食用菌,2021-11-01,40.999,,,40.999,1.0,,
食用菌,2021-11-02,49.667,,,49.667,1.0,,
食用菌,2021-11-03,77.957,,5.0,82.957,0.9397278107935436,,0.06027218920645636
食用菌,2021-11-04,58.122,,3.0,61.122,0.950917836458231,,0.04908216354176892
食用菌,2021-11-05,104.608,,,104.608,1.0,,
食用菌,2021-11-06,128.993,,,128.993,1.0,,
食用菌,2021-11-07,155.029,,,155.029,1.0,,
食用菌,2021-11-08,58.558,,,58.558,1.0,,
食用菌,2021-11-09,52.288,,,52.288,1.0,,
食用菌,2021-11-10,48.096000000000004,,,48.096000000000004,1.0,,
食用菌,2021-11-11,47.256,,,47.256,1.0,,
食用菌,2021-11-12,55.136,,,55.136,1.0,,
食用菌,2021-11-13,56.321,,1.0,57.321,0.9825543866994644,,0.01744561330053558
食用菌,2021-11-14,71.072,,,71.072,1.0,,
食用菌,2021-11-15,30.631,3.659,2.0,36.29,0.844061724993111,0.10082667401488013,0.05511160099200882
食用菌,2021-11-16,20.218,12.728,3.172,36.117999999999995,0.5597762888310538,0.3524004651420345,0.0878232460269118
食用菌,2021-11-17,27.986,12.709,3.341,44.036,0.63552547915342,0.28860477790898353,0.07586974293759652
食用菌,2021-11-18,19.922,13.437,1.823,35.182,0.5662554715479506,0.38192825876868847,0.051816269683360804
食用菌,2021-11-19,16.207,14.319,4.648,35.17400000000001,0.46076647523739117,0.4070904645476772,0.13214306021493144
食用菌,2021-11-20,48.565,20.983,4.163,73.711,0.6588568870317862,0.2846657893665803,0.05647732360163341
食用菌,2021-11-21,92.367,2.0,8.0,102.367,0.9023122686021863,0.019537546279562747,0.07815018511825099
食用菌,2021-11-22,23.416,1.0,,24.416,0.959043250327654,0.040956749672346,
食用菌,2021-11-23,24.705,,,24.705,1.0,,
食用菌,2021-11-24,22.259,,,22.259,1.0,,
食用菌,2021-11-25,14.266,,3.0,17.266,0.8262481176879417,,0.1737518823120584
食用菌,2021-11-26,22.331,1.313,,23.644,0.944467941126713,0.05553205887328709,
食用菌,2021-11-27,43.646,,1.0,44.646,0.9776015768489899,,0.022398423151010167
食用菌,2021-11-28,48.715,8.245,,56.96,0.855249297752809,0.144750702247191,
食用菌,2021-11-29,20.934,,,20.934,1.0,,
食用菌,2021-11-30,30.467,,,30.467,1.0,,
食用菌,2021-12-01,24.864,,,24.864,1.0,,
食用菌,2021-12-02,20.085,,,20.085,1.0,,
食用菌,2021-12-03,54.498,,,54.498,1.0,,
食用菌,2021-12-04,92.516,0.179,,92.69500000000001,0.9980689357570527,0.0019310642429473,
食用菌,2021-12-05,100.244,,,100.244,1.0,,
食用菌,2021-12-06,45.511,,,45.511,1.0,,
食用菌,2021-12-07,36.621,,,36.621,1.0,,
食用菌,2021-12-08,46.246,1.0,1.0,48.246,0.9585457861791651,0.02072710691041744,0.02072710691041744
食用菌,2021-12-09,41.728,,1.0,42.728,0.9765961430443737,,0.023403856955626287
食用菌,2021-12-10,55.263,,,55.263,1.0,,
食用菌,2021-12-11,121.635,,,121.635,1.0,,
食用菌,2021-12-12,80.302,,,80.302,1.0,,
食用菌,2021-12-13,44.884,40.0,8.0,92.884,0.48322638990568884,0.43064467507859266,0.08612893501571853
食用菌,2021-12-14,37.516,54.0,12.0,103.51599999999999,0.3624174040728004,0.5216584875767998,0.11592410835039994
食用菌,2021-12-15,36.376,24.0,4.0,64.376,0.5650553001118428,0.3728097427612775,0.06213495712687958
食用菌,2021-12-16,51.856,,,51.856,1.0,,
食用菌,2021-12-17,69.729,,,69.729,1.0,,
食用菌,2021-12-18,114.017,,,114.017,1.0,,
食用菌,2021-12-19,113.836,,5.0,118.836,0.9579252078494732,,0.04207479215052678
食用菌,2021-12-20,60.872,,,60.872,1.0,,
食用菌,2021-12-21,54.261,,,54.261,1.0,,
食用菌,2021-12-22,46.263,,4.0,50.263,0.9204185981736068,,0.07958140182639317
食用菌,2021-12-23,44.43,3.0,,47.43,0.9367488931056294,0.06325110689437065,
食用菌,2021-12-24,63.472,,,63.472,1.0,,
食用菌,2021-12-25,84.606,43.352000000000004,9.564,137.522,0.6152179287677608,0.3152368348336994,0.06954523639853988
食用菌,2021-12-26,83.565,8.757,,92.322,0.9051472021836615,0.09485279781633846,
食用菌,2021-12-27,32.09,7.351,0.201,39.642,0.8094949800716412,0.18543464002825286,0.005070379900105948
食用菌,2021-12-28,32.131,6.873,,39.004,0.8237873038662702,0.1762126961337299,
食用菌,2021-12-29,24.651,3.744,,28.395,0.8681458003169572,0.1318541996830428,
食用菌,2021-12-30,27.302,3.443,1.0,31.745,0.8600409513309182,0.10845802488580879,0.031501023783272956
食用菌,2021-12-31,84.954,3.0,1.0,88.954,0.955032938372642,0.03372529622051847,0.011241765406839492
食用菌,2022-01-01,90.656,,,90.656,1.0,,
食用菌,2022-01-02,59.918,,,59.918,1.0,,
食用菌,2022-01-03,57.045,,2.0,59.045,0.9661275298501143,,0.03387247014988568
食用菌,2022-01-04,60.48,3.0,,63.48,0.9527410207939508,0.04725897920604915,
食用菌,2022-01-05,35.437,5.0,,40.437,0.8763508667804238,0.12364913321957614,
食用菌,2022-01-06,41.278,3.0,,44.278,0.9322462622521343,0.06775373774786576,
食用菌,2022-01-07,69.764,2.0,7.0,78.764,0.8857345995632523,0.02539231120816617,0.08887308922858159
食用菌,2022-01-08,112.412,,,112.412,1.0,,
食用菌,2022-01-09,81.804,,3.0,84.804,0.9646243101740484,,0.03537568982595161
食用菌,2022-01-10,46.232,,,46.232,1.0,,
食用菌,2022-01-11,30.489,,3.0,33.489000000000004,0.910418346322673,,0.08958165367732687
食用菌,2022-01-12,41.619,1.0,4.0,46.619,0.8927475921834446,0.021450481563311096,0.08580192625324438
食用菌,2022-01-13,39.916,2.0,7.0,48.916,0.8160111211055687,0.04088641753209584,0.14310246136233545
食用菌,2022-01-14,40.083,1.0,12.0,53.083,0.75510050298589,0.01883842284723923,0.22606107416687077
食用菌,2022-01-15,48.827,,1.0,49.827,0.979930559736689,,0.020069440263311058
食用菌,2022-01-16,44.987,1.0,10.0,55.987,0.8035258184935788,0.017861289227856465,0.17861289227856467
食用菌,2022-01-17,28.229,1.0,,29.229,0.9657874029217558,0.03421259707824421,
食用菌,2022-01-18,37.752,1.0,,38.752,0.9741948802642444,0.025805119735755572,
食用菌,2022-01-19,72.068,,,72.068,1.0,,
食用菌,2022-01-20,73.146,,5.0,78.146,0.9360171985770225,,0.0639828014229775
食用菌,2022-01-21,77.103,,,77.103,1.0,,
食用菌,2022-01-22,97.639,,,97.639,1.0,,
食用菌,2022-01-23,89.483,,,89.483,1.0,,
食用菌,2022-01-24,68.443,,,68.443,1.0,,
食用菌,2022-01-25,80.043,1.0,2.0,83.043,0.9638741374950327,0.012041954168322435,0.02408390833664487
食用菌,2022-01-26,84.094,2.0,1.0,87.094,0.9655544584012676,0.022963694399154938,0.011481847199577469
食用菌,2022-01-27,66.621,,,66.621,1.0,,
食用菌,2022-01-28,144.04,,,144.04,1.0,,
食用菌,2022-01-29,195.987,,,195.987,1.0,,
食用菌,2022-01-30,153.261,,,153.261,1.0,,
食用菌,2022-02-01,46.534,,,46.534,1.0,,
食用菌,2022-02-02,94.037,7.304,3.181,104.522,0.8996861904670788,0.06988002525784046,0.030433784275080842
食用菌,2022-02-03,46.152,,,46.152,1.0,,
食用菌,2022-02-04,62.232,,,62.232,1.0,,
食用菌,2022-02-05,94.217,,,94.217,1.0,,
食用菌,2022-02-06,90.519,,,90.519,1.0,,
食用菌,2022-02-07,89.43,,,89.43,1.0,,
食用菌,2022-02-08,48.124,,,48.124,1.0,,
食用菌,2022-02-09,44.397999999999996,9.0,1.0,54.397999999999996,0.8161697121217691,0.16544725909040775,0.018383028787823084
食用菌,2022-02-10,42.478,,3.0,45.478,0.934034038436167,,0.06596596156383305
食用菌,2022-02-11,35.35,1.0,8.0,44.35,0.7970687711386697,0.02254791431792559,0.18038331454340473
食用菌,2022-02-12,41.628,3.0,,44.628,0.9327776283947298,0.06722237160527024,
食用菌,2022-02-13,62.028,,,62.028,1.0,,
食用菌,2022-02-14,43.618,,,43.618,1.0,,
食用菌,2022-02-15,54.996,,,54.996,1.0,,
食用菌,2022-02-16,17.235,,2.0,19.235,0.8960228749675071,,0.10397712503249286
食用菌,2022-02-17,27.335,1.0,,28.335,0.9647079583553909,0.03529204164460914,
食用菌,2022-02-18,43.249,,1.0,44.249,0.9774006192230333,,0.02259938077696671
食用菌,2022-02-19,49.453,,,49.453,1.0,,
食用菌,2022-02-20,29.076,,,29.076,1.0,,
食用菌,2022-02-21,11.197,,,11.197,1.0,,
食用菌,2022-02-22,14.499,,,14.499,1.0,,
食用菌,2022-02-23,16.979,,,16.979,1.0,,
食用菌,2022-02-24,26.097,,1.0,27.097,0.9630955456323578,,0.03690445436764217
食用菌,2022-02-25,33.498,,,33.498,1.0,,
食用菌,2022-02-26,44.56,,,44.56,1.0,,
食用菌,2022-02-27,26.748,2.0,2.0,30.748,0.8699102380642644,0.06504488096786783,0.06504488096786783
食用菌,2022-02-28,10.887,,1.0,11.887,0.915874484731219,,0.08412551526878102
食用菌,2022-03-01,18.112000000000002,,,18.112000000000002,1.0,,
食用菌,2022-03-02,17.916,,,17.916,1.0,,
食用菌,2022-03-03,15.525,,,15.525,1.0,,
食用菌,2022-03-04,28.908,,,28.908,1.0,,
食用菌,2022-03-05,33.725,,,33.725,1.0,,
食用菌,2022-03-06,39.323,,,39.323,1.0,,
食用菌,2022-03-07,12.626,,,12.626,1.0,,
食用菌,2022-03-08,14.096,,,14.096,1.0,,
食用菌,2022-03-09,20.91,1.0,,21.91,0.9543587403012324,0.045641259698767686,
食用菌,2022-03-10,14.375,,,14.375,1.0,,
食用菌,2022-03-11,11.525,,,11.525,1.0,,
食用菌,2022-03-12,20.441,2.0,1.0,23.441,0.872019111812636,0.08532059212490935,0.042660296062454674
食用菌,2022-03-13,23.827,2.0,,25.827,0.9225616602780037,0.07743833972199636,
食用菌,2022-03-14,11.799,2.0,,13.799,0.8550619610116675,0.1449380389883325,
食用菌,2022-03-15,17.42,,,17.42,1.0,,
食用菌,2022-03-16,15.552,,1.536,17.088,0.9101123595505617,,0.0898876404494382
食用菌,2022-03-17,22.721,,,22.721,1.0,,
食用菌,2022-03-18,28.546,,1.406,29.951999999999998,0.9530582264957266,,0.046941773504273504
食用菌,2022-03-19,47.313,2.516,,49.829,0.9495073150173594,0.05049268498264063,
食用菌,2022-03-20,39.0,4.0,,43.0,0.9069767441860465,0.09302325581395349,
食用菌,2022-03-21,28.074,,,28.074,1.0,,
食用菌,2022-03-22,30.747,,0.909,31.656,0.9712850644427597,,0.028714935557240334
食用菌,2022-03-23,27.061,,1.218,28.279,0.9569291700555183,,0.04307082994448177
食用菌,2022-03-24,18.106,,,18.106,1.0,,
食用菌,2022-03-25,38.858,2.227,2.301,43.385999999999996,0.8956345364864242,0.05132992209468493,0.05303554141889089
食用菌,2022-03-26,40.029,0.9610000000000001,2.193,43.183,0.926961998934766,0.022254127781765973,0.050783873283468034
食用菌,2022-03-27,22.576999999999998,,1.5010000000000001,24.078,0.937660935293629,,0.06233906470637097
食用菌,2022-03-28,20.908,,0.33,21.238,0.9844618137301064,,0.015538186269893587
食用菌,2022-03-29,22.608,2.0,2.375,26.983,0.8378608753659712,0.07412074268984176,0.08801838194418708
食用菌,2022-03-30,21.844,,0.606,22.450000000000003,0.9730066815144766,,0.02699331848552338
食用菌,2022-03-31,26.203,,,26.203,1.0,,
食用菌,2022-04-01,18.85,,1.065,19.915000000000003,0.9465227215666583,,0.05347727843334169
食用菌,2022-04-02,27.963,0.279,1.788,30.03,0.9311688311688312,0.009290709290709291,0.05954045954045954
食用菌,2022-04-03,46.766,,,46.766,1.0,,
食用菌,2022-04-04,40.38,,0.365,40.745000000000005,0.99104184562523,,0.008958154374769909
食用菌,2022-04-05,31.046,,0.43,31.476,0.9863387978142076,,0.01366120218579235
食用菌,2022-04-06,19.821,,0.671,20.492,0.9672555143470623,,0.032744485652937735
食用菌,2022-04-07,14.709,,0.172,14.881,0.9884416369867616,,0.011558363013238357
食用菌,2022-04-08,15.572,,3.314,18.886,0.8245261039923752,,0.1754738960076247
食用菌,2022-04-09,35.619,,,35.619,1.0,,
食用菌,2022-04-10,29.269,,1.677,30.945999999999998,0.9458088282815227,,0.05419117171847735
食用菌,2022-04-11,11.088000000000001,0.387,0.395,11.870000000000001,0.9341196293176074,0.03260320134793597,0.03327716933445661
食用菌,2022-04-12,16.858999999999998,,,16.858999999999998,1.0,,
食用菌,2022-04-13,29.728,,2.235,31.963,0.930075399680881,,0.06992460031911897
食用菌,2022-04-14,21.589,,,21.589,1.0,,
食用菌,2022-04-15,39.136,,,39.136,1.0,,
食用菌,2022-04-16,25.17,,2.934,28.104000000000003,0.895602049530316,,0.10439795046968403
食用菌,2022-04-17,38.721,1.1720000000000002,0.351,40.24399999999999,0.9621558493191532,0.029122353642779056,0.008721797038067788
食用菌,2022-04-18,21.701,0.374,6.592,28.666999999999998,0.7570028255485401,0.013046359926047373,0.2299508145254125
食用菌,2022-04-19,17.801,,5.935,23.735999999999997,0.7499578699022582,,0.25004213009774184
食用菌,2022-04-20,27.313,3.504,2.577,33.394,0.8179014194166617,0.10492902916691622,0.07716955141642211
食用菌,2022-04-21,24.596,1.318,1.565,27.479000000000003,0.895083518323083,0.04796389970522945,0.05695258197168746
食用菌,2022-04-22,21.983,0.494,3.832,26.309,0.8355695769508533,0.01877684442586187,0.1456535786232848
食用菌,2022-04-23,26.223,,1.25,27.473,0.9545007825865395,,0.04549921741346049
食用菌,2022-04-24,31.113,,1.8079999999999998,32.921,0.9450806476109475,,0.05491935238905258
食用菌,2022-04-25,27.016,0.404,0.701,28.121,0.960705522563209,0.014366487678247575,0.024927989758543437
食用菌,2022-04-26,12.538,,0.601,13.139,0.9542583149402543,,0.045741685059745796
食用菌,2022-04-27,24.543,,2.559,27.102,0.9055789240646447,,0.09442107593535533
食用菌,2022-04-28,15.006,1.0,0.351,16.357,0.9174053921868314,0.061135905117075263,0.021458702696093415
食用菌,2022-04-29,20.751,,3.3129999999999997,24.064,0.862325465425532,,0.13767453457446807
食用菌,2022-04-30,33.764,0.387,,34.151,0.9886679745834676,0.011332025416532459,
食用菌,2022-05-01,30.083,,3.0,33.083,0.9093189855817188,,0.0906810144182813
食用菌,2022-05-02,41.191,1.0,,42.191,0.9762982626626532,0.023701737337346825,
食用菌,2022-05-03,18.375,,,18.375,1.0,,
食用菌,2022-05-04,27.071,,,27.071,1.0,,
食用菌,2022-05-05,16.992,,,16.992,1.0,,
食用菌,2022-05-06,19.454,,,19.454,1.0,,
食用菌,2022-05-07,33.837,,1.0,34.837,0.971294887619485,,0.028705112380514968
食用菌,2022-05-08,35.067,,,35.067,1.0,,
食用菌,2022-05-09,33.581,,1.0,34.581,0.971082386281484,,0.028917613718515946
食用菌,2022-05-10,9.417,,,9.417,1.0,,
食用菌,2022-05-11,20.87,,,20.87,1.0,,
食用菌,2022-05-12,20.925,,1.0,21.925,0.9543899657924744,,0.04561003420752566
食用菌,2022-05-13,25.1,1.0,,26.1,0.9616858237547893,0.038314176245210725,
食用菌,2022-05-14,26.77,,,26.77,1.0,,
食用菌,2022-05-15,34.51,,,34.51,1.0,,
食用菌,2022-05-16,18.527,,,18.527,1.0,,
食用菌,2022-05-17,10.789,,2.0,12.789,0.8436156071624051,,0.1563843928375948
食用菌,2022-05-18,19.598,1.0,,20.598,0.9514515972424508,0.04854840275754928,
食用菌,2022-05-19,13.195,,,13.195,1.0,,
食用菌,2022-05-20,14.719,,,14.719,1.0,,
食用菌,2022-05-21,43.484,,,43.484,1.0,,
食用菌,2022-05-22,23.398,,,23.398,1.0,,
食用菌,2022-05-23,4.6370000000000005,,,4.6370000000000005,1.0,,
食用菌,2022-05-24,14.041,,,14.041,1.0,,
食用菌,2022-05-25,18.698,,,18.698,1.0,,
食用菌,2022-05-26,21.185,,,21.185,1.0,,
食用菌,2022-05-27,19.308,,,19.308,1.0,,
食用菌,2022-05-28,44.827,,2.0,46.827,0.9572895978815641,,0.04271040211843595
食用菌,2022-05-29,33.517,,,33.517,1.0,,
食用菌,2022-05-30,14.585,1.0,1.0,16.585,0.8794091046126018,0.06029544769369912,0.06029544769369912
食用菌,2022-05-31,35.474,1.0,3.0,39.474,0.898667477326848,0.02533313066828799,0.07599939200486397
食用菌,2022-06-01,35.603,,,35.603,1.0,,
食用菌,2022-06-02,35.405,1.0,,36.405,0.9725312457080072,0.02746875429199286,
食用菌,2022-06-03,61.149,,,61.149,1.0,,
食用菌,2022-06-04,26.698,,1.0,27.698,0.9638963102029028,,0.036103689797097265
食用菌,2022-06-05,40.369,,1.0,41.369,0.9758273103048176,,0.024172689695182385
食用菌,2022-06-06,25.543,,1.0,26.543,0.9623252835022417,,0.03767471649775835
食用菌,2022-06-07,28.139,,,28.139,1.0,,
食用菌,2022-06-08,22.048,1.0,5.0,28.048,0.7860810039931546,0.03565316600114091,0.1782658300057045
食用菌,2022-06-09,22.768,1.0,4.0,27.768,0.8199366176894267,0.036012676462114666,0.14405070584845867
食用菌,2022-06-10,25.152,,2.0,27.152,0.9263406010606954,,0.07365939893930465
食用菌,2022-06-11,35.533,,1.0,36.533,0.9726274874770755,,0.02737251252292448
食用菌,2022-06-12,47.293,1.0,1.0,49.293,0.9594262877081938,0.02028685614590307,0.02028685614590307
食用菌,2022-06-13,33.014,,2.0,35.014,0.9428799908607985,,0.057120009139201455
食用菌,2022-06-14,16.266,,,16.266,1.0,,
食用菌,2022-06-15,26.243,,,26.243,1.0,,
食用菌,2022-06-16,31.228,,1.0,32.228,0.9689710810475363,,0.031028918952463694
食用菌,2022-06-17,34.568,1.0,1.0,36.568,0.945307372566178,0.02734631371691096,0.02734631371691096
食用菌,2022-06-18,46.206,2.0,2.0,50.206,0.9203282476198064,0.0398358761900968,0.0398358761900968
食用菌,2022-06-19,49.153,,,49.153,1.0,,
食用菌,2022-06-20,31.656,,4.0,35.656,0.8878169172088849,,0.11218308279111511
食用菌,2022-06-21,26.804,,3.0,29.804,0.8993423701516575,,0.1006576298483425
食用菌,2022-06-22,28.097,,,28.097,1.0,,
食用菌,2022-06-23,25.488,,4.0,29.488,0.8643516006511123,,0.13564839934888767
食用菌,2022-06-24,28.265,1.0,,29.265,0.9658294891508628,0.03417051084913719,
食用菌,2022-06-25,44.569,,4.0,48.569,0.917642940970578,,0.08235705902942206
食用菌,2022-06-26,48.309,,6.0,54.309,0.8895210738551621,,0.11047892614483788
食用菌,2022-06-27,17.561,6.144,3.182,26.886999999999997,0.6531409231226988,0.2285119202588612,0.11834715661844016
食用菌,2022-06-28,33.818,5.702,0.182,39.702,0.8517958793007909,0.1436199687673165,0.0045841519318926
食用菌,2022-06-29,27.342,6.747,5.845,39.934,0.6846797215405419,0.16895377372664896,0.14636650473280913
食用菌,2022-06-30,27.076,5.344,6.207,38.627,0.7009604680663785,0.1383488233618971,0.16069070857172443
食用菌,2022-07-01,22.293,23.66,5.0,50.953,0.4375208525503895,0.46434949855749413,0.09812964889211626
食用菌,2022-07-02,31.217,9.591,4.896,45.704,0.6830255557500438,0.2098503413267985,0.1071241029231577
食用菌,2022-07-03,32.474,7.7059999999999995,2.0,42.17999999999999,0.7698909435751542,0.18269321953532483,0.047415836889521105
食用菌,2022-07-04,24.611,10.359,1.718,36.688,0.6708187963366768,0.28235390318360226,0.04682730047972088
食用菌,2022-07-05,39.223,6.477,4.667,50.367000000000004,0.7787440189012647,0.12859610459229256,0.0926598765064427
食用菌,2022-07-06,25.183,5.482,1.5610000000000002,32.226,0.7814497610624961,0.17011109042388134,0.04843914851362255
食用菌,2022-07-07,18.996,4.102,6.091,29.189,0.65079310699236,0.14053239233957998,0.2086745006680599
食用菌,2022-07-08,22.728,10.798,15.899000000000001,49.425000000000004,0.4598482549317147,0.2184724329792615,0.3216793120890238
食用菌,2022-07-09,41.97,6.885,6.774,55.629,0.7544626004422154,0.12376638084452354,0.12177101871326107
食用菌,2022-07-10,51.632,7.836,20.95,80.41799999999999,0.6420453132383298,0.09744087144669106,0.26051381531497925
食用菌,2022-07-11,50.108,1.0,4.0,55.108,0.909269071641141,0.018146185671771793,0.07258474268708717
食用菌,2022-07-12,27.869,,,27.869,1.0,,
食用菌,2022-07-13,47.695,,15.908,63.603,0.7498860116661163,,0.2501139883338836
食用菌,2022-07-14,38.206,2.0,4.503,44.709,0.8545483012368874,0.044733722516719227,0.10071797624639334
食用菌,2022-07-15,43.947,2.942,19.247,66.136,0.6644943752268054,0.04448409338333132,0.2910215313898633
食用菌,2022-07-16,65.981,3.21,20.28,89.47099999999999,0.7374568295872406,0.03587754691464274,0.22666562349811675
食用菌,2022-07-17,64.763,,8.908,73.671,0.8790840357807007,,0.1209159642192993
食用菌,2022-07-18,47.193,2.0,3.0,52.193,0.9042017128733738,0.038319314850650474,0.05747897227597571
食用菌,2022-07-19,37.999,1.452,4.901,44.352000000000004,0.8567595598845599,0.03273809523809523,0.11050234487734487
食用菌,2022-07-20,33.088,3.0,1.0,37.088,0.8921484037963762,0.08088869715271786,0.02696289905090595
食用菌,2022-07-21,33.298,,10.188,43.486000000000004,0.7657177022489996,,0.23428229775100032
食用菌,2022-07-22,47.116,,13.562000000000001,60.678,0.7764923036355846,,0.22350769636441548
食用菌,2022-07-23,79.284,6.0,16.459,101.74300000000001,0.7792575410593358,0.05897211601780957,0.16177034292285464
食用菌,2022-07-24,57.991,0.585,9.064,67.64,0.857347723240686,0.008648728562980485,0.13400354819633353
食用菌,2022-07-25,58.13,1.0,7.185,66.315,0.8765739274673906,0.015079544597753148,0.10834652793485637
食用菌,2022-07-26,45.412,,14.053,59.465,0.7636761119986546,,0.23632388800134532
食用菌,2022-07-27,47.465,2.0,9.404,58.869,0.8062817442117244,0.033973738300293876,0.1597445174879818
食用菌,2022-07-28,54.801,2.7199999999999998,12.0,69.521,0.7882654162051754,0.03912486874469584,0.17260971505012873
食用菌,2022-07-29,40.727,,11.907,52.634,0.7737774062393129,,0.226222593760687
食用菌,2022-07-30,73.456,,13.0,86.456,0.8496344961598964,,0.15036550384010364
食用菌,2022-07-31,90.347,,7.872,98.219,0.9198525743491585,,0.08014742565084149
食用菌,2022-08-01,32.88,,3.571,36.451,0.9020328660393405,,0.09796713396065952
食用菌,2022-08-02,46.484,1.483,9.309,57.275999999999996,0.8115790208813466,0.025892171241008455,0.1625288078776451
食用菌,2022-08-03,49.818,1.0,25.514,76.332,0.652648954566892,0.013100665513808103,0.3342503799192999
食用菌,2022-08-04,72.633,,8.893,81.526,0.8909182346736011,,0.10908176532639895
食用菌,2022-08-05,43.854,1.0,21.689,66.543,0.6590325052973265,0.01502787671129946,0.32593961799137394
食用菌,2022-08-06,82.422,,9.502,91.92399999999999,0.8966320003481137,,0.10336799965188635
食用菌,2022-08-07,82.163,4.364,18.586,105.113,0.7816635430441524,0.041517224320493186,0.17681923263535432
食用菌,2022-08-08,61.34,,25.926,87.266,0.7029083491852497,,0.29709165081475025
食用菌,2022-08-09,57.403,2.0,17.697,77.1,0.744526588845655,0.02594033722438392,0.22953307392996108
食用菌,2022-08-10,35.551,,3.483,39.034,0.9107700978634012,,0.08922990213659887
食用菌,2022-08-11,44.328,,24.611,68.93900000000001,0.643003234743759,,0.356996765256241
食用菌,2022-08-12,60.39,,,60.39,1.0,,
食用菌,2022-08-13,59.707,1.0,11.483,72.19,0.8270813132012744,0.013852334118298934,0.15906635268042665
食用菌,2022-08-14,58.801,2.0,26.969,87.77000000000001,0.6699441722684288,0.02278682921271505,0.3072689985188561
食用菌,2022-08-15,44.922,2.0,20.546,67.46799999999999,0.6658267623169504,0.029643682931167373,0.3045295547518824
食用菌,2022-08-16,71.408,,,71.408,1.0,,
食用菌,2022-08-17,39.88,1.435,25.061,66.376,0.6008195733397613,0.021619259973484392,0.3775611666867542
食用菌,2022-08-18,57.668,10.0,16.551,84.21900000000001,0.6847385981785582,0.11873805198351915,0.19652334983792252
食用菌,2022-08-19,91.655,,,91.655,1.0,,
食用菌,2022-08-20,66.018,,4.625,70.643,0.9345299605056411,,0.06547003949435896
食用菌,2022-08-21,58.002,2.0,12.189,72.191,0.8034519538446621,0.02770428446759291,0.168843761687745
食用菌,2022-08-22,30.278,4.101,12.822,47.20099999999999,0.6414694603927884,0.08688375246287156,0.2716467871443402
食用菌,2022-08-23,32.675,9.094,6.325,48.094,0.6793986775897201,0.18908803592963777,0.1315132864806421
食用菌,2022-08-24,36.73,6.0,16.326,59.056,0.6219520455161203,0.10159848279599025,0.27644947168788947
食用菌,2022-08-25,41.899,0.194,0.435,42.528000000000006,0.9852097441685477,0.004561700526711813,0.010228555304740405
食用菌,2022-08-26,47.85,3.428,22.549,73.827,0.6481368604981917,0.04643287686076909,0.3054302626410392
食用菌,2022-08-27,60.866,,7.79,68.656,0.8865357725471917,,0.1134642274528082
食用菌,2022-08-28,63.953,,8.0,71.953,0.8888163106472281,,0.11118368935277194
食用菌,2022-08-29,57.085,,17.097,74.182,0.7695263001806368,,0.2304736998193632
食用菌,2022-08-30,30.724,1.939,1.324,33.986999999999995,0.903992703092359,0.05705122546856152,0.038956071439079656
食用菌,2022-08-31,18.904,,11.386,30.29,0.6241003631561571,,0.3758996368438428
食用菌,2022-09-01,56.275,1.0,1.144,58.419,0.963299611427789,0.017117718550471592,0.019582670021739502
食用菌,2022-09-02,43.346,,17.773,61.119,0.7092066296896218,,0.2907933703103781
食用菌,2022-09-03,52.745,,25.142,77.887,0.6771990190917611,,0.32280098090823883
食用菌,2022-09-04,72.954,,14.821,87.77499999999999,0.8311478211335802,,0.16885217886641984
食用菌,2022-09-05,40.526,,6.926,47.452000000000005,0.8540419792632554,,0.1459580207367445
食用菌,2022-09-06,27.905,,12.715,40.620000000000005,0.6869768586903003,,0.3130231413096996
食用菌,2022-09-07,34.1,2.527,7.729,44.356,0.768779871945171,0.056970872035350346,0.17424925601947877
食用菌,2022-09-08,34.362,1.381,26.329,62.072,0.5535829359453538,0.02224835674700348,0.4241687073076427
食用菌,2022-09-09,73.723,6.168,26.884,106.775,0.6904518848044954,0.057766331070007025,0.2517817841254975
食用菌,2022-09-10,106.148,,8.794,114.942,0.9234918480625011,,0.07650815193749892
食用菌,2022-09-11,77.377,3.0,12.156,92.533,0.8362097846173797,0.03242086606940227,0.131369349313218
食用菌,2022-09-12,91.587,,7.0,98.587,0.9289967237059653,,0.0710032762940347
食用菌,2022-09-13,46.319,0.396,21.619,68.334,0.6778324113911084,0.005795065413995961,0.3163725231948956
食用菌,2022-09-14,36.102,,17.005,53.107,0.6797973901745532,,0.32020260982544674
食用菌,2022-09-15,43.985,0.475,12.203,56.663,0.7762561106895153,0.00838289536381766,0.21536099394666713
食用菌,2022-09-16,33.119,10.899000000000001,30.407,74.425,0.44499832045683574,0.14644272757809879,0.40855895196506553
食用菌,2022-09-17,84.943,,5.107,90.05,0.9432870627429206,,0.056712937257079404
食用菌,2022-09-18,70.253,,10.12,80.373,0.8740870690405982,,0.12591293095940176
食用菌,2022-09-19,19.862000000000002,,10.454,30.316000000000003,0.6551655891278533,,0.3448344108721467
食用菌,2022-09-20,26.54,5.0,15.695,47.235,0.5618714935958505,0.10585371017254155,0.33227479623160794
食用菌,2022-09-21,37.305,,9.486,46.791,0.7972687055202924,,0.20273129447970767
食用菌,2022-09-22,41.485,1.0,8.458,50.943,0.8143415189525548,0.01962978230571423,0.16602869874173096
食用菌,2022-09-23,43.005,14.592,29.582,87.179,0.493295403709609,0.16737975888688789,0.3393248374035031
食用菌,2022-09-24,91.578,2.436,7.593,101.60700000000001,0.9012961705394312,0.023974726150757325,0.07472910330981132
食用菌,2022-09-25,95.061,,23.343,118.40400000000001,0.802852944157292,,0.197147055842708
食用菌,2022-09-26,33.824,5.819,18.499,58.141999999999996,0.5817481338791235,0.10008255649960442,0.31816930962127205
食用菌,2022-09-27,32.554,0.9450000000000001,4.0,37.499,0.8681298167951146,0.025200672017920478,0.10666951118696498
食用菌,2022-09-28,43.482,0.218,9.684000000000001,53.384,0.814513711973625,0.004083620560467556,0.1814026674659074
食用菌,2022-09-29,27.614,4.0,12.719,44.333,0.6228768637358176,0.0902262423025737,0.2868968939616087
食用菌,2022-09-30,40.595,2.241,11.059,53.894999999999996,0.7532238612116152,0.04158085165599778,0.20519528713238705
食用菌,2022-10-01,104.289,3.0,14.721,122.01,0.8547578067371526,0.024588148512417012,0.12065404475043029
食用菌,2022-10-02,73.23,2.0,16.0,91.23,0.8026964814205854,0.02192261317549052,0.17538090540392415
食用菌,2022-10-03,72.006,2.0,8.0,82.006,0.8780577030948955,0.0243884593810209,0.0975538375240836
食用菌,2022-10-04,114.526,,2.528,117.054,0.9784031301792334,,0.021596869820766484
食用菌,2022-10-05,84.713,1.222,2.0,87.93499999999999,0.9633592994825724,0.01389662819127765,0.02274407232615
食用菌,2022-10-06,184.89,,,184.89,1.0,,
食用菌,2022-10-07,147.363,,6.802,154.165,0.955878441929102,,0.04412155807089806
食用菌,2022-10-08,102.201,,5.893,108.094,0.9454826354839306,,0.054517364516069346
食用菌,2022-10-09,112.529,0.241,8.777000000000001,121.547,0.9258064781524842,0.0019827720963906965,0.07221074975112508
食用菌,2022-10-10,83.554,4.13,15.643,103.327,0.808636658375836,0.039970191721428086,0.15139314990273597
食用菌,2022-10-11,69.747,,19.696,89.443,0.7797927171494695,,0.22020728285053054
食用菌,2022-10-12,73.198,0.575,9.0,82.773,0.8843221823541493,0.006946709675860485,0.10873110796999022
食用菌,2022-10-13,68.046,,2.0,70.046,0.9714473346086857,,0.028552665391314277
食用菌,2022-10-14,52.021,1.301,12.257,65.57900000000001,0.7932569877552265,0.019838667866237666,0.18690434437853579
食用菌,2022-10-15,203.508,2.0,17.617,223.125,0.9120806722689077,0.008963585434173669,0.07895574229691878
食用菌,2022-10-16,184.553,0.924,24.243,209.72,0.8799971390425328,0.004405874499332443,0.11559698645813465
食用菌,2022-10-17,67.801,0.221,36.515,104.537,0.6485837550341027,0.0021140840085328637,0.3493021609573644
食用菌,2022-10-18,110.878,10.57,34.862,156.31,0.7093468108246433,0.06762203313927452,0.22303115603608215
食用菌,2022-10-19,88.856,4.0,13.0,105.856,0.8394044740024184,0.037787182587666265,0.12280834340991537
食用菌,2022-10-20,69.648,1.0,17.393,88.041,0.791085971308822,0.01135834440771913,0.19755568428345885
食用菌,2022-10-21,286.383,3.0,,289.383,0.9896331159743316,0.010366884025668405,
食用菌,2022-10-22,135.954,1.0,20.694,157.648,0.8623896275246119,0.0063432457119658985,0.1312671267634223
食用菌,2022-10-23,133.931,3.0,15.25,152.181,0.8800770135562258,0.019713367634593016,0.10020961880918117
食用菌,2022-10-24,70.082,4.0,10.968,85.05,0.8240094062316284,0.047031158142269255,0.1289594356261023
食用菌,2022-10-25,69.971,9.408,10.08,89.459,0.7821571893269542,0.10516549480767726,0.11267731586536849
食用菌,2022-10-26,71.208,10.234,23.353,104.79499999999999,0.6794980676558997,0.09765733097953148,0.22284460136456896
食用菌,2022-10-27,92.493,10.595,13.494,116.582,0.7933729049081333,0.09088023880187338,0.11574685628999332
食用菌,2022-10-28,139.205,10.05,15.312,164.56700000000004,0.8458864778479281,0.06106935169262366,0.0930441704594481
食用菌,2022-10-29,220.206,9.0,18.847,248.053,0.8877377012170786,0.03628256864460418,0.07597973013831721
食用菌,2022-10-30,188.429,1.0,8.0,197.429,0.9544139918654301,0.0050651120149522106,0.040520896119617685
食用菌,2022-10-31,60.356,,1.488,61.844,0.9759394605782291,,0.024060539421770905
食用菌,2022-11-01,75.93,1.729,19.0,96.659,0.7855450604703131,0.01788762557030385,0.19656731395938298
食用菌,2022-11-03,103.106,6.234,11.515,120.85499999999999,0.8531380580033925,0.051582474866575655,0.09527946713003187
食用菌,2022-11-05,167.65,2.0,7.1930000000000005,176.84300000000002,0.9480160368236231,0.011309466589008329,0.04067449658736846
食用菌,2022-11-06,149.844,6.785,8.853,165.482,0.9055002961047123,0.04100143822288829,0.05349826567239942
食用菌,2022-11-07,77.063,2.435,6.502,86.0,0.8960813953488372,0.028313953488372092,0.07560465116279069
食用菌,2022-11-08,68.508,4.0,9.579,82.08699999999999,0.834577947787104,0.048728787749582766,0.11669326446331334
食用菌,2022-11-09,62.795,3.592,2.5140000000000002,68.901,0.9113800960798828,0.05213277020652821,0.03648713371358907
食用菌,2022-11-10,67.548,3.835,3.244,74.627,0.9051415707451728,0.0513889074999665,0.043469521754860845
食用菌,2022-11-11,141.155,0.508,21.889,163.55200000000002,0.8630588436705144,0.003106045783603991,0.1338351105458814
食用菌,2022-11-12,248.984,4.0,4.082,257.06600000000003,0.9685606031135972,0.015560206328335912,0.0158791905580668
食用菌,2022-11-13,188.739,7.247,10.776,206.762,0.9128321451717434,0.03504996082452288,0.05211789400373376
食用菌,2022-11-14,89.332,4.0,5.742,99.074,0.9016694591921189,0.040373861961765956,0.05795667884611502
食用菌,2022-11-15,93.215,3.628,6.077,102.92,0.9057034589972794,0.035250680139914496,0.05904586086280606
食用菌,2022-11-16,86.886,1.5550000000000002,4.254,92.69500000000001,0.9373321106855816,0.0167754463563299,0.04589244295808834
食用菌,2022-11-17,78.117,2.0,10.063,90.18,0.8662341982701264,0.022177866489243733,0.11158793524062985
食用菌,2022-11-18,141.804,4.0,7.283,153.087,0.9262968116169238,0.026128933220978923,0.04757425516209737
食用菌,2022-11-19,432.75,8.006,0.174,440.92999999999995,0.9814483024516364,0.018157077087065977,0.00039462046129771166
食用菌,2022-11-20,145.828,2.0,9.0,156.828,0.9298594638712475,0.012752824750682276,0.05738771137807024
食用菌,2022-11-21,341.02,2.0,,343.02,0.9941694361844791,0.005830563815520961,
食用菌,2022-11-22,32.489,,4.0,36.489,0.8903779221135136,,0.10962207788648634
食用菌,2022-11-23,59.562,8.0,1.0,68.562,0.8687319506432134,0.11668271053936584,0.01458533881742073
食用菌,2022-11-24,43.262,,,43.262,1.0,,
食用菌,2022-11-25,32.969,,,32.969,1.0,,
食用菌,2022-11-26,57.284,,,57.284,1.0,,
食用菌,2022-11-27,8.596,,,8.596,1.0,,
食用菌,2022-11-28,3.012,,,3.012,1.0,,
食用菌,2022-11-29,8.283,,,8.283,1.0,,
食用菌,2022-12-04,26.0,4.0,,30.0,0.8666666666666667,0.13333333333333333,
食用菌,2022-12-05,114.0,,,114.0,1.0,,
食用菌,2022-12-06,98.62,,,98.62,1.0,,
食用菌,2022-12-07,124.352,,,124.352,1.0,,
食用菌,2022-12-08,82.678,,,82.678,1.0,,
食用菌,2022-12-09,64.484,,7.0,71.484,0.9020759890325107,,0.09792401096748923
食用菌,2022-12-10,146.336,2.0,1.0,149.336,0.9799110730165532,0.013392617988964482,0.006696308994482241
食用菌,2022-12-11,139.046,,5.287,144.333,0.9633694304143889,,0.036630569585611054
食用菌,2022-12-12,68.722,8.0,9.0,85.722,0.8016845150603112,0.0933249340892653,0.10499055085042347
食用菌,2022-12-13,77.693,1.5020000000000002,12.0,91.195,0.8519436372608148,0.016470201217172,0.13158616152201327
食用菌,2022-12-14,92.181,9.0,1.0,102.181,0.9021344476957556,0.08807899707381998,0.009786555230424444
食用菌,2022-12-15,94.034,,,94.034,1.0,,
食用菌,2022-12-16,146.341,,,146.341,1.0,,
食用菌,2022-12-17,142.647,,,142.647,1.0,,
食用菌,2022-12-18,131.36,,,131.36,1.0,,
食用菌,2022-12-19,85.801,0.46799999999999997,,86.269,0.9945751080921303,0.00542489190786957,
食用菌,2022-12-20,97.125,1.501,5.221,103.84700000000001,0.9352701570579794,0.014453956301096804,0.05027588664092366
食用菌,2022-12-21,126.095,2.4859999999999998,0.27,128.851,0.9786109537372624,0.019293602688376495,0.002095443574361084
食用菌,2022-12-22,93.636,1.0,5.3469999999999995,99.98299999999999,0.9365192082654051,0.01000170028904914,0.053479091445545746
食用菌,2022-12-23,84.317,4.609,3.618,92.54399999999998,0.9111017461964039,0.049803336791148005,0.03909491701244814
食用菌,2022-12-24,123.631,8.741,6.695,139.067,0.8890031423702244,0.06285459526702955,0.04814226236274601
食用菌,2022-12-25,154.217,6.051,0.509,160.777,0.9591981440131364,0.03763598027080988,0.0031658757160539135
食用菌,2022-12-26,107.528,1.0,7.404999999999999,115.933,0.9275012291582206,0.00862567172418552,0.06387309911759377
食用菌,2022-12-27,95.732,4.888,1.44,102.06,0.937997256515775,0.04789339604154419,0.014109347442680775
食用菌,2022-12-28,111.519,1.0,7.394,119.91300000000001,0.9299992494558554,0.008339379383386287,0.06166137116075821
食用菌,2022-12-29,119.822,1.0,2.617,123.43900000000001,0.9706980775929811,0.0081011673782192,0.02120075502879965
食用菌,2022-12-30,129.883,2.0,,131.883,0.9848350431822145,0.01516495681778546,
食用菌,2022-12-31,174.733,1.293,1.995,178.02100000000002,0.9815302689008599,0.007263188050847933,0.011206543048292055
食用菌,2023-01-01,153.813,2.278,2.956,159.04699999999997,0.967091488679447,0.014322810238482968,0.018585701082070083
食用菌,2023-01-02,128.931,3.0,1.0030000000000001,132.93400000000003,0.9698873125009402,0.022567589931845874,0.007545097567213804
食用菌,2023-01-03,76.387,2.502,7.71,86.59899999999999,0.8820771602443447,0.02889178858878278,0.08903105116687261
食用菌,2023-01-04,76.438,4.455,7.602,88.495,0.8637550144075936,0.05034182722187694,0.0859031583705294
食用菌,2023-01-05,80.958,5.348,15.011,101.317,0.7990564268582765,0.052784823869636885,0.1481587492720866
食用菌,2023-01-06,95.71,7.2620000000000005,12.111,115.083,0.8316606275470747,0.06310228270031196,0.10523708975261334
食用菌,2023-01-07,91.173,2.0,14.864,108.037,0.8439053287299721,0.018512176384016584,0.13758249488601126
食用菌,2023-01-08,110.256,4.247,1.397,115.9,0.9513028472821398,0.036643658326143226,0.012053494391716997
食用菌,2023-01-09,93.066,1.0,6.297,100.363,0.9272939230592948,0.009963831292408557,0.06274224564829668
食用菌,2023-01-10,71.373,14.347,15.297,101.017,0.7065444430145422,0.1420255996515438,0.1514299573339141
食用菌,2023-01-11,72.421,6.0,10.555,88.976,0.8139385901816221,0.06743391476353174,0.11862749505484625
食用菌,2023-01-12,65.654,6.0,16.088,87.74199999999999,0.7482619498073899,0.06838230266007159,0.1833557475325386
食用菌,2023-01-13,89.19500000000001,12.301,21.768,123.26400000000001,0.7236094885773624,0.09979393821391484,0.17659657320872274
食用菌,2023-01-14,199.568,5.111,,204.679,0.9750291920519448,0.024970807948055247,
食用菌,2023-01-15,169.046,1.0,9.0,179.046,0.9441484311294305,0.005585156887056957,0.05026641198351262
食用菌,2023-01-16,126.54599999999999,5.0,13.0,144.546,0.8754721680295546,0.03459106443623483,0.08993676753421057
食用菌,2023-01-17,137.183,3.0,26.223,166.406,0.8243873418025791,0.018028196098698365,0.1575844620987224
食用菌,2023-01-18,201.055,1.0,10.844,212.899,0.9443679866979178,0.004697062926552027,0.050934950375530176
食用菌,2023-01-19,374.359,6.0,5.0,385.359,0.9714551885384797,0.015569897160829254,0.012974914300691044
食用菌,2023-01-20,449.891,5.734,0.316,455.941,0.9867307392842496,0.012576188585803866,0.0006930721299466378
食用菌,2023-01-22,90.901,,1.0,91.901,0.9891187255851406,,0.01088127441485947
食用菌,2023-01-23,137.538,1.0,8.0,146.538,0.9385824837243582,0.006824168475071312,0.0545933478005705
食用菌,2023-01-24,44.517,4.0,,48.517,0.9175546715584229,0.08244532844157718,
食用菌,2023-01-25,165.671,,,165.671,1.0,,
食用菌,2023-01-26,203.906,,1.0,204.906,0.9951197134295726,,0.0048802865704274155
食用菌,2023-01-27,210.811,4.0,1.0,215.811,0.9768315794839003,0.01853473641287979,0.004633684103219947
食用菌,2023-01-28,158.237,,5.0,163.237,0.9693696894699119,,0.030630310530088155
食用菌,2023-01-29,119.262,,3.0,122.262,0.9754625312852726,,0.024537468714727388
食用菌,2023-01-30,106.27,5.0,2.556,113.826,0.9336179783177833,0.043926695131165115,0.02245532655105161
食用菌,2023-01-31,93.164,3.262,8.0,104.426,0.8921532951563786,0.03123743129105778,0.07660927355256354
食用菌,2023-02-01,81.191,3.178,7.952,92.321,0.8794423803901604,0.03442337063073407,0.08613424897910552
食用菌,2023-02-02,111.188,5.0,9.665,125.85300000000001,0.883475165470827,0.03972889005426966,0.07679594447490325
食用菌,2023-02-03,100.871,12.501,12.069,125.441,0.804131025741185,0.09965641217783659,0.09621256208097831
食用菌,2023-02-04,126.55,,,126.55,1.0,,
食用菌,2023-02-05,112.777,,,112.777,1.0,,
食用菌,2023-02-06,67.535,5.0,6.941,79.476,0.8497533846695857,0.06291207408525844,0.08733454124515577
食用菌,2023-02-07,51.857,5.301,6.649,63.807,0.8127164731142351,0.08307865908129203,0.10420486780447286
食用菌,2023-02-08,53.978,8.193,13.201,75.372,0.7161545401475349,0.10870084381467919,0.17514461603778592
食用菌,2023-02-09,66.866,14.402000000000001,7.402,88.67,0.7540994699447389,0.1624224653208526,0.08347806473440848
食用菌,2023-02-10,91.229,3.0,9.471,103.7,0.8797396335583413,0.02892960462873674,0.09133076181292189
食用菌,2023-02-11,126.021,1.17,16.34,143.531,0.8780054483003671,0.008151549142693911,0.11384300255693891
食用菌,2023-02-12,105.179,,4.0,109.179,0.9633629177772283,,0.036637082222771775
食用菌,2023-02-13,86.699,2.0,14.448,103.14699999999999,0.8405382609285778,0.019389802902653495,0.14007193616876887
食用菌,2023-02-14,58.069,7.0,10.0,75.069,0.7735416749923404,0.09324754559138926,0.13321077941627035
食用菌,2023-02-15,67.525,,5.0,72.525,0.9310582557738711,,0.06894174422612892
食用菌,2023-02-16,57.153,2.0,15.548,74.701,0.7650901594356168,0.02677340330116063,0.20813643726322273
食用菌,2023-02-17,82.544,10.0,12.332,104.876,0.7870628170410771,0.09535069987413707,0.11758648308478585
食用菌,2023-02-18,119.31700000000001,4.0,11.0,134.317,0.8883238904978521,0.02978029586723944,0.08189581363490846
食用菌,2023-02-19,92.041,6.0,7.056,105.097,0.8757719059535477,0.05709011674928875,0.06713797729716357
食用菌,2023-02-20,42.878,4.3580000000000005,18.54,65.77600000000001,0.6518791048406712,0.0662551690586232,0.28186572610070537
食用菌,2023-02-21,42.615,7.0,6.0,55.615,0.7662501123797537,0.12586532410320955,0.10788456351703676
食用菌,2023-02-22,58.266,7.0,9.208,74.47399999999999,0.7823670005639553,0.09399253430727504,0.12364046512876979
食用菌,2023-02-23,54.902,13.004,10.0,77.906,0.704721074114959,0.16691910764254356,0.12835981824249737
食用菌,2023-02-24,69.434,3.0,11.350999999999999,83.785,0.8287163573431998,0.03580593184937638,0.13547771080742377
食用菌,2023-02-25,101.679,0.193,13.995,115.867,0.877549259064272,0.0016657029180008112,0.1207850380177272
食用菌,2023-02-26,77.184,6.247,9.197,92.628,0.8332685581033812,0.06744181025175973,0.099289631644859
食用菌,2023-02-27,51.35,4.051,9.605,65.006,0.7899270836538166,0.062317324554656495,0.14775559179152695
食用菌,2023-02-28,47.277,1.517,12.688,61.482000000000006,0.7689567678344881,0.024673888292508373,0.20636934387300346
食用菌,2023-03-01,52.737,1.2389999999999999,19.741,73.717,0.7153980764274184,0.016807520653309278,0.26779440291927237
食用菌,2023-03-02,44.361,9.0,9.509,62.87,0.7055988547797042,0.14315253698107205,0.15124860823922381
食用菌,2023-03-03,66.707,7.0,16.679,90.386,0.7380235877237625,0.07744562210961875,0.18453079016661872
食用菌,2023-03-04,82.061,8.0,15.189,105.25,0.7796769596199525,0.07600950118764846,0.14431353919239906
食用菌,2023-03-05,74.763,3.0,7.5440000000000005,85.307,0.8763993576142638,0.0351671023479902,0.08843354003774603
食用菌,2023-03-06,45.335,1.27,8.374,54.979000000000006,0.8245875697993779,0.023099728987431564,0.1523127012131905
食用菌,2023-03-07,47.405,13.0,11.552,71.957,0.6587962255235766,0.18066345178370416,0.16054032269271928
食用菌,2023-03-08,54.438,1.0,9.972,65.41,0.8322580645161292,0.015288182235132244,0.15245375324873872
食用菌,2023-03-09,34.147,2.0,8.741,44.888,0.7607155587239351,0.04455533772945999,0.1947291035466049
食用菌,2023-03-10,68.913,1.262,1.258,71.43299999999999,0.9647221872243922,0.017666904651911584,0.017610908123696332
食用菌,2023-03-11,107.229,2.0,7.545,116.774,0.9182609142446092,0.017127100210663333,0.06461198554472743
食用菌,2023-03-12,103.694,2.0,3.578,109.272,0.9489530712350831,0.01830295043561022,0.03274397832930668
食用菌,2023-03-13,50.739,3.371,1.417,55.527,0.9137716786428224,0.060709204531129,0.02551911682604859
食用菌,2023-03-14,44.887,1.208,0.74,46.835,0.9584071741219173,0.02579267641720935,0.015800149460873276
食用菌,2023-03-15,62.736,1.0,18.15,81.886,0.7661382898175513,0.012212099748430745,0.221649610434018
食用菌,2023-03-16,75.596,6.857,7.422,89.875,0.8411237830319889,0.07629485396383867,0.08258136300417246
食用菌,2023-03-17,111.104,1.0,24.622,136.726,0.8126033088073958,0.007313897868730161,0.18008279332387403
食用菌,2023-03-18,143.912,,3.7750000000000004,147.687,0.9744391855748983,,0.025560814425101736
食用菌,2023-03-19,118.749,1.201,6.4239999999999995,126.374,0.9396632218652571,0.009503537119977212,0.05083324101476569
食用菌,2023-03-20,71.532,1.0,2.193,74.725,0.9572699899631985,0.013382402141184344,0.029347607895617266
食用菌,2023-03-21,69.787,1.0,10.096,80.88300000000001,0.8628141883955838,0.012363537455336719,0.12482227414907952
食用菌,2023-03-22,74.357,1.0,13.834,89.191,0.8336827706831407,0.01121189357670617,0.15510533574015314
食用菌,2023-03-23,61.349,5.0,4.436,70.785,0.8666949212403757,0.07063643427279791,0.06266864448682631
食用菌,2023-03-24,86.643,1.433,17.51,105.58600000000001,0.8205917451177238,0.013571875059193453,0.1658363798230826
食用菌,2023-03-25,100.009,3.6559999999999997,9.532,113.197,0.8834951456310679,0.03229767573345583,0.08420717863547621
食用菌,2023-03-26,106.70100000000001,4.0,9.522,120.22300000000001,0.887525681441987,0.03327150378879249,0.07920281476922053
食用菌,2023-03-27,58.326,3.336,12.912,74.574,0.7821224555475099,0.04473408962909325,0.1731434548233969
食用菌,2023-03-28,50.559,5.0,24.197,79.756,0.6339209589247203,0.06269120818496414,0.30338783289031546
食用菌,2023-03-29,70.455,3.0,12.657,86.112,0.8181786510590858,0.03483835005574136,0.1469829988851728
食用菌,2023-03-30,52.222,4.0,7.478,63.7,0.8198116169544741,0.06279434850863422,0.11739403453689166
食用菌,2023-03-31,93.962,3.471,7.312,104.745,0.8970547520168027,0.033137619934125735,0.06980762804907155
食用菌,2023-04-01,94.004,0.8260000000000001,6.494,101.324,0.9277565038885162,0.008152066637716632,0.06409142947376732
食用菌,2023-04-02,95.39,1.0,13.057,109.447,0.8715634051184592,0.009136842489972315,0.11929975239156852
食用菌,2023-04-03,71.394,3.0,19.065,93.459,0.7639071678490034,0.0320996372740988,0.2039931948768979
食用菌,2023-04-04,81.021,5.486,4.0,90.507,0.8951904272597699,0.06061409614725932,0.044195476592970705
食用菌,2023-04-05,101.941,1.0,12.471,115.412,0.8832790351090007,0.008664610265830243,0.10805635462516895
食用菌,2023-04-06,51.502,4.0,17.502,73.004,0.7054681935236425,0.05479151827297134,0.23974028820338608
食用菌,2023-04-07,65.677,2.0,20.348,88.025,0.7461175802328884,0.02272081794944618,0.2311616018176654
食用菌,2023-04-08,99.44,4.0,25.415,128.855,0.7717201505568275,0.031042644833339805,0.19723720460983277
食用菌,2023-04-09,63.084,3.297,17.527,83.908,0.7518234256566716,0.0392930352290604,0.20888353911426802
食用菌,2023-04-10,28.773,1.0,22.0,51.772999999999996,0.555752998667259,0.019315087014467002,0.42493191431827404
食用菌,2023-04-11,50.27,4.0,8.135,62.405,0.8055444275298455,0.06409742809069786,0.13035814437945678
食用菌,2023-04-12,42.16,10.096,11.224,63.480000000000004,0.6641461877756772,0.15904221802142407,0.17681159420289855
食用菌,2023-04-13,27.331,9.0,15.201,51.532000000000004,0.530369479158581,0.17464876193433204,0.29498175890708683
食用菌,2023-04-14,49.149,6.0,27.874,83.023,0.5919925803692953,0.07226913024101755,0.3357382893896872
食用菌,2023-04-15,71.618,8.316,26.208,106.142,0.6747376156469634,0.07834787360328617,0.24691451074975032
食用菌,2023-04-16,64.717,9.0,12.232,85.949,0.7529697844070321,0.10471326018918196,0.14231695540378597
食用菌,2023-04-17,37.144999999999996,2.0,,39.144999999999996,0.948907906501469,0.05109209349853111,
食用菌,2023-04-18,55.497,1.0,9.841,66.338,0.8365793361271067,0.01507431637975218,0.14834634749314118
食用菌,2023-04-19,40.628,9.0,8.779,58.407,0.6956015546081805,0.15409111921516258,0.1503073261766569
食用菌,2023-04-20,31.68,8.0,16.239,55.919,0.5665337362971441,0.14306407482251113,0.2904021888803448
食用菌,2023-04-21,68.527,5.239,15.725999999999999,89.492,0.7657332498994324,0.05854154561301569,0.17572520448755194
食用菌,2023-04-22,133.568,11.0,14.0,158.568,0.842338933454417,0.0693708692800565,0.08829019726552645
食用菌,2023-04-23,71.715,8.0,2.0,81.715,0.8776234473474882,0.09790124212200942,0.024475310530502354
食用菌,2023-04-24,56.294,,4.0,60.294,0.9336584071383554,,0.06634159286164461
食用菌,2023-04-25,50.409,,18.473,68.882,0.7318167300601027,,0.26818326993989716
食用菌,2023-04-26,41.674,4.0,,45.674,0.9124228226124272,0.0875771773875728,
食用菌,2023-04-27,40.983,1.0,20.825,62.80799999999999,0.6525124188001529,0.015921538657495862,0.33156604254235134
食用菌,2023-04-28,54.207,5.0,22.571,81.778,0.6628555357186529,0.06114113820342879,0.2760033260779183
食用菌,2023-04-29,102.08,4.0,21.444,127.524,0.8004767729995922,0.03136664471001537,0.16815658229039238
食用菌,2023-04-30,74.877,1.0,21.377,97.25399999999999,0.7699117774076131,0.010282353425051927,0.21980586916733502
食用菌,2023-05-01,66.907,7.2620000000000005,9.548,83.717,0.7992044626539412,0.08674462773391307,0.11405090961214569
食用菌,2023-05-02,48.197,13.788,4.327,66.312,0.7268216913982387,0.20792616720955484,0.06525214139220654
食用菌,2023-05-03,68.027,,4.0,72.027,0.9444652699682063,,0.055534730031793635
食用菌,2023-05-04,41.728,2.0,12.224,55.952,0.7457820989419502,0.03574492422076065,0.2184729768372891
食用菌,2023-05-05,47.686,1.0,14.44,63.126,0.7554098152900548,0.015841333206602668,0.2287488515033425
食用菌,2023-05-06,79.697,2.0,18.0,99.697,0.7993921582394656,0.02006078417605344,0.18054705758448097
食用菌,2023-05-07,91.612,,23.811,115.423,0.7937066269287749,,0.20629337307122497
食用菌,2023-05-08,48.873,3.0,6.255,58.128,0.8407824112303881,0.051610239471511145,0.10760734929810074
食用菌,2023-05-09,47.461,1.286,0.286,49.033,0.9679399588032549,0.026227234719474638,0.005832806477270409
食用菌,2023-05-10,65.595,,13.0,78.595,0.8345950760226477,,0.16540492397735226
食用菌,2023-05-11,38.217,,4.0,42.217,0.9052514389937703,,0.09474856100622972
食用菌,2023-05-12,61.741,,6.18,67.92099999999999,0.9090119403424568,,0.09098805965754334
食用菌,2023-05-13,82.193,,13.413,95.606,0.859705457816455,,0.14029454218354498
食用菌,2023-05-14,79.606,1.0270000000000001,17.044,97.67699999999999,0.8149922704423764,0.010514245933024153,0.17449348362459946
食用菌,2023-05-15,42.725,2.0,16.86,61.585,0.693756596573841,0.03247544044816108,0.2737679629779979
食用菌,2023-05-16,51.054,3.481,3.0,57.535000000000004,0.8873555227252976,0.06050230294603284,0.0521421743286695
食用菌,2023-05-17,47.468,2.0,5.232,54.7,0.8677879341864717,0.03656307129798903,0.0956489945155393
食用菌,2023-05-18,38.756,3.0,8.0,49.756,0.7789211351394807,0.060294235871050726,0.1607846289894686
食用菌,2023-05-19,50.947,1.0,9.0,60.947,0.835923015078675,0.016407698492132507,0.14766928642919258
食用菌,2023-05-20,68.754,,14.0,82.754,0.8308238876670614,,0.16917611233293858
食用菌,2023-05-21,91.559,1.0,2.201,94.75999999999999,0.9662199240185733,0.01055297593921486,0.023227100042211908
食用菌,2023-05-22,53.374,2.579,14.201,70.154,0.7608119280440175,0.036761980785129864,0.20242609117085272
食用菌,2023-05-23,48.353,1.208,0.43300000000000005,49.994,0.9671760611273353,0.024162899547945753,0.008661039324718968
食用菌,2023-05-24,38.301,,9.517,47.818,0.8009745284202602,,0.19902547157973985
食用菌,2023-05-25,35.69,3.0,12.0,50.69,0.7040836456894851,0.05918327086210298,0.23673308344841193
食用菌,2023-05-26,51.098,2.0,0.638,53.736,0.9509081435164508,0.037218996575852314,0.01187285990769689
食用菌,2023-05-27,91.754,,,91.754,1.0,,
食用菌,2023-05-28,84.635,,25.0,109.635,0.7719706298171205,,0.22802937018287955
食用菌,2023-05-29,40.849,5.0,8.0,53.849,0.7585841891214321,0.09285223495329534,0.14856357592527253
食用菌,2023-05-30,38.299,2.0,6.0,46.299,0.8272100909306896,0.04319747726732759,0.12959243180198277
食用菌,2023-05-31,42.711,,4.0,46.711,0.9143670655734195,,0.08563293442658046
食用菌,2023-06-01,37.867,,7.0,44.867,0.8439833285042458,,0.15601667149575413
食用菌,2023-06-02,50.385,1.0,17.0,68.38499999999999,0.7367843825400308,0.014623089858887184,0.24859252760108214
食用菌,2023-06-03,77.541,1.0,16.0,94.541,0.8201838355845612,0.010577421436202283,0.16923874297923652
食用菌,2023-06-04,77.926,3.0,15.0,95.926,0.8123553572545504,0.031274107124241605,0.156370535621208
食用菌,2023-06-05,39.192,3.0,7.0,49.192,0.7967149129939828,0.060985526101805174,0.14229956090421206
食用菌,2023-06-06,40.608,6.0,10.0,56.608,0.7173544375353307,0.105992085924251,0.17665347654041832
食用菌,2023-06-07,30.445999999999998,4.0,10.0,44.446,0.6850110246141385,0.08999685011024615,0.22499212527561535
食用菌,2023-06-08,35.993,2.0,12.0,49.993,0.7199607945112316,0.04000560078410977,0.24003360470465865
食用菌,2023-06-09,42.465,,13.0,55.465,0.7656179572703506,,0.23438204272964933
食用菌,2023-06-10,72.844,1.0,25.0,98.844,0.7369592489174861,0.010116951964712071,0.25292379911780183
食用菌,2023-06-11,57.626,,22.0,79.626,0.7237083364730112,,0.27629166352698864
食用菌,2023-06-12,23.154,2.0,11.0,36.153999999999996,0.6404270620125021,0.055318913536538145,0.30425402445095984
食用菌,2023-06-13,41.24,3.0,10.0,54.24,0.7603244837758112,0.05530973451327433,0.18436578171091444
食用菌,2023-06-14,34.778,1.0,8.0,43.778,0.7944172872218923,0.02284252364201197,0.18274018913609577
食用菌,2023-06-15,24.886,4.0,6.0,34.885999999999996,0.7133520609986815,0.11465917560052745,0.17198876340079117
食用菌,2023-06-16,41.503,5.0,12.0,58.503,0.7094166111139599,0.08546570261354118,0.20511768627249885
食用菌,2023-06-17,87.35,,6.0,93.35,0.9357257632565613,,0.06427423674343867
食用菌,2023-06-18,67.039,,5.0,72.039,0.930593150932134,,0.06940684906786601
食用菌,2023-06-19,33.293,2.0,8.0,43.293,0.769015776222484,0.0461968447555032,0.1847873790220128
食用菌,2023-06-20,26.223,5.0,8.0,39.223,0.6685618132218342,0.12747622568390996,0.20396196109425593
食用菌,2023-06-21,46.364,1.0,16.0,63.364,0.7317088567640931,0.01578183195505334,0.25250931128085347
食用菌,2023-06-22,64.476,3.0,10.0,77.476,0.8322061025349786,0.03872166864577418,0.12907222881924726
食用菌,2023-06-23,38.417,3.0,14.0,55.417,0.693234927910208,0.054135012721727986,0.25263005936806393
食用菌,2023-06-24,39.18,3.0,12.0,54.18,0.7231450719822813,0.05537098560354374,0.22148394241417496
食用菌,2023-06-25,28.271,1.0,6.0,35.271,0.8015366731876046,0.028351903830342206,0.17011142298205323
食用菌,2023-06-26,27.582,1.0,11.0,39.582,0.6968318932848264,0.02526400889293113,0.2779040978222424
食用菌,2023-06-27,25.708,5.0,8.0,38.708,0.6641521132582412,0.1291722641314457,0.2066756226103131
食用菌,2023-06-28,51.742,,2.0,53.742,0.9627851587212981,,0.03721484127870195
食用菌,2023-06-29,43.314,,5.0,48.314,0.8965103282692387,,0.10348967173076128
食用菌,2023-06-30,30.572,2.0,7.0,39.572,0.7725664611341352,0.05054078641463661,0.17689275245122812
