单品编码,首销日,末销日,在架天数,有销售天数,总销量,总销售额,总毛利,日均销量_在架,日均销量_有售,日销量标准差,非零日均,非零日标准差,单日最大销量,平均批发价,平均售价,损耗率,单位毛利,交易笔数,单品名称,分类名称,动销率,变异系数CV,非零CV,ADI,CV2,稳定性,毛利率,笔均重量,周CV,TOPSIS得分,梯队,排名,需求形态,销量份额,象限,毛利份额,贡献错位
102900005116714,2020-07-01,2023-06-30,1095,1076,27537.228000000003,269874.2472,71792.41274992285,25.148153424657536,25.59221933085502,15.759604313951362,25.59221933085502,15.759604313951362,152.132,6.846552044609665,9.800341820897875,0.0926,2.607103835938855,58905,西兰花,花菜类,0.982648401826484,0.6266704376989848,0.6157967040768106,1.0176579925650557,0.3792055807518631,0.6147526732056158,0.2660217249136725,0.4674854087089382,0.4271544608446431,0.8061164778378007,热销,1,Smooth,0.05846844169217162,引流品(量大但利薄),0.07150972220402992,0.013041280511858294
102900005116899,2020-07-08,2023-06-30,1088,1057,27149.440000000002,211652.10129999998,53583.458901100996,24.95352941176471,25.685373699148535,20.213158031383767,25.685373699148535,20.213158031383767,157.132,5.820842005676442,7.795818304171282,0.0554,1.9736487714332593,39285,净藕(1),水生根茎类,0.9715073529411765,0.8100320278482921,0.7869520711724677,1.0293282876064334,0.6192935623226367,0.5524764118062417,0.25316762069444665,0.6910892198039965,0.6367616791507766,0.7806026882103504,热销,2,Erratic,0.05764507050655614,引流品(量大但利薄),0.05337246811993938,-0.00427260238661676
102900011034026,2022-06-29,2023-06-30,367,337,5821.571,47414.9774,16059.316706613668,15.86259128065395,17.274691394658753,10.213123881669919,17.274691394658753,10.213123881669919,47.649,5.211483679525222,8.144704822804703,0.0943,2.758588138255751,12369,枝江青梗散花,花菜类,0.9182561307901907,0.6438496523658065,0.5912188905920348,1.089020771513353,0.34953977659287644,0.6083281391098104,0.33869712878137254,0.4706581777023203,0.5063835265501079,0.7631983879293515,热销,3,Smooth,0.012360655348836753,明星品(量大且利厚),0.015996081375294274,0.003635426026457521
102900011016701,2020-09-12,2023-06-30,1022,858,28164.331000000002,205113.6991,52706.39154962884,27.558053816046968,32.825560606060606,23.12636749136789,32.825560606060606,23.12636749136789,249.974,5.359230769230768,7.282747071109198,0.057,1.8713880173340114,69945,芜湖青椒(1),辣椒类,0.8395303326810176,0.8391872534156051,0.7045231540416724,1.191142191142191,0.4963528745808261,0.5437184267903513,0.2569618303452889,0.40266396454356995,0.4753530699679554,0.7628923004670604,热销,4,Erratic,0.05979993864569526,引流品(量大但利薄),0.052498854317928445,-0.007301084327766813
102900011031100,2021-12-20,2023-06-30,558,488,10833.0,54979.4,24435.941901291815,19.413978494623656,22.19877049180328,14.965649872400306,22.19877049180328,14.965649872400306,210.0,3.180983606557377,5.075177697775317,0.0943,2.2556948122673144,10848,小米椒(份),辣椒类,0.8745519713261649,0.7708698078832614,0.6741657101201282,1.1434426229508197,0.4544994047017767,0.5646942511235821,0.4444563218458516,0.9986172566371682,0.460437274749839,0.7579649777743359,热销,5,Smooth,0.023001176038898872,明星品(量大且利厚),0.02433972268409478,0.0013385466451959066
102900005116257,2020-07-01,2023-06-30,1095,1022,13602.001,117729.4239,35111.01268952411,12.421918721461187,13.309198630136986,9.06883144735024,13.309198630136986,9.06883144735024,109.43,5.647123287671233,8.655301811843712,0.060700000000000004,2.5813123149692543,27455,紫茄子(2),茄类,0.9333333333333333,0.7300668802221462,0.6813957548740031,1.0714285714285714,0.46430017476031243,0.5780123366511686,0.29823481272912367,0.49542892005099254,0.49715053510679846,0.7486667279201621,热销,6,Smooth,0.02888045965866136,引流品(量大但利薄),0.034972759203342654,0.0060922995446812955
106949711300259,2022-01-16,2023-06-30,531,429,15596.0,58640.899999999994,20728.90602712205,29.370998116760827,36.354312354312356,33.09566085720459,36.354312354312356,33.09566085720459,281.0,2.3645454545454547,3.7599961528597072,0.0045000000000000005,1.3291168265659177,15591,金针菇(盒),食用菌,0.807909604519774,1.126814305923034,0.9103641002655021,1.2377622377622377,0.8287627950522171,0.4701867940304274,0.3534888793849012,1.0003206978384966,0.7062865236250737,0.7277427669874456,热销,7,Erratic,0.03311421965315857,明星品(量大且利厚),0.020647283672668215,-0.012466935980490354
102900011000175,2020-08-04,2020-08-13,10,10,91.27199999999999,753.452,201.81572770660637,9.127199999999998,9.127199999999998,1.2417568915765183,9.127199999999998,1.2417568915765183,10.315,4.8149999999999995,8.255017968270664,0.20379999999999998,2.2111461095035323,253,快菜,花叶类,1.0,0.13605014589102007,0.13605014589102007,1.0,0.018509642196967848,0.8802428340130055,0.26785479062582135,0.3607588932806324,,0.7205644331267635,热销,8,Smooth,0.00019379334804969791,问题品(量小且利薄),0.00020102105601290123,7.22770796320331e-06
106930274620090,2022-12-25,2023-02-18,56,51,708.0,2926.7,792.8200000000002,12.642857142857142,13.882352941176471,7.726958156541368,13.882352941176471,7.726958156541368,40.0,2.985294117647059,4.133757062146892,0.0,1.1198022598870059,709,海鲜菇(袋)(2),食用菌,0.9107142857142857,0.6111718315908427,0.556602918055946,1.0980392156862746,0.3098068083883941,0.6206662631462578,0.2708921310691223,0.998589562764457,0.27671123782076934,0.7194193013334683,热销,9,Smooth,0.0015032615744060187,引流品(量大但利薄),0.0007896981837800115,-0.0007135633906260072
102900011030059,2021-12-17,2023-06-30,561,400,14325.0,63994.9,21561.224389974603,25.53475935828877,35.8125,23.775207569808273,35.8125,23.775207569808273,151.0,2.618475,4.467357766143107,0.0943,1.5051465542739688,14328,云南生菜(份),花叶类,0.7130124777183601,0.9310918985453711,0.663880141565327,1.4025,0.44073684236479865,0.5178417457777476,0.33692097948390576,0.9997906197654941,0.6423606975418483,0.7179102350148547,热销,10,Intermittent,0.030415567871986186,明星品(量大且利厚),0.021476324690139284,-0.008939243181846902
102900005116530,2020-07-01,2023-03-14,987,821,11920.226999999999,211198.38640000002,49063.48351069854,12.077231003039513,14.519155907429962,11.223364783824197,14.519155907429962,11.223364783824197,79.166,12.115444579780757,17.71764802801155,0.1382,4.115985669626807,47509,西峡香菇(1),食用菌,0.8318135764944276,0.929299504248911,0.7730039442637852,1.202192448233861,0.597535097847369,0.5183228409055682,0.23230993544512488,0.2509046075480435,0.6508682553635725,0.7121399537543672,热销,11,Erratic,0.025309631648724764,引流品(量大但利薄),0.04887029063131502,0.023560658982590254
102900011032251,2022-02-18,2023-06-30,498,382,8235.0,40719.9,15267.99539582643,16.53614457831325,21.55759162303665,15.7283562057563,21.55759162303665,15.7283562057563,79.0,3.092356020942409,4.944735883424408,0.0943,1.8540370851033916,8244,螺丝椒(份),辣椒类,0.7670682730923695,0.9511501384901807,0.7295970941832309,1.3036649214659686,0.5323119198406143,0.5125182220850569,0.37495169182209265,0.9989082969432315,0.6752880149525384,0.7089738171003263,热销,12,Erratic,0.017484970431120853,明星品(量大且利厚),0.015207875979472903,-0.0022770944516479503
102900005115779,2020-07-01,2023-06-29,1094,810,15910.461000000001,129756.9615,35621.95175368732,14.543382998171847,19.642544444444447,13.004183089323325,19.642544444444447,13.004183089323325,76.379,5.093543209876544,8.155449518401761,0.1525,2.238901296052158,39887,云南生菜,花叶类,0.7404021937842779,0.8941649333554645,0.6620416782613585,1.3506172839506172,0.4382991837551161,0.5279371307062082,0.27452825144712806,0.3988883846867401,0.6780608152938011,0.7087713168956191,热销,13,Intermittent,0.033781899226533275,引流品(量大但利薄),0.035481686388569994,0.0016997871620367186
102900011032022,2022-01-21,2023-06-30,526,441,5175.0,17567.699999999997,7633.9471016893,9.838403041825096,11.73469387755102,8.443119735736616,11.73469387755102,8.443119735736616,56.0,2.0152607709750567,3.394724637681159,0.0943,1.4751588602298165,5178,小皱皮(份),辣椒类,0.8384030418250951,0.858179899709654,0.719500638349729,1.1927437641723355,0.5176811685856675,0.5381610252894528,0.43454448229929366,0.9994206257242179,0.6224151906265919,0.6995914606109154,热销,14,Erratic,0.010987822948518569,明星品(量大且利厚),0.007603887592740751,-0.003383935355777818
102900011034330,2022-05-25,2023-06-30,402,293,4229.0,22604.9,7833.62745490982,10.519900497512438,14.433447098976108,6.976956252999386,14.433447098976108,6.976956252999386,57.0,3.465358361774744,5.345211633956018,0.002,1.8523592941380516,4232,双孢菇(盒),食用菌,0.7288557213930348,0.6632150422572128,0.483388078063093,1.372013651877133,0.23366403401353086,0.6012451634894197,0.3465455478639507,0.9992911153119093,0.4077290249870609,0.698916755854588,热销,15,Intermittent,0.008979227681021261,明星品(量大且利厚),0.0078027816825401945,-0.0011764459984810668
102900011030097,2021-12-16,2023-06-30,562,410,8848.0,35692.09999999999,13043.088185933531,15.743772241992882,21.58048780487805,16.73596510150592,21.58048780487805,16.73596510150592,164.0,2.3106829268292683,4.033917269439421,0.0943,1.4741284116109326,8863,云南油麦菜(份),花叶类,0.7295373665480427,1.063021291483536,0.775513753573398,1.3707317073170733,0.6014215819815011,0.4847259716262509,0.3654334764817294,0.9983075707999549,0.6878545621332853,0.6898454412991369,热销,16,Lumpy,0.01878652317845262,明星品(量大且利厚),0.0129917295871878,-0.0057947935912648196
102900011030103,2021-12-16,2022-03-20,95,83,587.0,1360.0000000000002,513.8036877553274,6.178947368421053,7.072289156626506,2.644751509975017,7.072289156626506,2.644751509975017,14.0,1.2337349397590363,2.316865417376491,0.0943,0.8753044084417843,586,茼蒿(份),花叶类,0.8736842105263158,0.4280262239312208,0.37395975353990873,1.144578313253012,0.13984589726762928,0.7002672522687258,0.3777968292318583,1.0017064846416381,0.37697430934824694,0.6886054279625134,热销,17,Smooth,0.0012463482262377585,明星品(量大且利厚),0.0005117805290480236,-0.000734567697189735
102900011034316,2022-05-19,2022-05-19,1,1,9.381,56.286,16.791990000000002,9.381,9.381,0.0,9.381,0.0,9.381,4.21,6.0,0.0,1.7900000000000003,27,芝麻苋菜,花叶类,1.0,0.0,0.0,1.0,0.0,1.0,0.29833333333333334,0.34744444444444444,,0.6855442416762496,热销,18,Smooth,1.991821586087975e-05,问题品(量小且利薄),1.6725869686753758e-05,-3.192346174125992e-06
102900011022924,2021-03-05,2021-03-07,3,3,30.275,90.82499999999999,43.23348865933079,10.091666666666667,10.091666666666667,3.216801257978698,10.091666666666667,3.216801257978698,12.957,1.3999999999999997,2.9999999999999996,0.1094,1.4280260498540311,61,青菜苔,花叶类,1.0,0.3187581758525547,0.3187581758525547,1.0,0.1016067746728482,0.758289137698439,0.47600868328467705,0.49631147540983606,,0.6816123056428804,热销,19,Smooth,6.428141831234776e-05,利润品(量小但利厚),4.306325202788431e-05,-2.1218166284463452e-05
106949711300068,2020-12-08,2021-09-08,275,258,2549.0,8434.9,2611.6975694835155,9.26909090909091,9.87984496124031,10.335100404203846,9.87984496124031,10.335100404203846,88.0,1.8816666666666666,3.3091016084739113,0.11130000000000001,1.0245969280045177,2536,金针菇(袋)(3),食用菌,0.9381818181818182,1.1150069090451382,1.046079209213257,1.065891472868217,1.0942817119482329,0.4728116942423937,0.3096299386458068,1.0051261829652998,0.8191146926042956,0.6799968928898777,热销,20,Erratic,0.005412166318023929,引流品(量大但利薄),0.002601413722161149,-0.00281075259586278
102900011033906,2022-04-16,2023-02-13,304,200,6484.736000000001,16003.2166,7928.881157800597,21.331368421052634,32.423680000000004,23.170007893319383,32.423680000000004,23.170007893319383,138.485,1.3164500000000001,2.4678285438296945,0.0943,1.22269914423665,6408,保康高山大白菜,花叶类,0.6578947368421053,1.08619416419868,0.7146014238149211,1.52,0.5106551949183125,0.4793417684514068,0.49545546723404327,1.0119750312109863,0.6215853723095996,0.6782713422095671,热销,21,Lumpy,0.013768720973117782,明星品(量大且利厚),0.00789766031346672,-0.005871060659651062
102900011034231,2022-04-16,2023-05-10,390,244,6931.0,22496.3,9459.444529093518,17.77179487179487,28.40573770491803,16.510731261172374,28.40573770491803,16.510731261172374,153.0,1.7737295081967217,3.245750973885442,0.0943,1.3648022693829922,6925,奶白菜(份),花叶类,0.6256410256410256,0.929041291567916,0.5812463465194142,1.598360655737705,0.33784731534216694,0.5183922212402227,0.4204889039127998,1.0008664259927798,0.49617396193849456,0.6761918709180619,热销,22,Intermittent,0.014716251373175305,明星品(量大且利厚),0.009422196922621674,-0.00529405445055363
102900011018095,2020-10-16,2021-03-14,150,141,978.0,5973.0,1743.8675593563635,6.52,6.9361702127659575,4.859765964320044,6.9361702127659575,4.859765964320044,41.0,3.8671631205673758,6.107361963190184,0.11130000000000001,1.7830956639635618,978,虫草花(袋),食用菌,0.94,0.7453628779631969,0.700641105285405,1.0638297872340425,0.490897958415554,0.5729467565890823,0.2919584060533004,1.0,0.3336088968091915,0.6756737047883854,热销,23,Erratic,0.0020765392934591616,引流品(量大但利薄),0.0017370008884445415,-0.00033953840501462005
102900005115823,2020-07-01,2023-06-30,1095,919,7606.755999999999,56891.4632,17567.01839457754,6.946809132420091,8.277210010881392,6.889792535277019,8.277210010881392,6.889792535277019,43.597,4.354700761697497,7.479070342206323,0.14429999999999998,2.3093968565019756,16644,上海青,花叶类,0.8392694063926941,0.9917924048212321,0.832381022859098,1.191512513601741,0.6928581672159582,0.5020603540707609,0.30878127238213726,0.4570269166065849,0.7071359994191665,0.6726325656712254,热销,24,Erratic,0.01615105084842151,引流品(量大但利薄),0.017497846321520565,0.0013467954730990543
102900011030110,2021-12-16,2023-06-30,562,386,6342.0,25351.6,8529.175356078173,11.284697508896798,16.430051813471504,11.293787672756576,16.430051813471504,11.293787672756576,102.0,2.273626943005181,3.9974140649637335,0.0943,1.3448715477890527,6354,菠菜(份),花叶类,0.6868327402135231,1.0008055301307466,0.6873860046805483,1.455958549222798,0.4724995194306868,0.49979869854450726,0.3364353869609087,0.9981114258734656,0.5943406780939006,0.6658626317727572,畅销,25,Intermittent,0.013465656645314931,明星品(量大且利厚),0.008495590787109514,-0.004970065858205417
102900011000328,2020-07-02,2023-06-30,1094,858,7792.1810000000005,82009.3451,22087.222432442664,7.122651736745887,9.081796037296037,7.384102490697372,9.081796037296037,7.384102490697372,64.215,7.794009324009324,10.52456880814242,0.1018,2.834536624911904,22678,螺丝椒,辣椒类,0.7842778793418648,1.0367069405629727,0.8130663208437208,1.275058275058275,0.6610768420903442,0.4909886543243117,0.26932567752504416,0.34360089073110506,0.6954132348267239,0.661595693133488,畅销,26,Erratic,0.016544754630108287,引流品(量大但利薄),0.022000251557282986,0.005455496927174699
102900005115984,2020-07-01,2023-06-27,1092,782,10305.364,70665.1061,21607.683815334327,9.43714652014652,13.17821483375959,10.93138376494611,13.17821483375959,10.93138376494611,76.615,4.327531969309463,6.85711888488364,0.1281,2.09674144604056,23265,云南油麦菜,花叶类,0.7161172161172161,1.1583357047185479,0.8295041401922202,1.3964194373401535,0.6880771185960345,0.4633199542655958,0.3057758631927438,0.44295568450462064,0.727950579223786,0.6576086217603366,畅销,27,Lumpy,0.021880872473823598,引流品(量大但利薄),0.021522601176385894,-0.0003582712974377032
102900051010455,2020-07-01,2023-06-18,1083,904,7987.99,53478.169200000004,16819.995257589762,7.375798707294552,8.836272123893805,10.468528841603456,8.836272123893805,10.468528841603456,187.729,4.0534734513274335,6.6948217511539205,0.1561,2.1056605300694873,14372,黄白菜(2),花叶类,0.8347183748845799,1.4193078278085656,1.184722323489329,1.198008849557522,1.4035669837739542,0.4133413650406821,0.3145207756586731,0.5558022543835235,0.9484384287454262,0.6488138953561942,畅销,28,Erratic,0.01696050624821968,引流品(量大但利薄),0.016753764670552004,-0.00020674157766767745
102900011008164,2020-08-24,2023-06-30,1041,762,5816.308,27812.8544,8248.338626755216,5.5872315081652255,7.632950131233596,4.8400790458061485,7.632950131233596,4.8400790458061485,36.049,2.82011811023622,4.781874412427952,0.1568,1.4181399311651337,13355,奶白菜,花叶类,0.7319884726224783,0.8662750127201312,0.6341033234320268,1.3661417322834646,0.4020870247875416,0.5358267099887284,0.29656569973469593,0.4355153874953201,0.5775980403724431,0.6472747637620737,畅销,29,Intermittent,0.01234948067981684,引流品(量大但利薄),0.008215859883392329,-0.004133620796424511
102900011023464,2021-08-28,2023-06-30,672,492,3267.9930000000004,18780.484800000002,6691.396052369801,4.863084821428572,6.642262195121952,3.501281623706779,6.642262195121952,3.501281623706779,24.301000000000002,3.4114634146341465,5.7467946840767405,0.1033,2.0475551974468122,7910,小青菜(1),花叶类,0.7321428571428571,0.7199713252540489,0.5271218631324287,1.3658536585365855,0.2778574585922029,0.5814050416522465,0.3562951714840609,0.41314702907711764,0.5257616457861388,0.6444127180774827,畅销,30,Intermittent,0.0069387687885986565,明星品(量大且利厚),0.006665047942167414,-0.00027372084643124267
106958851400125,2020-12-29,2022-01-16,384,314,2149.0,7983.7,2153.678620456847,5.596354166666667,6.843949044585988,5.610166918517245,6.843949044585988,5.610166918517245,45.0,2.2654777070063696,3.7150767798976267,0.11130000000000001,1.002177115149766,2150,海鲜菇(袋)(4),食用菌,0.8177083333333334,1.0024681697117832,0.8197265762747393,1.2229299363057324,0.671951659851106,0.499383718116194,0.26975946246187194,0.9995348837209302,0.675835617376718,0.6400370416739226,畅销,31,Erratic,0.004562865993500755,引流品(量大但利薄),0.0021451982732784394,-0.0024176677202223155
102900011034224,2022-04-18,2023-02-20,309,179,4057.0,12220.0,5736.57281660594,13.129449838187702,22.664804469273744,13.82228461826389,22.664804469273744,13.82228461826389,70.0,1.3682681564245809,3.0120778900665517,0.0943,1.4139937926068376,4058,小青菜(份),花叶类,0.5792880258899676,1.0527695210854182,0.6098567775866985,1.7262569832402235,0.37192528916843187,0.4871467496610346,0.4694413106878838,0.9997535731887629,0.6498811094978307,0.6362905306179231,畅销,32,Intermittent,0.008614028541476297,明星品(量大且利厚),0.005713984428237803,-0.002900044113238494
102900011030042,2021-12-17,2022-02-16,62,52,313.0,681.5999999999999,274.4453130175554,5.048387096774194,6.019230769230769,3.3047226137067076,6.019230769230769,3.3047226137067076,20.0,1.2315384615384617,2.1776357827476036,0.0943,0.8768220863180683,313,枝江红菜苔(份),花叶类,0.8387096774193549,0.6546095912134692,0.5490273990822645,1.1923076923076923,0.3014310849430361,0.6043721765607638,0.40264863999054495,1.0,0.3973880050429331,0.6356592664522889,畅销,33,Smooth,0.000664577503939384,明星品(量大且利厚),0.000273364654318635,-0.000391212849620749
102900011030158,2021-12-16,2022-02-13,60,46,296.0,454.59999999999997,165.34307165728163,4.933333333333334,6.434782608695652,2.630185239890009,6.434782608695652,2.630185239890009,15.0,0.8682608695652175,1.5358108108108106,0.0943,0.5585914583016272,296,小青菜(2),花叶类,0.7666666666666667,0.5331456567344613,0.40874500349642034,1.3043478260869565,0.1670724778832887,0.6522537474553852,0.3637111123125421,1.0,0.25631357558658957,0.6320937986697526,畅销,34,Smooth,0.0006284822401471491,明星品(量大且利厚),0.00016469201507071413,-0.000463790225076435
102900011023976,2023-02-05,2023-02-12,8,8,62.22099999999999,371.0292,95.08283204344875,7.777624999999999,7.777624999999999,7.769523334110383,7.777624999999999,7.769523334110383,25.154,3.70875,5.963086417768921,0.1162,1.5281469607278695,89,净藕(2),水生根茎类,1.0,0.9989583367815219,0.9989583367815219,1.0,0.9979177586253045,0.5002605515080808,0.2562677871268589,0.6991123595505617,,0.6266236892660784,畅销,35,Erratic,0.00013211078873039107,问题品(量小且利薄),9.47084329020097e-05,-3.740235582838136e-05
102900011035481,2022-09-08,2022-10-02,25,22,127.0,952.4000000000002,368.61949873026384,5.08,5.7727272727272725,3.517734906791425,5.7727272727272725,3.517734906791425,15.0,3.917272727272726,7.499212598425198,0.0943,2.9025157380335735,127,外地茼蒿(份),花叶类,0.88,0.6924675013368947,0.6093714011764674,1.1363636363636365,0.37133350457177117,0.5908532950913925,0.3870427328121207,1.0,0.4920229980098447,0.6233345483366932,畅销,36,Smooth,0.0002696528530361079,利润品(量小但利厚),0.00036716801878508055,9.751516574897266e-05
102900011030400,2023-01-07,2023-01-07,1,1,3.0,44.5,-176.0,3.0,3.0,0.0,3.0,0.0,3.0,73.5,14.833333333333334,0.0,-58.666666666666664,3,洪山菜薹珍品手提袋,花叶类,1.0,0.0,0.0,1.0,0.0,1.0,-3.955056179775281,1.0,,0.619899700348497,畅销,37,Smooth,6.369752433923808e-06,问题品(量小且利薄),-0.0001753069805823289,-0.0001816767330162527
106973990980123,2022-07-08,2022-07-29,22,19,109.0,244.0,57.99679615538647,4.954545454545454,5.7368421052631575,3.2632993744089043,5.7368421052631575,3.2632993744089043,10.0,1.69578947368421,2.238532110091743,0.0012,0.5320806986732703,109,和丰阳光海鲜菇(包),食用菌,0.8636363636363636,0.6586475801559257,0.568832001043754,1.1578947368421053,0.32356984541144135,0.6029008283399131,0.2376917875220757,1.0,0.5815405283006434,0.6195166622320244,畅销,38,Smooth,0.00023143433843256505,问题品(量小且利薄),5.7768427371872856e-05,-0.0001736659110606922
102900011032848,2022-03-16,2023-06-30,472,366,1868.0,7547.799999999999,4077.434536822348,3.957627118644068,5.103825136612022,3.6173306758788435,5.103825136612022,3.6173306758788435,25.0,1.6427322404371585,4.040578158458244,0.0943,2.18278080129676,1868,姜蒜小米椒组合装(小份),辣椒类,0.7754237288135594,0.9140150315925128,0.7087489439891096,1.289617486338798,0.502325065605678,0.5224619365543711,0.5402149681791182,1.0,0.4984576119343405,0.6169775592928622,畅销,39,Erratic,0.003966232515523225,明星品(量大且利厚),0.0040613791884797305,9.514667295650557e-05
102900011035078,2022-08-14,2023-06-30,321,288,769.2080000000001,12936.7644,3968.361639704096,2.396286604361371,2.6708611111111114,1.7697942265517885,2.6708611111111114,1.7697942265517885,12.32,10.541597222222224,16.818291541429623,0.0943,5.1590228386913495,3188,红椒(2),辣椒类,0.897196261682243,0.7385569920270253,0.6626305722859293,1.1145833333333333,0.43907927532797814,0.5751896570466039,0.3067507080598991,0.24128230865746553,0.44792081571841696,0.6119239758890689,畅销,40,Smooth,0.001633221510064555,引流品(量大但利薄),0.003952735777927641,0.0023195142678630863
102900005115786,2020-07-01,2023-06-30,1095,667,7240.763999999999,38934.738,10316.537826348693,6.6125698630136975,10.855718140929534,8.396472579917178,10.855718140929534,8.396472579917178,61.519,5.048110944527736,5.377158819152234,0.1362,1.4247858135341374,16186,竹叶菜,花叶类,0.6091324200913242,1.2697744982448416,0.7734608130861271,1.64167916041979,0.5982416293798529,0.4405724008148273,0.26497000766638507,0.4473473372049919,0.7744252924384637,0.6046563827430984,畅销,41,Lumpy,0.015373958037489295,引流品(量大但利薄),0.010275915320457794,-0.005098042717031501
102900011030141,2021-12-16,2023-02-18,430,287,3070.0,9086.0,4314.85061278569,7.1395348837209305,10.696864111498257,10.211509202941036,10.696864111498257,10.211509202941036,118.0,1.3502787456445995,2.9596091205211725,0.0943,1.4054887989529934,3071,上海青(份),花叶类,0.6674418604651163,1.4302765333109593,0.9546264303726637,1.4982578397212543,0.9113116215660542,0.4114758079145917,0.4748900080107517,0.9996743731683491,0.7622891747913649,0.6021991978065948,畅销,42,Lumpy,0.006518379990715364,明星品(量大且利厚),0.0042978604124504025,-0.0022205195782649617
102900005118817,2020-07-01,2023-06-26,1091,730,5216.460999999999,52349.541,11826.646350349733,4.781357470210815,7.145836986301369,5.689379985265278,7.145836986301369,5.689379985265278,50.28,6.501287671232878,10.035451429618664,0.18510000000000001,2.2671781405726477,14202,菠菜,花叶类,0.6691109074243813,1.1899089370982394,0.796181048654184,1.4945205479452055,0.6339042622360762,0.4566399922204345,0.22591690632683356,0.36730467539783124,0.6568649145014658,0.6012446985071946,畅销,43,Lumpy,0.011075855050406206,引流品(量大但利薄),0.011780077625538815,0.0007042225751326091
102900005115960,2020-07-01,2023-03-28,1001,480,19187.218,38758.6857,9370.644506123763,19.16804995004995,39.973370833333334,38.89786429641774,39.973370833333334,38.89786429641774,244.4,1.4123958333333335,2.0200263373251923,0.2227,0.48837952985804206,15178,大白菜,花叶类,0.47952047952047955,2.029307331615983,0.9730944247509208,2.0854166666666667,0.9469127594813255,0.33010846722724246,0.2417688922337158,1.2641466596389512,0.9750056019793906,0.6004578392663297,畅销,44,Lumpy,0.040739276185242236,引流品(量大但利薄),0.009333746559539462,-0.031405529625702776
102900011033944,2022-04-18,2023-05-24,402,293,1304.5520000000001,15390.1888,4338.763029877442,3.245154228855722,4.452395904436861,2.594965829792637,4.452395904436861,2.594965829792637,17.368,7.59136518771331,11.797298076274458,0.0943,3.325864380934943,5063,杏鲍菇(2),食用菌,0.7288557213930348,0.7996432979111909,0.5828245927561665,1.372013651877133,0.3396845059213913,0.5556656706141042,0.2819174661377411,0.25766383567055107,0.45150621658082185,0.5999822684749025,畅销,45,Intermittent,0.002769891092393391,引流品(量大但利薄),0.004321678671761655,0.0015517875793682637
102900011008492,2021-07-18,2021-07-19,2,2,7.48,27.424,-6.401201972510752,3.74,3.74,1.7069557697843258,3.74,1.7069557697843258,4.947,4.31,3.666310160427807,0.046900000000000004,-0.8557756647741647,10,大芥兰,花叶类,1.0,0.45640528603858976,0.45640528603858976,1.0,0.20830578512396694,0.6866220615828659,-0.23341605792410852,0.748,,0.5975214392379943,畅销,46,Smooth,1.588191606858336e-05,问题品(量小且利薄),-6.375996533514249e-06,-2.225791260209761e-05
106949711300167,2021-09-06,2022-09-11,371,215,3175.0,9964.599999999999,3304.2958011996566,8.557951482479785,14.767441860465116,11.371873010273678,14.767441860465116,11.371873010273678,77.0,1.913209302325581,3.1384566929133855,0.0664,1.0407230869920179,3185,金针菇(袋)(2),食用菌,0.5795148247978437,1.3288078383658375,0.7700638416405797,1.7255813953488373,0.5929983202022479,0.4294042572021384,0.33160345635546407,0.9968602825745683,0.6277106782916722,0.596745522657124,畅销,47,Lumpy,0.006741321325902697,明星品(量大且利厚),0.003291284771927154,-0.003450036553975543
102900005117056,2020-07-01,2022-02-14,594,228,9703.125,95568.63389999999,20650.318714894536,16.335227272727273,42.557565789473685,20.038707691105568,42.557565789473685,20.038707691105568,144.05,7.344254385964914,9.849263397101447,0.0708,2.1282132008909023,25338,泡泡椒(精品),辣椒类,0.3838383838383838,1.226717409959854,0.4708612280653985,2.6052631578947367,0.2217102960952552,0.44909156210263307,0.216078412677766,0.3829475491356855,0.4539992113866297,0.5960018973247171,畅销,48,Intermittent,0.02060216802847232,引流品(量大但利薄),0.02056900580665295,-3.3162221819368204e-05
102900011036068,2022-12-29,2023-01-01,4,4,13.0,86.7,45.792414706856576,3.25,3.25,1.707825127659933,3.25,1.707825127659933,5.0,2.85,6.6692307692307695,0.0943,3.5224934389889673,13,菌蔬四宝(份),食用菌,1.0,0.5254846546645948,0.5254846546645948,1.0,0.27613412228796846,0.6555293735287477,0.5281708732048048,1.0,,0.5943267419092907,畅销,49,Smooth,2.760226054700317e-05,利润品(量小但利厚),4.56121020217776e-05,1.800984147477443e-05
102900051004294,2020-07-01,2023-01-26,940,747,2219.781,30873.0994,10575.574378308029,2.36146914893617,2.97159437751004,2.367772480107723,2.97159437751004,2.367772480107723,29.197,8.748460508701474,13.90817355405781,0.078,4.764242228538774,10608,青线椒,辣椒类,0.7946808510638298,1.0026692413806857,0.7968020460759278,1.2583668005354753,0.6348935006307849,0.4993335790739849,0.3425498114487342,0.2092553733031674,0.5279533358886084,0.5897913496920713,畅销,50,Erratic,0.004713151809175942,明星品(量大且利厚),0.01053393188741489,0.005820780078238948
102900005116509,2020-07-01,2023-06-29,1094,845,3516.7629999999995,23344.211099999997,7873.194424560479,3.2145914076782445,4.1618497041420115,4.2479987671799755,4.1618497041420115,4.2479987671799755,34.252,5.341396449704143,6.637982457163022,0.0501,2.2387617318996136,6002,青茄子(1),茄类,0.7723948811700183,1.3214739381911416,1.0206997054584228,1.2946745562130177,1.041827888722911,0.4307608125806423,0.33726538844401044,0.5859318560479839,0.9426131218233884,0.5893592141602048,畅销,51,Erratic,0.00746696989292773,明星品(量大且利厚),0.007842192852882523,0.00037522295995479245
102900011022030,2021-01-22,2021-08-22,213,176,641.0,9398.9,7700.32431268632,3.0093896713615025,3.6420454545454546,3.3674482612518033,3.6420454545454546,3.3674482612518033,31.0,2.3999999999999995,14.662870514820593,0.0943,12.012986447248549,641,组合椒系列,辣椒类,0.8262910798122066,1.118980467467448,0.9246035787524453,1.2102272727272727,0.8548917778418292,0.47192506743357326,0.8192793106306397,1.0,0.6447110148126632,0.5831605979520664,畅销,52,Erratic,0.001361003770048387,明星品(量大且利厚),0.007670003436146226,0.006308999666097839
102900005115762,2020-07-01,2023-06-30,1095,635,5100.061,25511.789599999996,5456.0613844869895,4.657589954337899,8.031592125984252,5.283431150435199,8.031592125984252,5.283431150435199,35.954,4.015338582677165,5.002251855418984,0.1852,1.0698031620576676,10299,苋菜,花叶类,0.5799086757990868,1.134370179048161,0.6578311083977919,1.7244094488188977,0.43274176717586743,0.46852228812808744,0.21386431410860296,0.495199631032139,0.6566582926697603,0.5826711771543994,畅销,53,Intermittent,0.010828708655969964,引流品(量大但利薄),0.005434577540830995,-0.005394131115138969
102900005118831,2020-07-01,2023-06-30,1095,688,8982.0,45035.8,15117.106398687449,8.202739726027398,13.055232558139535,19.232126096239227,13.055232558139535,19.232126096239227,407.0,3.5596511627906975,5.014005789356491,0.0248,1.6830445778988476,8994,娃娃菜,花叶类,0.628310502283105,2.3445978707840074,1.4731354658441982,1.5915697674418605,2.170128100728003,0.29898960611536535,0.335668654685549,0.9986657771847899,0.9811846879154957,0.5824799618098705,畅销,54,Lumpy,0.01907103878716788,明星品(量大且利厚),0.01505758112440739,-0.004013457662760492
102900011033586,2022-04-13,2022-04-13,1,1,1.153,22.8294,7.552818350447168,1.153,1.153,0.0,1.153,0.0,1.153,12.0,19.8,0.0943,6.550579662139782,5,绿牛油,花叶类,1.0,0.0,0.0,1.0,0.0,1.0,0.3308373566737264,0.2306,,0.581647711201352,畅销,55,Smooth,2.4481081854380506e-06,问题品(量小且利薄),7.523078294907381e-06,5.07497010946933e-06
102900011035740,2023-01-20,2023-06-30,162,137,371.0,2931.8,941.9351351351353,2.2901234567901234,2.708029197080292,1.9784150814314423,2.708029197080292,1.9784150814314423,10.0,4.912700729927007,7.902425876010782,0.0084,2.538908720040796,371,蟹味菇与白玉菇双拼(盒),食用菌,0.845679012345679,0.8638901433743764,0.7305737632240097,1.1824817518248176,0.5337380235112914,0.5365123065620195,0.32128219357907606,1.0,0.49371695772099616,0.5813171624000473,畅销,56,Erratic,0.0007877260509952443,引流品(量大但利薄),0.0009382261616190256,0.00015050011062378132
102900011023075,2021-03-31,2021-03-31,1,1,1.0,4.9,1.5242826600652646,1.0,1.0,0.0,1.0,0.0,1.0,3.0,4.9,0.11130000000000001,1.5242826600652646,1,活体银耳,食用菌,1.0,0.0,0.0,1.0,0.0,1.0,0.3110780938908703,1.0,,0.5774261849707992,畅销,57,Smooth,2.123250811307936e-06,问题品(量小且利薄),1.518280628920693e-06,-6.049701823872429e-07
102900011031858,2022-08-27,2022-08-27,1,1,1.0,3.5,3.389588163851165,1.0,1.0,0.0,1.0,0.0,1.0,0.1,3.5,0.0943,3.389588163851165,1,金针菇(份),食用菌,1.0,0.0,0.0,1.0,0.0,1.0,0.9684537611003329,1.0,,0.5774261849707992,畅销,58,Smooth,2.123250811307936e-06,利润品(量小但利厚),3.3762412864906138e-06,1.2529904751826779e-06
106973223300667,2021-02-04,2021-02-04,1,1,1.0,12.9,7.273804433442107,1.0,1.0,0.0,1.0,0.0,1.0,5.0,12.9,0.11130000000000001,7.273804433442107,1,虫草花(盒)(2),食用菌,1.0,0.0,0.0,1.0,0.0,1.0,0.5638608087939618,1.0,,0.5774261849707992,畅销,59,Smooth,2.123250811307936e-06,利润品(量小但利厚),7.245163025983485e-06,5.121912214675549e-06
102900011034439,2022-07-26,2023-06-30,340,228,1257.0,4831.7,1575.964105112068,3.697058823529412,5.5131578947368425,3.8627103118060764,5.5131578947368425,3.8627103118060764,24.0,2.298421052631579,3.8438345266507556,0.0943,1.2537502825076117,1259,青红杭椒组合装(份),辣椒类,0.6705882352941176,1.0448062895895511,0.700634805960052,1.4912280701754386,0.49088913132267975,0.48904387916408826,0.32617176254984126,0.9984114376489277,0.6119644998309413,0.5759749637328674,畅销,60,Lumpy,0.002668926269814076,引流品(量大但利薄),0.0015697585725757308,-0.001099167697238345
102900011015391,2021-03-11,2021-03-11,1,1,0.9430000000000001,11.315999999999999,9.182998416647816,0.9430000000000001,0.9430000000000001,0.0,0.9430000000000001,0.0,0.9430000000000001,2.0,11.999999999999998,0.1158,9.738068310337026,2,甘蓝叶,花叶类,1.0,0.0,0.0,1.0,0.0,1.0,0.8115056925280857,0.47150000000000003,,0.5757909430157935,畅销,61,Smooth,2.002225515063384e-06,利润品(量小但利厚),9.146839347243385e-06,7.144613832180001e-06
102900005115908,2020-07-01,2023-06-28,1093,711,4496.717000000001,32783.369699999996,9709.598865701042,4.114105215004575,6.324496483825598,5.904253571711849,6.324496483825598,5.904253571711849,52.276,4.63506329113924,7.290512100272263,0.13699999999999998,2.159263939825664,10234,菜心,花叶类,0.6505032021957914,1.435124592870988,0.9335531432125092,1.5372714486638537,0.8715214712019557,0.41065660579650665,0.29617452246530485,0.43938997459448903,0.9005602966657729,0.5745466984637182,畅销,62,Lumpy,0.00954765801847219,引流品(量大但利薄),0.00967136624892986,0.00012370823045767046
102900011033531,2022-04-13,2022-04-13,1,1,0.682,13.5036,4.475025416804681,0.682,0.682,0.0,0.682,0.0,0.682,11.99,19.8,0.0943,6.561620845754664,5,红珊瑚(粗叶),花叶类,1.0,0.0,0.0,1.0,0.0,1.0,0.33139499220983154,0.13640000000000002,,0.5678090591616032,畅销,63,Smooth,1.4480570533120125e-06,问题品(量小且利薄),4.457404510506855e-06,3.009347457194842e-06
102900051000890,2021-07-22,2021-07-22,1,1,0.671,6.710000000000001,3.753954951970851,0.671,0.671,0.0,0.671,0.0,0.671,3.99,10.0,0.0943,5.594567737661476,1,芥兰,花叶类,1.0,0.0,0.0,1.0,0.0,1.0,0.5594567737661476,0.671,,0.5674530446974222,畅销,64,Smooth,1.4247012943876253e-06,利润品(量小但利厚),3.739173340182337e-06,2.3144720457947115e-06
102900011030134,2021-12-16,2023-03-09,449,275,2053.0,6609.799999999999,2717.9042287733246,4.572383073496659,7.465454545454546,6.162762503309406,7.465454545454546,6.162762503309406,72.0,1.654981818181818,3.219581100828056,0.0943,1.323869570761483,2053,菜心(份),花叶类,0.6124721603563474,1.347822875784668,0.8255039885095404,1.6327272727272728,0.6814568350451594,0.42592650847470304,0.4111931115575849,1.0,0.7243410600884861,0.5644026755646144,畅销,65,Lumpy,0.004359033915615193,明星品(量大且利厚),0.0027072021810124703,-0.0016518317346027227
106957634300010,2022-01-13,2022-03-05,52,42,168.0,486.29999999999995,201.79999999999998,3.230769230769231,4.0,3.526900110613271,4.0,3.526900110613271,18.0,1.7052380952380954,2.894642857142857,0.0,1.2011904761904761,164,白玉菇(盒),食用菌,0.8076923076923077,1.0916595580469648,0.8817250276533177,1.2380952380952381,0.7774390243902439,0.4780892742094823,0.41497018301460004,1.024390243902439,0.5600734570738386,0.5636320491024008,畅销,66,Erratic,0.00035670613629973326,利润品(量小但利厚),0.00020100539023587481,-0.00015570074606385844
102900011033562,2022-04-13,2022-04-13,1,1,0.419,8.2962,2.7446928784365685,0.419,0.419,0.0,0.419,0.0,0.419,12.0,19.8,0.0943,6.550579662139782,3,红橡叶,花叶类,1.0,0.0,0.0,1.0,0.0,1.0,0.3308373566737263,0.13966666666666666,,0.5587838986253698,畅销,67,Smooth,8.896420899380252e-07,问题品(量小且利薄),2.733885347412136e-06,1.8442432574741108e-06
102900005115878,2020-09-16,2023-05-06,963,514,4110.162,26871.042199999996,9222.744888573565,4.268080996884735,7.996424124513619,5.277883836214915,7.996424124513619,5.277883836214915,43.262,4.265875486381323,6.537708781308376,0.06269999999999999,2.2438884132969856,10128,茼蒿,花叶类,0.5337487019730011,1.2365941133889524,0.6600305028888074,1.8735408560311284,0.435640264743652,0.4471083930757427,0.343222448162936,0.405821682464455,0.5376559583753507,0.55868427928686,畅销,68,Intermittent,0.00872690480110705,明星品(量大且利厚),0.00918642931305079,0.0004595245119437402
102900011009772,2022-02-05,2022-02-05,1,1,0.415,10.706999999999999,1.5428175996466797,0.415,0.415,0.0,0.415,0.0,0.415,20.0,25.799999999999997,0.0943,3.7176327702329632,1,水果辣椒(橙色),辣椒类,1.0,0.0,0.0,1.0,0.0,1.0,0.1440942934198823,0.415,,0.5586377179533747,畅销,69,Smooth,8.811490866927934e-07,问题品(量小且利薄),1.5367425851325895e-06,6.555934984397961e-07
102900011009970,2020-07-01,2023-06-16,1081,444,8393.786,58273.203799999996,14139.37885425609,7.764834412580943,18.904923423423423,11.951770122626195,18.904923423423423,11.951770122626195,88.508,4.394684684684684,6.94242190591945,0.17059999999999997,1.68450552042381,15270,青梗散花,花菜类,0.4107308048103608,1.5392176429752817,0.632204101277544,2.434684684684685,0.3996820256721471,0.3938220903460124,0.24263946260418398,0.5496912901113294,0.7286444243819238,0.5578991161048201,畅销,70,Intermittent,0.017822112934445196,引流品(量大但利薄),0.014083703490052637,-0.003738409444392559
102900011035962,2022-11-16,2022-11-21,6,6,11.398,148.174,95.60037738765595,1.8996666666666666,1.8996666666666666,1.46199229364134,1.8996666666666666,1.46199229364134,4.561,3.8266666666666675,13.000000000000002,0.0943,8.387469502338652,19,野藕(2),水生根茎类,1.0,0.7696046465913354,0.7696046465913354,1.0,0.5922913120549743,0.5650979736780357,0.6451899617183579,0.5998947368421053,,0.5558675507684988,畅销,71,Erratic,2.4200812747287855e-05,利润品(量小但利厚),9.522394035432452e-05,7.102312760703667e-05
102900011030622,2021-12-29,2021-12-31,3,3,4.0,79.2,21.11,1.3333333333333333,1.3333333333333333,0.5773502691896257,1.3333333333333333,0.5773502691896257,2.0,14.51,19.8,0.0,5.2775,4,黑牛肝菌(盒),食用菌,1.0,0.4330127018922193,0.4330127018922193,1.0,0.18749999999999997,0.6978305207480379,0.266540404040404,1.0,,0.5558309373522887,畅销,72,Smooth,8.493003245231744e-06,问题品(量小且利薄),2.1026877045982743e-05,1.2533873800750999e-05
102900005115861,2020-07-10,2022-03-01,600,285,3836.5660000000003,15172.175299999999,4985.062787191165,6.394276666666667,13.4616350877193,9.67262902673856,13.4616350877193,9.67262902673856,65.999,2.449684210526316,3.9546238224495545,0.1217,1.2993554098094922,8022,牛首油菜,花叶类,0.475,1.5127010498563391,0.7185329986817611,2.1052631578947367,0.5162896701946037,0.39797810410322143,0.32856612111456196,0.4782555472450761,0.7439146213630604,0.5525416620722425,畅销,73,Lumpy,0.008145991872136443,引流品(量大但利薄),0.004965433552476204,-0.0031805583196602392
102900011013274,2020-08-07,2023-06-30,1058,698,2927.0,20492.9,7025.758824788612,2.7665406427221173,4.193409742120344,3.891441089304345,4.193409742120344,3.891441089304345,48.0,4.097277936962751,7.001332422275368,0.06570000000000001,2.4003275793606464,2921,白玉菇(袋),食用菌,0.6597353497164461,1.4066090442377852,0.9279897097145312,1.515759312320917,0.8611649013360599,0.41552241415959495,0.3428386819234277,1.0020540910647038,0.7642288341777644,0.5516211555478615,平销,74,Lumpy,0.006214755124698329,明星品(量大且利厚),0.006998094124280358,0.0007833389995820297
102900011032237,2022-02-07,2023-06-26,505,280,2307.0,9473.8,4361.146803577343,4.568316831683168,8.239285714285714,6.293584335578772,8.239285714285714,6.293584335578772,37.0,2.271642857142857,4.10654529692241,0.0943,1.8903974007704132,2307,青线椒(份),辣椒类,0.5544554455445545,1.3776593365701257,0.7638507212666044,1.8035714285714286,0.5834679243795117,0.42058169756250374,0.4603376473619185,1.0,0.7626391267480118,0.5513232092750046,平销,75,Lumpy,0.004898339621687409,明星品(量大且利厚),0.004343974306883063,-0.000554365314804346
102900005116233,2020-07-01,2023-03-16,989,755,3457.875,57285.8741,17482.616303082505,3.496334681496461,4.579966887417219,9.522219925273106,4.579966887417219,9.522219925273106,113.844,9.15543046357616,16.56678569930955,0.1176,5.055884409668511,12648,红椒(1),辣椒类,0.7633973710819009,2.7234863915251712,2.0791023514676485,1.309933774834437,4.322666587878306,0.26856550416728975,0.3051819768441397,0.2733930265654649,1.4862720504868996,0.5496851471176156,平销,76,Erratic,0.0073419358991514295,引流品(量大但利薄),0.017413776572572676,0.010071840673421246
102900005119975,2020-07-01,2023-06-30,1095,567,5159.433,30271.2539,10404.12271415156,4.71181095890411,9.0995291005291,7.906374703986696,9.0995291005291,7.906374703986696,55.159,4.559523809523809,5.867166779760489,0.0842,2.0165244347880007,13087,红薯尖,花叶类,0.5178082191780822,1.6779906437132592,0.8688773470186466,1.9312169312169312,0.7549478441621617,0.3734142993918067,0.34369645699253837,0.3942410789332926,0.8209669507143255,0.5441892383109718,平销,77,Lumpy,0.010954770303138938,明星品(量大且利厚),0.010363155333101899,-0.0005916149700370393
102900011032633,2022-03-13,2022-04-29,48,43,51.895,734.2768,259.57268163851154,1.0811458333333335,1.206860465116279,0.7906122576656696,1.206860465116279,0.7906122576656696,3.622,8.265581395348836,14.149278350515463,0.0943,5.0018822938339245,195,海鲜菇(2),食用菌,0.8958333333333334,0.7312725381626772,0.6550983154373984,1.1162790697674418,0.42915380288891714,0.5776098089450755,0.3535079436508297,0.2661282051282051,0.39757222681284843,0.5426733362925119,平销,78,Smooth,0.00011018610085282535,利润品(量小但利厚),0.000258550585566509,0.00014836448471368364
102900005116547,2020-07-01,2023-02-15,960,448,4697.47,37318.2425,14640.409342704774,4.893197916666667,10.485424107142858,7.15226444444453,10.485424107142858,7.15226444444453,71.46300000000001,4.496093749999999,7.944328010609966,0.034300000000000004,3.1166584018002825,11283,金针菇(1),食用菌,0.4666666666666667,1.4616748732119094,0.6821149408322243,2.142857142857143,0.4652807925065489,0.40622748799285346,0.3923124017082201,0.4163316493840291,0.5626395850393978,0.5422624725080073,平销,79,Intermittent,0.009973906988594692,明星品(量大且利厚),0.014582761115675524,0.004608854127080833
102900005119944,2020-07-01,2021-09-25,452,326,502.165,7739.507100000001,2681.5609785928314,1.1109845132743363,1.540383435582822,0.815632087252301,1.540383435582822,0.815632087252301,4.779,9.015092024539877,15.41227903179234,0.0989,5.339999758232516,2205,海鲜菇(1),食用菌,0.7212389380530974,0.7341525264366096,0.5294993885361388,1.3865030674846626,0.28036960246014486,0.5766505452982449,0.3464769712005085,0.2277392290249433,0.4053095324794313,0.5388830864462026,平销,80,Intermittent,0.0010662222436604498,明星品(量大且利厚),0.0026710020363892293,0.0016047797927287795
102900011006689,2020-07-02,2022-05-19,687,435,1543.478,8012.8222000000005,1402.4217703991133,2.246692867540029,3.548225287356322,2.5720329108996216,3.548225287356322,2.5720329108996216,15.1,3.182712643678161,5.191406809815236,0.2784,0.9086114414323452,4162,东门口小白菜,花叶类,0.6331877729257642,1.144808419548604,0.7248786936006444,1.5793103448275863,0.5254491204361769,0.4662421085657896,0.17502220009313488,0.37085007208073045,0.5986295251250611,0.5388019804537666,平销,81,Lumpy,0.0032771909157359507,引流品(量大但利薄),0.001396899579952231,-0.0018802913357837197
102900011021842,2020-12-18,2023-04-22,856,393,6052.0,64339.600000000006,13506.036103866658,7.070093457943925,15.399491094147583,16.483006083123083,15.399491094147583,16.483006083123083,131.0,7.357684478371501,10.631130204890946,0.11810000000000001,2.231664921326282,6004,洪湖莲藕(粉藕),水生根茎类,0.4591121495327103,2.331370325041864,1.0703604412867433,2.178117048346056,1.145671474271552,0.30017677484938077,0.2099179370693423,1.0079946702198535,0.8893634878801673,0.5359067121910347,平销,82,Lumpy,0.01284991391003563,引流品(量大但利薄),0.013452854596618097,0.0006029406865824677
102900011021675,2023-04-17,2023-04-19,3,3,2.388,61.6104,30.20236712328767,0.7959999999999999,0.7959999999999999,0.3928523895816341,0.7959999999999999,0.3928523895816341,1.165,12.003333333333332,25.8,0.0875,12.647557421812257,6,赤松茸,食用菌,1.0,0.4935331527407464,0.4935331527407464,1.0,0.2435749728542209,0.6695532658012473,0.4902154039462115,0.39799999999999996,,0.5343879854506878,平销,83,Smooth,5.070322937403351e-06,利润品(量小但利厚),3.0083441970582728e-05,2.5013119033179376e-05
102900011032244,2022-02-12,2023-03-14,396,246,953.0,5585.1,1917.616285745832,2.4065656565656566,3.8739837398373984,2.661205416558873,3.8739837398373984,2.661205416558873,16.0,3.4145934959349598,5.860545645330536,0.0943,2.0121891770680294,952,红尖椒(份),辣椒类,0.6212121212121212,1.105810435422155,0.6869428462470962,1.6097560975609757,0.4718904740100617,0.47487655259887074,0.3433450226040415,1.0010504201680672,0.5006627884866911,0.5339503565722115,平销,84,Intermittent,0.002023458023176463,明星品(量大且利厚),0.001910065460054558,-0.00011339256312190493
102900011032114,2022-02-13,2022-02-19,7,6,10.0,59.0,14.923595009385005,1.4285714285714286,1.6666666666666667,0.816496580927726,1.6666666666666667,0.816496580927726,3.0,4.0,5.9,0.0943,1.4923595009385004,10,荸荠(份),水生根茎类,0.8571428571428571,0.5715476066494082,0.4898979485566356,1.1666666666666667,0.24,0.6363154356691957,0.2529422882946611,1.0,,0.5329239109580449,平销,85,Smooth,2.123250811307936e-05,问题品(量小且利薄),1.4864831707549986e-05,-6.367676405529376e-06
102900011033920,2022-04-17,2023-06-22,432,223,1882.768,13235.569800000001,5342.645244407639,4.35825925925926,8.442905829596413,6.782230653349688,8.442905829596413,6.782230653349688,46.499,3.9996412556053813,7.0298463751242855,0.0943,2.8376545832559503,3393,黄心菜(2),花叶类,0.5162037037037037,1.5561787975189003,0.8033052589044325,1.937219730941704,0.6452993389835173,0.391208940849767,0.40365812164789755,0.5548977306218685,0.6328107739367747,0.5292620567261601,平销,86,Lumpy,0.00399758868350462,明星品(量大且利厚),0.005321607989316147,0.0013240193058115272
106972776821582,2023-05-13,2023-06-18,37,31,128.0,867.0,398.2023848956608,3.4594594594594597,4.129032258064516,7.69303553215015,4.129032258064516,7.69303553215015,41.0,3.2590322580645155,6.7734375,0.0943,3.11095613199735,92,鲜粽叶(袋)(3),花叶类,0.8378378378378378,2.2237680835121525,1.8631570429426145,1.1935483870967742,3.4713541666666674,0.31019601103269945,0.45928764117146575,1.391304347826087,1.260793400997959,0.5280915575812251,平销,87,Erratic,0.0002717761038474158,利润品(量小但利厚),0.00039663441907239016,0.00012485831522497437
106971533455008,2022-01-13,2023-04-24,467,240,1775.0,6437.0,2706.9696048632222,3.8008565310492504,7.395833333333333,5.420168377834081,7.395833333333333,5.420168377834081,30.0,1.9925,3.6264788732394364,0.013000000000000001,1.5250532985144913,1776,海鲜菇(袋)(3),食用菌,0.5139186295503212,1.4260386661681779,0.732867837002918,1.9458333333333333,0.5370952665133356,0.4121945845073675,0.4205327955356878,0.9994369369369369,0.6378811410240689,0.5260771045104545,平销,88,Lumpy,0.003768770190071587,明星品(量大且利厚),0.0026963106133904057,-0.001072459576681181
102900011009444,2020-07-05,2021-06-16,347,197,1167.218,10233.7446,3617.877050033685,3.363740634005764,5.9249644670050765,4.987004423105909,5.9249644670050765,4.987004423105909,34.276,5.382335025380709,8.76763775061728,0.1094,3.099572701957719,2409,大龙茄子,茄类,0.5677233429394812,1.4825769777520141,0.8416935579744864,1.7614213197969544,0.7084480455357501,0.4028072478564209,0.35352426618441163,0.48452386882523873,0.766068878023226,0.522767735912044,平销,89,Lumpy,0.002478296565473227,明星品(量大且利厚),0.0036036312599972077,0.0011253346945239808
102900011029176,2021-10-04,2022-01-04,93,73,119.64500000000001,1391.1059999999998,635.10506,1.2865053763440861,1.6389726027397262,1.2281077356445875,1.6389726027397262,1.2281077356445875,7.4,7.324383561643835,11.626946383049853,0.0,5.308245726942204,455,辣妹子,辣椒类,0.7849462365591398,0.9546075424375998,0.7493155978273632,1.273972602739726,0.5614738651473787,0.5116116551729333,0.4565468483350658,0.262956043956044,0.742692032005321,0.5224334804275405,平销,90,Erratic,0.000254036343318938,利润品(量小但利厚),0.0006326042637565842,0.0003785679204376462
102900011030561,2021-12-29,2022-01-05,8,5,5.0,84.0,22.000000000000007,0.625,1.0,0.0,1.0,0.0,1.0,12.4,16.8,0.0,4.400000000000001,5,赤松茸(盒),食用菌,0.625,0.0,0.0,1.6,0.0,1.0,0.261904761904762,1.0,,0.521845464913244,平销,91,Intermittent,1.061625405653968e-05,问题品(量小且利薄),2.191337257279112e-05,1.1297118516251438e-05
102900011030912,2022-02-08,2023-01-03,330,162,1301.0,8188.2,4081.498001545766,3.9424242424242424,8.030864197530864,5.383922280670504,8.030864197530864,5.383922280670504,37.0,2.8684567901234566,6.293774019984627,0.0943,3.137200616099743,1305,海鲜菇(份),食用菌,0.4909090909090909,1.3656374731908272,0.670403850475497,2.037037037037037,0.44944132273237253,0.42271903930029336,0.49846095619864755,0.9969348659003832,0.6064786233989404,0.5206231619874764,平销,92,Intermittent,0.002762349305511625,明星品(量大且利厚),0.004065426652862488,0.0013030773473508626
102900005119098,2020-09-18,2021-10-05,383,223,627.7180000000001,12956.7453,2944.7211312313693,1.6389503916449089,2.8148789237668166,1.3459348629369323,2.8163363228699554,1.3324596672154048,7.346,14.001785714285715,20.641028774067333,0.1278,4.691152924133718,2481,双孢菇,食用菌,0.5822454308093995,0.8212175730261758,0.47311809189663007,1.7174887892376682,0.22384072887990808,0.5490832148837537,0.22727321275902285,0.2530100765820234,0.5344875120835867,0.5184124372675216,平销,93,Intermittent,0.0013328027527725952,引流品(量大但利薄),0.0029331259668929047,0.0016003232141203094
102900011008522,2020-07-01,2022-10-21,843,340,4685.261,35620.064,12379.538240918624,5.557842230130487,13.780179411764706,11.15645402822692,13.780179411764706,11.15645402822692,71.582,4.3799117647058825,7.6025783835735075,0.0943,2.642230228138544,5888,甜白菜,花叶类,0.4033214709371293,2.007335502930422,0.8096015077062201,2.4794117647058824,0.6554546012801847,0.3325202655392374,0.3475439640119295,0.7957304687500001,0.695629081578099,0.5180234499262789,平销,94,Lumpy,0.009947984219439434,明星品(量大且利厚),0.012330792443289313,0.0023828082238498798
102900005122654,2020-10-26,2023-03-10,866,384,4962.454,30845.207499999997,7905.6080642067245,5.730316397228637,12.923057291666666,13.919004984989623,12.923057291666666,13.919004984989623,89.525,5.111380208333334,6.215716558783215,0.11380000000000001,1.5930844022346051,8732,枝江红菜苔,花叶类,0.44341801385681295,2.4290115972865474,1.0770674981039654,2.2552083333333335,1.1600743954719355,0.2916292265652651,0.25629939640401916,0.5683066880439761,0.9542856256207903,0.5179540918439353,平销,95,Lumpy,0.010536534481578312,引流品(量大但利薄),0.00787447886024654,-0.0026620556213317725
102900005116912,2020-07-01,2021-09-25,452,308,375.222,5661.9376,2010.0155694539062,0.8301371681415929,1.2182532467532468,0.5961459177090376,1.2182532467532468,0.5961459177090376,4.185,8.93224025974026,15.089567242858896,0.08990000000000001,5.356870251354948,1824,姬菇(1),食用菌,0.6814159292035398,0.718129413532482,0.48934482161062937,1.4675324675324675,0.23945835443713867,0.5820283339099558,0.3550048961072807,0.20571381578947368,0.5028339201393132,0.51638709067098,平销,96,Intermittent,0.0007966904159205863,明星品(量大且利厚),0.0020021009113888335,0.0012054104954682472
102900011010563,2020-09-24,2020-09-26,3,3,1.2149999999999999,92.09699999999998,-18.269753718632906,0.40499999999999997,0.40499999999999997,0.2224207724112116,0.40499999999999997,0.2224207724112116,0.584,80.0,75.8,0.1193,-15.03683433632338,7,鸡枞菌,食用菌,1.0,0.549187092373362,0.549187092373362,1.0,0.3016064624295077,0.6454998269240645,-0.19837512317049316,0.17357142857142854,,0.5155010911737467,平销,97,Smooth,2.5797497357391423e-06,问题品(量小且利薄),-1.8197814547706305e-05,-2.0777564283445448e-05
106930274220092,2020-12-10,2021-05-01,143,99,399.0,1882.1000000000004,554.4753797682009,2.7902097902097904,4.03030303030303,4.936966311778556,4.040404040404041,4.9361622536409016,30.0,2.8119999999999994,4.717042606516292,0.11130000000000001,1.3896626059353407,401,蟹味菇(袋),食用菌,0.6923076923076923,1.7693889287827906,1.221700157776123,1.4444444444444444,1.492551275510204,0.3610904880881151,0.29460463299941597,0.9950124688279302,1.0764296312414674,0.5149613113682288,平销,98,Lumpy,0.0008471770737118665,引流品(量大但利薄),0.0005522920717863832,-0.00029488500192548337
102900011026502,2021-06-05,2021-06-13,9,8,6.32,122.0292,35.11021280035932,0.7022222222222223,0.79,0.4194404435844089,0.79,0.4194404435844089,1.455,12.26,19.308417721518985,0.1094,5.555413417778373,44,鲜粽子叶,花叶类,0.8888888888888888,0.5973044291550126,0.5309372703600113,1.125,0.2818943850573397,0.6260547343057254,0.2877197654361359,0.14363636363636365,,0.5133816562632703,平销,99,Smooth,1.3418945127466157e-05,问题品(量小且利薄),3.49719624638297e-05,2.155301733636354e-05
102900011029275,2021-12-10,2021-12-11,2,2,1.754,28.064,2.8843709837694593,0.877,0.877,0.7891311678041871,0.877,0.7891311678041871,1.435,13.004999999999999,16.0,0.0943,1.6444532404614933,7,紫尖椒,辣椒类,1.0,0.899807488944341,0.899807488944341,1.0,0.8096535171603204,0.5263691220396579,0.10277832752884333,0.25057142857142856,,0.5102939768666799,平销,100,Erratic,3.7241819230341198e-06,问题品(量小且利薄),2.8730134547949177e-06,-8.511684682392021e-07
102900011035511,2022-09-10,2023-01-12,125,70,348.80000000000007,2552.8646,1036.6780260792757,2.7904000000000004,4.982857142857144,3.076864983099454,4.982857142857144,3.076864983099454,13.852,3.8872857142857153,7.3189925458715575,0.0943,2.9721273683465466,632,净藕(3),水生根茎类,0.56,1.1026609027736,0.6174901055532159,1.7857142857142858,0.38129403045612176,0.4755878604490669,0.40608421852035387,0.5518987341772152,0.5127682419737167,0.510106626320593,平销,101,Intermittent,0.0007405898829842083,明星品(量大且利厚),0.0010325959919773105,0.00029200610899310223
102900011022764,2021-01-30,2023-06-30,882,454,2496.4130000000005,26304.4744,9056.9684386681,2.8304002267573702,5.498707048458151,4.508605944034314,5.498707048458151,4.508605944034314,50.208,7.614889867841409,10.536908115764497,0.069,3.627992819564751,5905,长线茄,茄类,0.5147392290249433,1.5929217011120613,0.8199392883275236,1.9427312775330396,0.6723004365430459,0.38566532864109104,0.3443128458277844,0.42276257408975454,0.7076152756597974,0.5096681412922606,平销,102,Lumpy,0.00530051092760968,明星品(量大且利厚),0.009021305626206559,0.0037207946985968795
102900011031582,2022-01-08,2023-01-07,365,193,932.0,3243.5,1501.101854918847,2.5534246575342467,4.829015544041451,3.1847271541895275,4.829015544041451,3.1847271541895275,22.0,1.7572538860103626,3.4801502145922747,0.0943,1.6106243078528402,932,青尖椒(份),辣椒类,0.5287671232876713,1.2472375657501904,0.6594982196980459,1.8911917098445596,0.434937901784892,0.4449907812333015,0.46280310002122615,1.0,0.476846866869531,0.506698720017893,平销,103,Intermittent,0.0019788697561389963,明星品(量大且利厚),0.0014951911007520238,-0.00048367865538697253
102900011034354,2022-05-27,2022-06-09,14,7,200.0,1180.0,524.8000000000001,14.285714285714286,28.571428571428573,58.131624046518034,28.571428571428573,58.131624046518034,160.0,3.295714285714286,5.9,0.0,2.6240000000000006,41,鲜粽叶(袋)(1),花叶类,0.5,4.069213683256262,2.034606841628131,2.0,4.139624999999998,0.197269253672029,0.44474576271186445,4.878048780487805,1.2322679578572582,0.5052148759507342,平销,104,Lumpy,0.00042465016226158725,利润品(量小但利厚),0.0005227335421000353,9.808337983844802e-05
102900011035771,2022-10-14,2023-01-15,94,70,155.49600000000004,1169.1042000000002,450.9845466931655,1.6542127659574473,2.221371428571429,2.361775886552803,2.221371428571429,2.361775886552803,12.256,4.847571428571428,7.518548387096774,0.0943,2.900296770934078,445,黄白菜(1),花叶类,0.7446808510638298,1.427734046766241,1.0632062050386901,1.3428571428571427,1.1304074344327733,0.4119067330838842,0.3857522252449058,0.34942921348314615,0.6255219626877979,0.5028494943170136,平销,105,Lumpy,0.0003301570081551389,利润品(量小但利厚),0.00044920874528448385,0.00011905173712934493
102900011032626,2022-03-13,2022-05-01,50,41,28.535,357.7266,127.99338811968641,0.5707,0.6959756097560975,0.42266662322715276,0.6959756097560975,0.42266662322715276,1.963,7.241463414634147,12.53641492903452,0.0943,4.485487580854614,86,鲜木耳(2),食用菌,0.82,0.7406108695061376,0.607300912995033,1.2195121951219512,0.3688143989246006,0.5745109475753931,0.35779667522539954,0.33180232558139533,0.31105689518508206,0.5021517980382126,平销,106,Smooth,6.058696190067196e-05,利润品(量小但利厚),0.000127489400032752,6.690243813208005e-05
102900011032787,2022-03-13,2022-09-03,175,77,1076.0,2274.499999999999,725.4440211990724,6.148571428571429,13.974025974025974,14.123167826796843,13.987012987012987,14.112791423025747,59.0,2.0626923076923074,2.1138475836431216,0.0943,0.6742044806682829,1077,竹叶菜(份),花叶类,0.44,2.2969836149530183,1.0089925158523514,2.272727272727273,1.0180658970460577,0.3033075431326491,0.3189465909866224,0.9990714948932219,1.048806582610921,0.5006584125037002,平销,107,Lumpy,0.002284617872967339,引流品(量大但利薄),0.0007225875053290476,-0.0015620303676382916
102900011024010,2021-05-09,2021-05-18,10,7,21.0,388.19999999999993,27.416584583667355,2.1,3.0,2.0,3.0,2.0,7.0,15.0,18.485714285714284,0.12689999999999999,1.3055516468413026,19,鲜藕带(袋),水生根茎类,0.7,0.9523809523809523,0.6666666666666666,1.4285714285714286,0.4444444444444444,0.5121951219512195,0.07062489588786028,1.105263157894737,0.8081220356417687,0.49476854068811965,平销,108,Intermittent,4.458826703746666e-05,问题品(量小且利薄),2.7308628757061082e-05,-1.7279638280405575e-05
106957634300058,2022-01-13,2022-03-02,49,32,81.0,232.2,92.0,1.653061224489796,2.53125,1.5859132913693408,2.53125,1.5859132913693408,6.0,1.7274999999999998,2.8666666666666667,0.0,1.1358024691358024,81,蟹味菇(盒),食用菌,0.6530612244897959,0.9593796453962679,0.6265336459730729,1.53125,0.39254440953631187,0.5103656161528404,0.39621016365202416,1.0,0.44095855184409843,0.49325877500816845,平销,109,Intermittent,0.00017198331571594282,利润品(量小但利厚),9.163773984985373e-05,-8.034557586608908e-05
102900005116226,2020-07-01,2023-04-30,1034,617,1186.531,13361.2127,4823.548902830189,1.1475154738878142,1.923064829821718,1.4261913221404456,1.923064829821718,1.4261913221404456,12.215,6.731961102106969,11.260736297660998,0.0672,4.065253164755231,3551,青尖椒,辣椒类,0.5967117988394585,1.242851494898339,0.7416241512110977,1.6758508914100487,0.5500063816595812,0.44586099537781776,0.3610113102106509,0.33413996057448603,0.5655913403850993,0.4918206806708662,平销,110,Lumpy,0.0025193029083920167,明星品(量大且利厚),0.004804555646854351,0.002285252738462334
102900011034323,2022-05-22,2022-06-01,11,9,6.009,114.2742,19.92541000000001,0.5462727272727274,0.6676666666666667,0.3424222539497105,0.6676666666666667,0.3424222539497105,1.395,15.70111111111111,19.017174238642035,0.0,3.315927775004162,28,鲜粽叶,花叶类,0.8181818181818182,0.6268338814190073,0.5128640847973697,1.2222222222222223,0.2630295694750436,0.6146909106218941,0.1743649047641551,0.21460714285714286,1.014531185837656,0.49040441746006536,平销,111,Smooth,1.2758614125149389e-05,问题品(量小且利薄),1.9846951499800817e-05,7.088337374651428e-06
102900011009246,2020-08-07,2021-07-24,352,252,212.17100000000002,2907.348,1219.5558272166288,0.6027585227272728,0.8419484126984128,0.6010533593238147,0.8419484126984128,0.6010533593238147,5.429,7.350634920634921,13.702852887529398,0.07629999999999999,5.747985479715082,847,鲜木耳(1),食用菌,0.7159090909090909,0.9971710671203073,0.7138838321429473,1.3968253968253967,0.5096301257950997,0.5007082349945545,0.4194736327459351,0.25049704840613934,0.5457342369763504,0.48933972781390433,平销,112,Lumpy,0.00045049224788601617,利润品(量小但利厚),0.0012147536915962022,0.000764261443710186
102900011030929,2022-07-04,2023-06-26,358,182,741.0,1607.1,368.3123219609141,2.069832402234637,4.071428571428571,2.577067832031565,4.071428571428571,2.577067832031565,19.0,1.510879120879121,2.168825910931174,0.0943,0.49704766796344685,741,鲜木耳(份),食用菌,0.5083798882681564,1.245061111831714,0.6329640289200336,1.967032967032967,0.4006434619066811,0.44542217346774754,0.2291782228616229,1.0,0.5237636659604478,0.4876160608822916,平销,113,Intermittent,0.0015733288511791807,引流品(量大但利薄),0.00036686205155815024,-0.0012064667996210304
102900011030639,2022-01-02,2022-01-05,4,3,4.0,69.30000000000001,7.370000000000001,1.0,1.3333333333333333,0.5773502691896257,1.3333333333333333,0.5773502691896257,2.0,15.483333333333334,17.325000000000003,0.0,1.8425000000000002,4,黑皮鸡枞菌(盒),食用菌,0.75,0.5773502691896257,0.4330127018922193,1.3333333333333333,0.18749999999999997,0.6339745962155614,0.10634920634920635,1.0,,0.4875070080341314,平销,114,Intermittent,8.493003245231744e-06,问题品(量小且利薄),7.3409798118850235e-06,-1.1520234333467202e-06
102900011032213,2022-02-08,2023-01-28,355,192,707.0,3399.2000000000003,1368.085944573258,1.991549295774648,3.6822916666666665,2.7606242101503806,3.6822916666666665,2.7606242101503806,15.0,2.6540625,4.807920792079209,0.0943,1.9350579131163481,709,红杭椒(份),辣椒类,0.5408450704225352,1.3861691578548587,0.7497027557975574,1.8489583333333333,0.562054222050452,0.41908177243351413,0.40247291850237055,0.997179125528914,0.6864464955178889,0.4859934058054176,平销,115,Lumpy,0.0015011383235947109,明星品(量大且利厚),0.001362698955228757,-0.0001384393683659538
102900011027615,2021-07-18,2021-07-23,6,5,8.472,84.72,29.45066169617894,1.412,1.6944,1.7866066438922699,1.6944,1.7866066438922699,4.883,6.3,10.0,0.034300000000000004,3.4762348555452007,21,菊花油菜,花叶类,0.8333333333333334,1.2653021557310693,1.0544184631092244,1.2,1.1117982953456187,0.44144221443928094,0.34762348555452005,0.4034285714285714,,0.48540505350121255,平销,116,Erratic,1.7988180873400832e-05,利润品(量小但利厚),2.933469646652715e-05,1.1346515593126319e-05
102900005115793,2020-07-01,2023-02-20,965,478,1707.3029999999999,26916.7509,8541.789867644195,1.7692259067357512,3.5717635983263594,2.486447011007143,3.5717635983263594,2.486447011007143,11.493,9.878305439330545,15.765655481188753,0.0759,5.003089590801513,3970,小白菜,花叶类,0.49533678756476685,1.4053869556967293,0.6961398599202452,2.018828451882845,0.4846107045697786,0.41573352579786743,0.31734104533560903,0.4300511335012594,0.7403505965052796,0.48384655382867503,平销,117,Intermittent,0.0036250324798984728,引流品(量大但利薄),0.008508155627644514,0.004883123147746042
102900005125808,2020-07-01,2023-05-02,1036,585,1447.353,40930.507900000004,14456.629846037817,1.3970588803088804,2.4741076923076926,2.282531741521625,2.4741076923076926,2.282531741521625,30.453,16.683247863247864,28.279561309507773,0.058600000000000006,9.988323405580958,13335,小米椒,辣椒类,0.5646718146718147,1.6338121275296376,0.9225676588849787,1.7709401709401709,0.8511310852205104,0.3796778022044958,0.35319937591191763,0.10853790776152981,0.7587184330097927,0.47864980873495616,平销,118,Lumpy,0.0030730934314989753,明星品(量大且利厚),0.014399705271052658,0.011326611839553684
102900011030905,2022-08-29,2023-04-17,232,130,470.0,2190.2000000000003,1306.717610687866,2.0258620689655173,3.6153846153846154,3.216682810060183,3.6153846153846154,3.216682810060183,22.0,1.7596923076923077,4.66,0.0943,2.780250235506098,470,鱼腥草(份),花叶类,0.5603448275862069,1.587809387093537,0.8897207772506889,1.7846153846153847,0.7916030614715699,0.38642722489044545,0.5966202222116089,1.0,0.8526397734611046,0.4763445897000913,平销,119,Lumpy,0.00099792788131473,明星品(量大且利厚),0.0013015722659286645,0.0003036443846139345
102900005125815,2020-07-01,2023-05-22,1056,452,2404.977,24371.7466,9119.355025487099,2.2774403409090906,5.320745575221238,3.961888698219035,5.320745575221238,3.961888698219035,42.436,5.9659292035398215,10.133879284500434,0.050499999999999996,3.791867874614643,7581,杏鲍菇(1),食用菌,0.42803030303030304,1.739623483018466,0.7446115665950253,2.336283185840708,0.5544463851070978,0.3650136619862152,0.37417732816437127,0.3172374356944994,0.6877007303089533,0.4746915552495518,平销,120,Lumpy,0.005106369366426926,明星品(量大且利厚),0.00908344655895699,0.003977077192530065
102900011031926,2022-01-19,2023-06-30,528,245,1109.0,5935.4,2314.1457215413493,2.100378787878788,4.526530612244898,3.092214941087847,4.526530612244898,3.092214941087847,28.0,2.954408163265306,5.352028854824166,0.0943,2.0866958715431463,1109,虫草花(份),食用菌,0.4640151515151515,1.472217753737045,0.6831313440635911,2.1551020408163266,0.4666684332421285,0.40449511313814634,0.3898887558616689,1.0,0.5034777660296893,0.47465944426482054,平销,121,Intermittent,0.0023546851497405013,明星品(量大且利厚),0.0023050335174484592,-4.9651632292042024e-05
102900005116837,2020-07-07,2023-02-06,945,362,2542.9590000000003,19641.662200000002,6404.780604977377,2.690961904761905,7.024748618784531,4.907912310995573,7.024748618784531,4.907912310995573,45.035,4.718011049723757,7.723939788254549,0.11599999999999999,2.5186330589590225,6884,平菇,食用菌,0.38306878306878306,1.8238505354946013,0.6986602051312653,2.610497237569061,0.4881260822340616,0.35412639140436963,0.3260813947292799,0.3694013654851831,0.6904284456509279,0.4730391506544764,平销,122,Intermittent,0.005399339759872819,引流品(量大但利薄),0.006379561074720715,0.0009802213148478959
102900005116790,2020-07-01,2023-04-15,1019,447,2911.2989999999995,17937.9581,6542.368619247985,2.8570157016683018,6.512973154362415,7.298986026648832,6.512973154362415,7.298986026648832,68.96,3.318456375838926,6.161496328614822,0.10640000000000001,2.247233492419702,4806,黄心菜(1),花叶类,0.43866535819430813,2.5547588073760754,1.1206841873376896,2.279642058165548,1.2559330477487378,0.281313038151847,0.3647220370777868,0.6057634207240948,0.7737751735634476,0.47148371406598116,平销,123,Lumpy,0.006181417963709982,明星品(量大且利厚),0.006516607321005366,0.0003351893572953839
102900011033234,2022-03-28,2022-09-04,161,58,727.0,1421.7,544.7319090206469,4.515527950310559,12.53448275862069,9.27969962694721,12.53448275862069,9.27969962694721,35.0,1.6729310344827584,1.9555708390646493,0.0943,0.7492873576625129,726,红薯尖(份),花叶类,0.36024844720496896,2.0550641539731784,0.7403336703754307,2.7758620689655173,0.5480939434915569,0.3273253685031386,0.383155313371771,1.0013774104683195,0.9203991494549719,0.46983455629196763,平销,124,Lumpy,0.0015436033398208695,明星品(量大且利厚),0.0005425869670298722,-0.0010010163727909973
102900011035788,2022-10-13,2023-02-18,129,65,379.0,1848.5,812.848018107541,2.937984496124031,5.8307692307692305,5.737947234119399,5.8307692307692305,5.737947234119399,34.0,2.484153846153846,4.87730870712401,0.0943,2.144717725877417,379,西峡香菇(份),食用菌,0.5038759689922481,1.953021617945653,0.9840806602051739,1.9846153846153847,0.968414745789851,0.33863619349176194,0.43973384804303,1.0,0.534520634145116,0.46545337596241765,平销,125,Lumpy,0.0008047120574857078,明星品(量大且利厚),0.0008096473393566091,4.935281870901368e-06
102900011032220,2022-02-17,2022-08-02,167,85,283.0,2190.0,712.2479849839904,1.6946107784431137,3.3294117647058825,2.2005856108800503,3.3294117647058825,2.2005856108800503,9.0,4.5729411764705885,7.738515901060071,0.0943,2.516777332098906,283,水果辣椒(份),辣椒类,0.5089820359281437,1.2985787880458248,0.6609532753526652,1.964705882352941,0.43685923219941614,0.4350514349130345,0.32522739040364856,1.0,0.6997103129290966,0.4588381436379619,平销,126,Intermittent,0.0006008799796001459,引流品(量大但利薄),0.0007094434299624504,0.00010856345036230452
102900011032206,2022-02-08,2022-09-26,231,110,457.0,1423.1000000000006,525.462813293585,1.9783549783549783,4.154545454545454,3.1395271181242994,4.154545454545454,3.1395271181242994,13.0,1.8708181818181822,3.114004376367616,0.0943,1.1498092194607987,455,青杭椒(份),辣椒类,0.47619047619047616,1.5869382150693943,0.7556848643187593,2.1,0.5710596141604616,0.38655735733262386,0.3692381514254689,1.0043956043956044,0.7853772351733355,0.45428099930945337,平销,127,Lumpy,0.0009703256207677268,明星品(量大且利厚),0.0005233937454931501,-0.0004469318752745767
102900005118824,2020-07-01,2023-06-30,1095,544,1179.652,16257.7663,2597.450384805654,1.0773077625570777,2.1684779411764707,1.6250522608030924,2.1684779411764707,1.6250522608030924,10.501,8.41935661764706,13.781832523489978,0.2925,2.201878507225566,3559,高瓜(1),水生根茎类,0.4968036529680365,1.508438272964727,0.7493976442856726,2.0128676470588234,0.5615968292609155,0.3986544180806564,0.15976674389800116,0.33145602697386906,0.7356681279389242,0.45282564600631287,平销,128,Lumpy,0.0025046970660610296,引流品(量大但利薄),0.002587222637344815,8.252557128378543e-05
102900011011546,2020-07-14,2021-09-18,432,172,1266.0,5262.0,2012.414717141642,2.9305555555555554,7.3604651162790695,7.253009523695856,7.3604651162790695,7.253009523695856,57.0,2.307674418604651,4.156398104265403,0.0596,1.589585084630049,1256,海鲜菇(袋)(1),食用菌,0.39814814814814814,2.4749605957635152,0.985400977942881,2.511627906976744,0.9710150873307861,0.2877730473315715,0.3824429337023265,1.0079617834394905,1.0871589492054583,0.4525318555953477,平销,129,Lumpy,0.002688035527115847,明星品(量大且利厚),0.0020044906121678566,-0.0006835449149479905
102900011036686,2023-05-15,2023-06-30,47,25,27.0,96.9,32.507817157999334,0.574468085106383,1.08,0.2768874620972691,1.08,0.2768874620972691,2.0,2.1452,3.588888888888889,0.0943,1.2039932280740493,27,木耳菜(份),花叶类,0.5319148936170213,0.481989285873024,0.2563772797196936,1.88,0.06572930955647001,0.6747687109025966,0.33547798924663913,1.0,0.48337708519634304,0.4508886054686321,平销,130,Intermittent,5.732777190531427e-05,利润品(量小但利厚),3.237981404142777e-05,-2.4947957863886506e-05
102900011035764,2022-10-15,2023-02-08,117,63,186.83100000000002,1578.3292000000001,538.4527618858343,1.596846153846154,2.9655714285714287,2.3451574863843794,2.9655714285714287,2.3451574863843794,10.321,5.17047619047619,8.447897832800766,0.0943,2.8820311505362293,263,龙牙菜,花叶类,0.5384615384615384,1.4686183016039756,0.7907944700944484,1.8571428571428572,0.6253558939319593,0.40508490087359944,0.3411536464546397,0.710384030418251,0.6922345151577317,0.4488309483543896,平销,131,Lumpy,0.00039668907232747304,利润品(量小但利厚),0.0005363325447296666,0.00013964347240219354
102900011031599,2022-01-06,2022-02-16,42,19,102.0,311.40000000000003,149.13876559567188,2.4285714285714284,5.368421052631579,3.0038961055378555,5.368421052631579,3.0038961055378555,9.0,1.545263157894737,3.0529411764705885,0.0943,1.4621447607418812,102,杏鲍菇(份),食用菌,0.4523809523809524,1.2368983963979405,0.5595492745609731,2.210526315789474,0.3130953906617113,0.44704757337673096,0.4789298830946431,1.0,1.3304254586107023,0.44873956127727216,平销,132,Intermittent,0.00021657158275340948,利润品(量小但利厚),0.00014855151525200542,-6.802006750140406e-05
106931885000356,2022-04-25,2022-04-30,6,2,2.0,25.6,7.860528038402794,0.3333333333333333,1.0,0.0,1.0,0.0,1.0,8.129999999999999,12.8,0.0834,3.930264019201397,2,绣球菌(袋),食用菌,0.3333333333333333,0.0,0.0,3.0,0.0,1.0,0.3070518765001091,1.0,,0.4480999468702973,平销,133,Intermittent,4.246501622615872e-06,问题品(量小且利薄),7.829576342017787e-06,3.5830747194019154e-06
102900011032589,2022-03-13,2022-04-27,46,31,28.600999999999996,332.9484000000001,174.59680454896767,0.6217608695652173,0.9226129032258064,0.6576339750661384,0.9226129032258064,0.6576339750661384,2.684,4.987096774193548,11.641145414496002,0.0943,6.104569929337005,106,鱼腥草,花叶类,0.6739130434782609,1.0576959845125127,0.7127951199975627,1.4838709677419355,0.5080768830923399,0.4859804400293415,0.5243959861316877,0.2698207547169811,0.6545730566211551,0.44665119977748663,平销,134,Lumpy,6.072709645421827e-05,利润品(量小但利厚),0.0001739093103681963,0.00011318221391397802
102900005116943,2020-07-01,2023-03-01,974,588,658.56,15118.5445,5062.528879513387,0.6761396303901437,1.1199999999999999,1.2739692095370205,1.1199999999999999,1.2739692095370205,18.426,13.648979591836733,22.95697354834791,0.0999,7.687270528901524,4310,红杭椒,辣椒类,0.6036960985626283,1.8841806518602073,1.137472508515197,1.6564625850340136,1.293843707627855,0.34671891975803626,0.33485557287035056,0.1527981438515081,0.7868162562055001,0.4444028061013442,平销,135,Lumpy,0.0013982880542949543,明星品(量大且利厚),0.005042594613513254,0.0036443065592183
102900011032640,2022-03-13,2022-04-29,48,33,16.953,243.6166,73.80657460527769,0.3531875,0.5137272727272727,0.3138203380048121,0.5137272727272727,0.3138203380048121,1.349,9.120606060606061,14.37011738335398,0.0943,4.353599634594331,75,姬菇(2),食用菌,0.6875,0.8885374992173056,0.6108695307118976,1.4545454545454546,0.37316158355217405,0.5295102694092358,0.3029620091786754,0.22604,0.4721427169928769,0.443459467214545,平销,136,Intermittent,3.599547100410344e-05,问题品(量小且利薄),7.351595307486151e-05,3.752048207075807e-05
102900005115946,2020-07-01,2023-06-30,1095,421,1566.6399999999999,11099.500600000001,4439.192990951401,1.4307214611872145,3.721235154394299,2.2723017938182855,3.721235154394299,2.2723017938182855,16.849,3.9806888361045134,7.084908211203596,0.0761,2.833575672108079,3868,木耳菜,花叶类,0.38447488584474887,1.5882209468869828,0.6106310672506117,2.6009501187648456,0.37287030029162105,0.3863657780850446,0.3999452904170662,0.4050258531540848,0.5897205242931673,0.44160929721052083,平销,137,Intermittent,0.0033263696510274646,明星品(量大且利厚),0.00442171317878368,0.0010953435277562158
102900011001813,2020-07-05,2021-09-28,451,123,2149.0,6268.6,2043.0925946242453,4.764966740576496,17.471544715447155,31.494814874638305,17.471544715447155,31.494814874638305,279.0,1.8500813008130081,2.916984644020475,0.0885,0.9507178197413891,1988,金针菇(袋)(1),食用菌,0.2727272727272727,6.609661009056247,1.8026348206517038,3.6666666666666665,3.2494922966260003,0.13141189848140428,0.32592486274834015,1.0809859154929577,1.3237029399510702,0.4414333250928126,平销,138,Lumpy,0.004562865993500755,引流品(量大但利薄),0.002035047692123253,-0.0025278183013775018
102900011028407,2021-09-03,2021-10-04,32,20,33.907000000000004,429.54800000000006,144.4559606933863,1.0595937500000001,1.6953500000000001,1.3262687778322428,1.6953500000000001,1.3262687778322428,4.609,7.517,12.66841655115463,0.0943,4.26035805861286,121,余干椒,辣椒类,0.625,1.2516766712074725,0.7822979195046703,1.6,0.6119900348613356,0.4441134967498443,0.33629759815756627,0.2802231404958678,0.9479610535331287,0.43957799291455213,平销,139,Lumpy,7.19930652590182e-05,利润品(量小但利厚),0.00014388714941066555,7.189408415164735e-05
102900011031995,2022-01-25,2022-11-05,285,100,682.0,2184.4,633.3455669647784,2.3929824561403508,6.82,4.409310626619563,6.82,4.409310626619563,21.0,2.0657,3.2029325513196483,0.0943,0.9286591890979156,684,姬菇(份),食用菌,0.3508771929824561,1.8426004817984978,0.6465264848415782,2.85,0.4179964956016074,0.35179055460066105,0.2899402888503838,0.9970760233918129,0.5645100406271394,0.43788680385907947,平销,140,Intermittent,0.0014480570533120123,引流品(量大但利薄),0.0006308516989193097,-0.0008172053543927027
102900011032343,2022-03-05,2023-06-29,482,258,370.033,8980.4066,3711.6192752787897,0.7677033195020747,1.4342364341085272,1.0552154860934875,1.4342364341085272,1.0552154860934875,5.841,12.87046511627907,24.269204638505215,0.0943,10.030508833749394,1058,七彩椒(2),辣椒类,0.5352697095435685,1.3745094742821882,0.7357332870639098,1.8682170542635659,0.5413034696938656,0.42113961255189303,0.4133019183428498,0.34974763705103973,0.7892184417294082,0.43660147295210705,平销,141,Lumpy,0.0007856728674607096,明星品(量大且利厚),0.003697004364888048,0.0029113314974273385
102900011033999,2022-09-06,2022-09-09,4,3,4.981000000000001,25.9012,-8.141827492547208,1.2452500000000002,1.6603333333333337,2.271375427650245,1.6603333333333337,2.271375427650245,4.283,6.19,5.199999999999999,0.0943,-1.6345768906940787,12,圆茄子(1),茄类,0.75,1.824031662437458,1.3680237468280934,1.3333333333333333,1.8714889718855752,0.3541036785461843,-0.31434170974886133,0.4150833333333334,,0.43631383257994066,平销,142,Lumpy,1.0575912291124832e-05,问题品(量小且利薄),-8.109768148526391e-06,-1.8685680439651223e-05
102900005115625,2022-09-28,2022-12-19,83,47,121.01999999999998,554.5,178.00782408335002,1.4580722891566262,2.574893617021276,2.523682172110414,2.574893617021276,2.523682172110414,12.853,3.1136170212765957,4.581887291356801,0.0018,1.470895918718807,306,本地小毛白菜,花叶类,0.5662650602409639,1.730834740416166,0.9801112385489131,1.7659574468085106,0.9606180399298845,0.36618839844098544,0.3210240290051398,0.39549019607843133,0.613869670887771,0.43544214072647597,平销,143,Lumpy,0.0002569558131844864,问题品(量小且利薄),0.00017730689863683214,-7.964891454765425e-05
102900011033968,2022-04-16,2022-04-29,14,10,9.239999999999998,178.0668,49.50459397151375,0.6599999999999999,0.9239999999999998,0.8457705231194674,0.9239999999999998,0.8457705231194674,2.509,12.603,19.271298701298704,0.0943,5.357640040207117,44,西峡花菇(2),食用菌,0.7142857142857143,1.281470489574951,0.9153360639821078,1.4,0.8378401100262572,0.4383138000554655,0.2780113641145556,0.20999999999999996,0.7720207902669214,0.4348641680571599,平销,144,Lumpy,1.9618837496485327e-05,问题品(量小且利薄),4.930966417102407e-05,2.9690826674538745e-05
102900011033937,2022-04-17,2022-12-16,244,89,473.31500000000005,5685.5638,1422.3286338301862,1.939815573770492,5.318146067415731,3.007957123691645,5.318146067415731,3.007957123691645,14.415,7.990224719101124,12.01221976907556,0.0943,3.005036041178044,1148,金针菇(2),食用菌,0.36475409836065575,1.5506407744963953,0.5656025775827015,2.741573033707865,0.31990627576819586,0.3920583447104355,0.25016492363170495,0.4122952961672474,0.6259483164722925,0.43220149509280315,平销,145,Intermittent,0.001004966457754216,引流品(量大但利薄),0.001416728057912266,0.00041176160015805006
102900005115250,2020-09-18,2023-06-30,1016,297,2810.7160000000003,60116.3443,16236.827932286998,2.766452755905512,9.463690235690237,11.27387771568933,9.463690235690237,11.27387771568933,125.417,13.820202020202021,21.38826701096802,0.10800000000000001,5.776758638114629,11407,西峡花菇(1),食用菌,0.29232283464566927,4.075210643530103,1.191277127094922,3.420875420875421,1.419141193539531,0.19703615677012412,0.2700900748598414,0.24640273516261949,1.094313732367222,0.4303716163551413,平销,146,Lumpy,0.005967855027356197,引流品(量大但利薄),0.016172893630932116,0.010205038603575918
102900011030417,2023-01-11,2023-01-23,13,3,3.0,48.8,-374.2,0.23076923076923078,1.0,0.0,1.0,0.0,1.0,141.0,16.266666666666666,0.0,-124.73333333333333,3,洪山菜薹莲藕拼装礼盒,花叶类,0.23076923076923078,0.0,0.0,4.333333333333333,0.0,1.0,-7.668032786885246,1.0,,0.42991146297616484,平销,147,Intermittent,6.369752433923808e-06,问题品(量小且利薄),-0.00037272654621538334,-0.00037909629864930715
102900011012482,2022-11-01,2023-02-03,95,48,90.0,771.0,217.1623903143397,0.9473684210526315,1.875,0.9812063786211382,1.875,0.9812063786211382,4.0,5.558958333333333,8.566666666666666,0.09970000000000001,2.4129154479371078,90,茶树菇(袋),食用菌,0.5052631578947369,1.0357178441000905,0.5233100685979404,1.9791666666666667,0.27385342789598105,0.4912272115205927,0.28166328186036277,1.0,0.3356931725426434,0.4292205900063731,平销,148,Intermittent,0.00019109257301771424,问题品(量小且利薄),0.00021630728944345496,2.521471642574072e-05
102900011034538,2023-01-31,2023-02-13,14,3,3.0,18.7,10.47431820691178,0.21428571428571427,1.0,0.0,1.0,0.0,1.0,2.4833333333333334,6.233333333333333,0.0943,3.491439402303927,3,花菇(一人份),食用菌,0.21428571428571427,0.0,0.0,4.666666666666667,0.0,1.0,0.5601239682840524,1.0,0.0,0.4267561921294835,平销,149,Intermittent,6.369752433923808e-06,利润品(量小但利厚),1.0433074423364872e-05,4.063321989441064e-06
102900051000463,2020-08-27,2023-06-30,1038,501,1047.6889999999999,7804.088599999999,2829.905461399936,1.00933429672447,2.091195608782435,2.209836750002289,2.091195608782435,2.209836750002289,18.819,5.166167664670659,7.4488599193081155,0.06709999999999999,2.701093035624061,1773,圆茄子(2),茄类,0.48265895953757226,2.18940023852725,1.056733641138875,2.07185628742515,1.1166859883146247,0.3135385731524758,0.3626183154045607,0.5909131415679638,1.2144734945205007,0.42473080153510107,平销,150,Lumpy,0.0022245065192484,明星品(量大且利厚),0.002818762396428779,0.0005942558771803788
102900011027462,2021-07-21,2021-07-30,10,4,16.829,168.29000000000002,65.37210195373906,1.6829,4.20725,1.274150010791508,4.20725,1.274150010791508,5.0809999999999995,5.4575,10.0,0.1094,3.884491173197401,41,奶白菜苗,花叶类,0.4,0.7571156995611789,0.30284627982447154,2.5,0.09171586920352212,0.5691144870253788,0.3884491173197401,0.4104634146341464,,0.4234564329724143,平销,151,Intermittent,3.573218790350126e-05,利润品(量小但利厚),6.511469208994408e-05,2.9382504186442824e-05
102900011001561,2020-07-23,2022-09-18,788,86,2095.0,4523.0,1275.1006489809859,2.6586294416243654,24.36046511627907,18.60228498975181,24.36046511627907,18.60228498975181,80.0,1.411046511627907,2.1589498806682577,0.1217,0.6086399279145517,494,莲蓬(个),水生根茎类,0.10913705583756345,6.99694538039352,0.7636260186723893,9.162790697674419,0.5831246963934443,0.12504774666233762,0.281914801897189,4.2408906882591095,0.8558688500724738,0.4228569086150283,平销,152,Lumpy,0.0044482104496901265,引流品(量大但利薄),0.001270079799496731,-0.003178130650193395
102900011032282,2022-01-24,2022-02-05,13,7,41.0,152.7,50.19999999999998,3.1538461538461537,5.857142857142857,8.970852271450605,5.857142857142857,8.970852271450605,26.0,2.5,3.724390243902439,0.0,1.2243902439024386,41,襄甜红菜苔(袋),花叶类,0.5384615384615384,2.8444165738745824,1.5316089243940059,1.8571428571428572,2.3458258972833637,0.26011749267643836,0.32874918140144066,1.0,0.6553672606119221,0.42187946012477173,平销,153,Lumpy,8.705328326362539e-05,问题品(量小且利薄),5.000233196155061e-05,-3.705095130207478e-05
102900011001806,2020-07-16,2023-01-15,914,359,1071.0,6612.100000000001,1898.8663850194116,1.1717724288840263,2.9832869080779942,2.1245438034460675,2.9832869080779942,2.1245438034460675,15.0,3.802590529247911,6.173762838468722,0.1242,1.772984486479376,1075,姬菇(包),食用菌,0.3927789934354486,1.8131027416897345,0.7121486698759462,2.5459610027855155,0.5071557280060793,0.3554793734264161,0.2871805303941881,0.9962790697674418,0.7016015899785376,0.4199187659154144,平销,154,Lumpy,0.0022740016189107997,引流品(量大但利薄),0.001891389389130881,-0.0003826122297799187
102900011034217,2022-04-18,2022-09-18,154,47,341.0,2800.600000000001,540.0501490559786,2.2142857142857144,7.25531914893617,3.7675276468584458,7.25531914893617,3.7675276468584458,15.0,5.884468085106384,8.212903225806453,0.0943,1.5837247772902598,343,小白菜(份),花叶类,0.3051948051948052,1.7014640985812335,0.5192780041124544,3.276595744680851,0.2696496455550142,0.37016964264866015,0.19283373172033796,0.9941690962099126,0.557610965245654,0.41938568789317665,平销,155,Intermittent,0.0007240285266560062,引流品(量大但利薄),0.0005379236420115925,-0.0001861048846444137
102900011033913,2022-04-21,2022-04-23,3,2,0.615,9.024,2.3545399138787673,0.205,0.3075,0.14212846301849605,0.3075,0.14212846301849605,0.408,10.425,14.673170731707316,0.0943,3.828520185168727,2,紫白菜(2),花菜类,0.6666666666666666,0.6933095756999808,0.46220638379998713,1.5,0.213634741225461,0.5905594667098127,0.2609197599599698,0.3075,,0.4182872335794205,平销,156,Intermittent,1.3057992489543807e-06,问题品(量小且利薄),2.345268653196951e-06,1.0394694042425705e-06
106971533450003,2021-10-11,2023-06-30,628,119,1303.0,4177.799999999999,1239.8999999999999,2.0748407643312103,10.949579831932773,6.029375462353499,10.949579831932773,6.029375462353499,25.0,2.329915966386554,3.206293169608595,0.0,0.9515732924021488,1300,海鲜菇(包),食用菌,0.18949044585987262,2.9059461169286243,0.5506490253415706,5.277310924369748,0.30321434910962164,0.2560199168303769,0.29678299583512857,1.0023076923076923,0.5296853352106013,0.4106393147343488,平销,157,Intermittent,0.0027665958071342407,引流品(量大但利薄),0.0012350177569547135,-0.0015315780501795272
102900011009277,2020-12-02,2023-02-09,800,213,1671.424,10670.215400000001,2931.0309765340535,2.08928,7.8470610328638495,8.085473597932356,7.8470610328638495,8.085473597932356,63.326,4.200328638497653,6.383907015814061,0.11019999999999999,1.7536130727655301,2842,荸荠,水生根茎类,0.26625,3.869980853658847,1.030382402286668,3.755868544600939,1.0616878949420452,0.20533961632491712,0.2746927654838208,0.5881154116819142,0.7170404831738728,0.4060217948890312,平销,158,Lumpy,0.003548852364039556,引流品(量大但利薄),0.0029194897186901126,-0.0006293626453494432
102900011022849,2021-02-05,2023-01-10,705,115,1375.1219999999998,4138.3678,1551.173407376434,1.9505276595744678,11.95758260869565,7.358073266329803,11.95758260869565,7.358073266329803,35.351,2.0059130434782606,3.0094550156277045,0.0673,1.128026027782578,2341,本地黄心油菜,花叶类,0.16312056737588654,3.7723501280341027,0.615347893225421,6.130434782608695,0.3786530296969642,0.20954036756978994,0.3748273431318584,0.5874079453225117,0.6289943691784304,0.40193308571431974,平销,159,Intermittent,0.0029197289021473914,明星品(量大且利厚),0.0015450654909475309,-0.0013746634111998605
102900011033081,2022-03-24,2022-05-01,39,22,24.996000000000002,183.711,30.622089192616603,0.6409230769230769,1.1361818181818182,0.8666721045450446,1.1361818181818182,0.8666721045450446,4.021,4.301818181818181,7.349615938550168,0.2903,1.225079580437534,40,春菜,花叶类,0.5641025641025641,1.35222483906452,0.7627934989594728,1.7727272727272727,0.5818539220548352,0.42512942784742475,0.16668620383437355,0.6249,0.575679664827511,0.3981447718689831,滞销,160,Lumpy,5.307277727945317e-05,问题品(量小且利薄),3.0501511337956716e-05,-2.2571265941496456e-05
102900011034200,2022-04-16,2022-10-27,195,56,426.0,1171.2,462.64308269846526,2.1846153846153844,7.607142857142857,6.0352858527724536,7.607142857142857,6.0352858527724536,25.0,1.4437499999999999,2.749295774647887,0.0943,1.0860166260527353,425,苋菜(份),花叶类,0.28717948717948716,2.762630848100067,0.793370910223609,3.482142857142857,0.6294374011890378,0.2657714881875664,0.395016293287624,1.0023529411764707,1.0513321828545616,0.3968791025646305,滞销,161,Lumpy,0.0009045048456171808,明星品(量大且利厚),0.00046082137451800356,-0.0004436834710991772
102900011008577,2020-11-12,2022-03-09,483,3,3.0,24.5,9.33474525712922,0.006211180124223602,1.0,0.0,1.0,0.0,1.0,4.236666666666666,8.166666666666666,0.16190000000000002,3.111581752376407,3,猴头菇,食用菌,0.006211180124223602,0.0,0.0,161.0,0.0,1.0,0.3810100104950702,1.0,0.0,0.3936190993928705,滞销,162,Intermittent,6.369752433923808e-06,利润品(量小但利厚),9.297988667798518e-06,2.9282362338747096e-06
102900011032367,2022-02-21,2023-02-17,362,182,214.81,3987.5683999999997,1567.7290602627804,0.5933977900552486,1.1802747252747252,1.2072324778603136,1.1802747252747252,1.2072324778603136,9.534,10.377472527472527,18.56323448629021,0.0943,7.298212654265539,650,红灯笼椒(2),辣椒类,0.5027624309392266,2.0344404682530306,1.022840235420032,1.989010989010989,1.0462021471941068,0.3295500473521281,0.3931541488448902,0.33047692307692306,0.9165045701892125,0.38873366433123024,滞销,163,Lumpy,0.00045609550677705777,利润品(量小但利厚),0.0015615559541240908,0.001105460447347033
102900011012994,2020-08-07,2023-02-11,919,327,1343.0,7085.200000000001,2384.1107480271203,1.4613710554951034,4.107033639143731,7.625685893445304,4.107033639143731,7.625685893445304,111.0,2.9742201834862385,5.275651526433359,0.1003,1.7752127684490844,1340,杏鲍菇(袋),食用菌,0.3558215451577802,5.218172253221321,1.8567381140406658,2.8103975535168195,3.4474764241312883,0.16081896082598074,0.3364916654472873,1.0022388059701492,1.0335803630407316,0.38565446161468203,滞销,164,Lumpy,0.002851525839586558,明星品(量大且利厚),0.0023747230489233636,-0.00047680279066319433
102900011036242,2023-02-28,2023-04-18,50,24,45.0,249.3,98.1241139450149,0.9,1.875,1.3929168644626095,1.875,1.3929168644626095,6.0,3.2254166666666664,5.54,0.0943,2.1805358654447753,45,青红尖椒组合装(份),辣椒类,0.48,1.547685404958455,0.7428889943800584,2.0833333333333335,0.5518840579710145,0.3925131407723031,0.39359853166873204,1.0,0.8102700899698698,0.3832080155580651,滞销,165,Lumpy,9.554628650885712e-05,利润品(量小但利厚),9.773773942055087e-05,2.1914529116937514e-06
102900005115885,2020-09-13,2023-04-23,953,303,939.575,13243.1145,4662.479626092636,0.9859129066107031,3.100907590759076,2.6553185447726815,3.100907590759076,2.6553185447726815,18.8,9.833597359735974,14.09479232631775,0.004699999999999999,4.962328314496061,2479,蔡甸藜蒿,花叶类,0.3179433368310598,2.6932587320526467,0.8563036682182076,3.145214521452145,0.7332559722039581,0.27076359187113275,0.35206821069867184,0.37901371520774507,0.7486803637915135,0.3766524302058784,滞销,166,Lumpy,0.001994953381034654,明星品(量大且利厚),0.004644120598164351,0.002649167217129697
102900011030615,2021-12-29,2022-01-11,14,6,7.0,79.4,6.510000000000003,0.5,1.1666666666666667,0.408248290463863,1.1666666666666667,0.408248290463863,2.0,10.418333333333335,11.342857142857143,0.0,0.9300000000000005,7,猪肚菇(盒),食用菌,0.42857142857142855,0.816496580927726,0.34992710611188255,2.3333333333333335,0.1224489795918367,0.5505102572168219,0.0819899244332494,1.0,0.7071067811865476,0.36972986608662606,滞销,167,Intermittent,1.4862755679155553e-05,问题品(量小且利薄),6.484366156766828e-06,-8.378389522388726e-06
102900011032732,2022-03-15,2023-06-30,473,159,449.68399999999997,8966.074700000001,2181.889318527106,0.950706131078224,2.828201257861635,2.3987638899535826,2.828201257861635,2.3987638899535826,11.046,12.13572327044025,19.938611780717128,0.0943,4.8520501474971445,1926,高瓜(2),水生根茎类,0.3361522198731501,2.523139182065728,0.8481588371003186,2.9748427672955975,0.7193734129513648,0.28383777884519124,0.24334944683509113,0.23348078920041535,1.0745285319756157,0.36582573920754163,滞销,168,Lumpy,0.0009547919178321979,引流品(量大但利薄),0.002173297888612626,0.0012185059707804282
102900051009220,2021-02-25,2021-04-09,44,18,40.726,380.87899999999996,71.17311632607235,0.925590909090909,2.2625555555555557,1.4550349590391787,2.2625555555555557,1.4550349590391787,4.872,6.693888888888889,9.352231989392525,0.1094,1.7476088082814996,100,油菜苔,花叶类,0.4090909090909091,1.5720065363090867,0.6430935830355354,2.4444444444444446,0.4135693565414831,0.3888015002617499,0.18686542530848999,0.40726,0.8365520759036111,0.36210994908975436,滞销,169,Intermittent,8.6471512541327e-05,问题品(量小且利薄),7.089286432817386e-05,-1.5578648213153136e-05
102900011032619,2022-03-15,2022-12-17,278,69,413.84100000000007,9001.053999999998,2794.2997436237174,1.4886366906474822,5.997695652173914,5.8152570028289725,5.997695652173914,5.8152570028289725,35.755,13.308695652173913,21.750029600740373,0.0943,6.7521094904171335,1881,西峡香菇(2),食用菌,0.24820143884892087,3.9064313269745004,0.9695818761195701,4.028985507246377,0.9400890144995454,0.20381412341434718,0.31044139315503694,0.2200111642743222,0.7740915355072078,0.3593439549470419,滞销,170,Lumpy,0.0008786882390024877,引流品(量大但利薄),0.0027832968800946003,0.0019046086410921125
102900005115168,2020-10-30,2023-05-30,943,102,899.8369999999999,3506.0886,1410.5803477251332,0.9542279957582184,8.821931372549018,5.002378033030156,8.821931372549018,5.002378033030156,27.251,2.3068627450980395,3.8963596740298527,0.043899999999999995,1.5675954064181994,2087,牛首生菜,花叶类,0.10816542948038176,5.242329983260787,0.5670388741172856,9.245098039215685,0.3215330847601989,0.1601965936888253,0.40232307527115346,0.4311629132726401,0.6939405504383762,0.3577458954468119,滞销,171,Intermittent,0.001910579640294899,明星品(量大且利厚),0.0014050260319799128,-0.0005055536083149862
102900011029688,2021-11-05,2021-11-08,4,2,2.8859999999999997,17.316,6.321714285714287,0.7214999999999999,1.4429999999999998,1.0196479784710013,1.4429999999999998,1.0196479784710013,2.1639999999999997,3.4,6.0,0.1075,2.190476190476191,4,双沟白菜,花叶类,0.5,1.4132335113943193,0.7066167556971596,2.0,0.4993072394319794,0.41438178082576826,0.36507936507936517,0.7214999999999999,,0.35416694917574787,滞销,172,Lumpy,6.127701841434703e-06,利润品(量小但利厚),6.296821838254237e-06,1.6911999681953392e-07
102900011031735,2022-01-19,2022-02-12,25,10,18.0,91.0,22.820691178094293,0.72,1.8,0.9189365834726815,1.8,0.9189365834726815,4.0,3.345,5.055555555555555,0.0943,1.267816176560794,18,七彩椒(份),辣椒类,0.4,1.2763008103787243,0.5105203241514897,2.5,0.26063100137174217,0.43930924921720826,0.2507768261329043,1.0,0.7071067811865475,0.35207541641871964,滞销,173,Intermittent,3.821851460354285e-05,问题品(量小且利薄),2.2730832188826707e-05,-1.5487682414716142e-05
106971563780002,2022-05-18,2022-05-26,9,4,8.0,39.199999999999996,15.850000000000003,0.8888888888888888,2.0,1.4142135623730951,2.0,1.4142135623730951,4.0,2.935,4.8999999999999995,0.0,1.9812500000000004,8,鲜粽叶(袋)(2),花叶类,0.4444444444444444,1.5909902576697321,0.7071067811865476,2.25,0.5000000000000001,0.3859528213353351,0.40433673469387765,1.0,,0.3464688554189651,滞销,174,Lumpy,1.6986006490463487e-05,利润品(量小但利厚),1.5787588876306326e-05,-1.198417614157161e-06
102900005118572,2020-10-06,2022-11-06,762,61,596.697,1487.5732,395.10574175661856,0.7830669291338582,9.781918032786885,5.662082797861232,9.781918032786885,5.662082797861232,27.89,1.6893442622950816,2.493012701588914,0.1199,0.6621547313906699,1252,本地上海青,花叶类,0.08005249343832022,7.230649880877999,0.5788315521437768,12.491803278688524,0.33504596575717377,0.12149708886576109,0.2656042349758779,0.4765950479233227,0.9508752896531029,0.34559812884262187,滞销,175,Intermittent,0.0012669373893550117,引流品(量大但利薄),0.00039354996930735333,-0.0008733874200476583
102900011006948,2020-07-01,2023-06-27,1092,269,732.615,11699.693,1892.6818542795227,0.6708928571428572,2.7234758364312266,1.897267374186556,2.7234758364312266,1.897267374186556,11.003,9.398401486988845,15.96976993373054,0.2616,2.583460418199904,1588,外地茼蒿,花叶类,0.24633699633699635,2.827973727826647,0.6966345538327547,4.059479553903346,0.4852997015937613,0.2612348127498136,0.16177192463763987,0.46134445843828714,0.7404357301327168,0.343616976739721,滞销,176,Intermittent,0.0015555253931263636,引流品(量大但利薄),0.0018852292106631052,0.00032970381753674163
102900005115748,2020-11-23,2023-03-16,844,92,718.676,2877.1295999999998,1033.4782406489805,0.8515118483412323,7.811695652173913,5.749158387980868,7.811695652173913,5.749158387980868,23.17,2.646413043478261,4.00337509531416,0.08779999999999999,1.4380308242504,1305,白菜苔,花叶类,0.10900473933649289,6.751706860192705,0.7359680463717166,9.173913043478262,0.5416489652802012,0.1290038462542094,0.35920461860632924,0.5507095785440613,0.9380337450966039,0.3418850807198059,滞销,177,Lumpy,0.0015259294000675423,明星品(量大且利厚),0.001029408806055172,-0.0004965205940123704
102900051000944,2020-07-01,2023-06-30,1095,258,745.554,21463.0442,2169.6122447662933,0.6808712328767123,2.8897441860465114,2.2068624179975416,2.8897441860465114,2.2068624179975416,11.218,21.175387596899224,28.788047814108705,0.24050000000000002,2.910067204744785,2067,洪湖藕带,水生根茎类,0.2356164383561644,3.241233160451568,0.7636878131474927,4.244186046511628,0.5832190759499997,0.23578048227217224,0.10108595148708184,0.36069375907111756,0.7566191525469675,0.3383369420342127,滞销,178,Lumpy,0.001582998135373877,引流品(量大但利薄),0.0021610691571842477,0.0005780710218103707
102900005116219,2020-07-30,2023-04-13,988,314,438.593,6413.064,2587.5353305457274,0.44392004048583,1.3967929936305734,1.1510699086707288,1.3967929936305734,1.1510699086707288,7.756,8.79079617834395,14.62190231034239,0.0673,5.899627514679275,1872,红尖椒,辣椒类,0.31781376518218624,2.5929667590834327,0.8240805286965565,3.1464968152866244,0.679108717776796,0.2783215284338173,0.4034787943088869,0.23429113247863248,0.7707138902493524,0.33372141250992443,滞销,179,Lumpy,0.0009312429430839817,明星品(量大且利厚),0.002577346624704942,0.0016461036816209605
102900011036266,2023-02-13,2023-02-17,5,2,3.0,14.700000000000001,4.510000000000002,0.6,1.5,0.7071067811865476,1.5,0.7071067811865476,2.0,3.395,4.9,0.0,1.5033333333333339,3,鹿茸菇(盒),食用菌,0.4,1.1785113019775793,0.47140452079103173,2.5,0.22222222222222227,0.45902906222806084,0.3068027210884355,1.0,,0.3320902037862642,滞销,180,Intermittent,6.369752433923808e-06,问题品(量小且利薄),4.4922413774221794e-06,-1.8775110565016287e-06
102900011000571,2020-12-03,2023-02-18,808,142,675.221,2840.2673999999997,855.9980833712984,0.8356695544554456,4.755077464788733,4.290733869141807,4.755077464788733,4.290733869141807,28.465,2.982323943661972,4.206426340412991,0.122,1.2677302444256004,1317,随州泡泡青,花叶类,0.17574257425742573,5.134486288587855,0.9023478378458853,5.690140845070423,0.8142316204651442,0.16301283480905746,0.30137939947883025,0.512696279422931,0.788171511857192,0.3317407838930107,滞销,181,Lumpy,0.001433663536062156,引流品(量大但利薄),0.0008526274964777441,-0.0005810360395844119
106956146480197,2020-07-12,2021-05-29,322,59,251.0,1008.8,364.63603020496225,0.7795031055900621,4.254237288135593,1.9171928143906496,4.254237288135593,1.9171928143906496,8.0,2.3427118644067795,4.019123505976095,0.073,1.4527331880675787,251,白玉菇(2),食用菌,0.18322981366459629,2.4595063196565308,0.45065488465756304,5.4576271186440675,0.20308982506572146,0.28905858454950956,0.3614552242317231,1.0,0.5459285616216373,0.3313488556493474,滞销,182,Intermittent,0.0005329359536382919,利润品(量小但利厚),0.00036320023560658415,-0.00016973571803170778
102900011033975,2022-07-30,2023-01-24,179,52,190.52200000000002,1201.1687999999997,354.6454478966545,1.064368715083799,3.6638846153846156,4.134176593237449,3.6638846153846156,4.134176593237449,23.06,4.068653846153847,6.3046199389046915,0.0943,1.861440924914994,527,青茄子(2),茄类,0.2905027932960894,3.884158313420514,1.128358839652887,3.4423076923076925,1.2731936710228096,0.2047435680477916,0.2952502994555425,0.36152182163187857,1.2435877844638572,0.32887977394239365,滞销,183,Lumpy,0.0004045259910720106,问题品(量小且利薄),0.0003532489923183531,-5.1276998753657524e-05
102900011033982,2022-08-06,2023-06-29,328,44,297.15799999999996,3237.7046000000005,1750.1933048691617,0.9059695121951218,6.753590909090908,8.141376040249748,6.753590909090908,8.141376040249748,51.508,4.683863636363636,10.89556599519448,0.0943,5.8897734702386,608,紫茄子(1),茄类,0.13414634146341464,8.986368669872316,1.205488480104823,7.454545454545454,1.453202475665436,0.10013649936807167,0.5405660865012705,0.48874671052631574,1.231437194419483,0.31641392793440937,滞销,184,Lumpy,0.0006309409645866436,明星品(量大且利厚),0.0017433017256364783,0.0011123607610498347
102900011034262,2022-06-21,2022-09-29,101,27,93.0,317.90000000000003,73.17216517610686,0.9207920792079208,3.4444444444444446,3.029766852331575,3.4444444444444446,3.029766852331575,10.0,1.8655555555555556,3.4182795698924733,0.0943,0.7867974750119017,93,红椒(份),辣椒类,0.26732673267326734,3.2903919579084846,0.8796097313220701,3.740740740740741,0.7737132794364844,0.23307893773124827,0.23017352996573404,1.0,1.1374909237342992,0.30989921246624536,滞销,185,Lumpy,0.00019746232545163805,问题品(量小且利薄),7.288404170281095e-05,-0.00012457828374882709
102900005115854,2020-10-15,2022-11-19,766,164,415.325,2103.8181999999997,850.0615280507132,0.5421997389033942,2.5324695121951217,2.011397464401551,2.5324695121951217,2.011397464401551,11.585,3.0235365853658536,5.0654745079154875,0.0535,2.046738164210469,820,萝卜叶,花叶类,0.21409921671018275,3.709698327169297,0.7942435060780219,4.670731707317073,0.6308227469471087,0.2123278245299072,0.4040565520588772,0.5064939024390244,0.9545837739018801,0.30907986347088356,滞销,186,Lumpy,0.0008818391432064685,明星品(量大且利厚),0.0008467143169987,-3.5124826207768526e-05
102900011032480,2023-02-15,2023-03-23,37,14,2.224,54.7254,17.775030000000005,0.06010810810810811,0.15885714285714286,0.06449550627501369,0.15885714285714286,0.06449550627501369,0.307,17.752857142857145,24.606744604316546,0.0,7.992369604316548,15,白蒿,花叶类,0.3783783783783784,1.0729917860501377,0.40599689201897105,2.642857142857143,0.16483347632906403,0.4823945790472195,0.32480402153296284,0.14826666666666669,0.26932716747010177,0.3021625759599915,滞销,187,Intermittent,4.72210980434885e-06,问题品(量小且利薄),1.770503885829724e-05,1.2982929053948389e-05
102900011010891,2020-08-27,2023-06-05,1013,164,448.85999999999996,4659.098399999999,1238.0489487341083,0.4430997038499506,2.736951219512195,1.9559119373858118,2.736951219512195,1.9559119373858118,10.203,7.098475609756098,10.379847613955352,0.0797,2.758207344682325,892,野藕(1),水生根茎类,0.16189536031589338,4.414157627259786,0.714631639556372,6.176829268292683,0.5106983802550283,0.18470093943425142,0.2657271520030804,0.5032062780269058,0.7029360467410692,0.29647064094659714,滞销,188,Lumpy,0.0009530423591636801,引流品(量大但利薄),0.0012331739944074036,0.0002801316352437235
102900011031742,2022-01-14,2022-01-24,11,4,6.0,16.5,4.222203820249531,0.5454545454545454,1.5,1.0,1.5,1.0,3.0,1.8900000000000001,2.75,0.0943,0.7037006367082551,6,灯笼椒(份),辣椒类,0.36363636363636365,1.8333333333333335,0.6666666666666666,2.75,0.4444444444444444,0.3529411764705882,0.2558911406211837,1.0,0.8485281374238569,0.2947380753602567,滞销,189,Intermittent,1.2739504867847616e-05,问题品(量小且利薄),4.20557842688136e-06,-8.533926440966256e-06
102900011032176,2022-02-25,2022-07-02,128,33,40.0,148.9,79.62761400022082,0.3125,1.2121212121212122,0.4846116845975599,1.2121212121212122,0.4846116845975599,3.0,1.5442424242424242,3.7225,0.0943,1.9906903500055204,40,紫苏(份),花叶类,0.2578125,1.5507573907121917,0.3998046397929869,3.878787878787879,0.15984375,0.39204042048106824,0.5347724244474198,1.0,0.6710174491199313,0.2917230393551438,滞销,190,Intermittent,8.493003245231745e-05,利润品(量小但利厚),7.931407148496529e-05,-5.615960967352154e-06
102900011001219,2020-07-01,2023-04-19,1023,272,278.61199999999997,4921.812099999999,1720.0893372899968,0.27234799608993154,1.0243088235294115,0.8911534257698511,1.0243088235294115,0.8911534257698511,7.187,10.268382352941176,17.665470618638107,0.08929999999999999,6.173780516596547,870,红灯笼椒(1),辣椒类,0.26588465298142716,3.2721130265837717,0.8700046365892337,3.761029411764706,0.7569080676867646,0.23407620392470227,0.3494829348097212,0.3202436781609195,0.8375580437302353,0.29027945922151444,滞销,191,Lumpy,0.0005915631550401266,明星品(量大且利厚),0.001713316295750957,0.0011217531407108304
102900005117209,2020-07-01,2023-04-03,1007,284,263.192,5557.986400000001,1914.032508069508,0.26136246276067526,0.9267323943661973,1.4079955273955875,0.9267323943661973,1.4079955273955875,16.094,11.43588028169014,21.11761147755251,0.1598,7.272381030082631,861,七彩椒(1),辣椒类,0.282025819265144,5.387137512110386,1.519311870346921,3.545774647887324,2.3083085593770596,0.15656465797142172,0.3443751694083864,0.3056817653890825,1.4908639401680888,0.27678203512718996,滞销,192,Lumpy,0.0005588226275297584,明星品(量大且利厚),0.0019064957938982243,0.001347673166368466
102900005115199,2020-11-11,2023-04-23,894,151,333.22300000000007,10547.7653,1536.6041653115922,0.3727326621923938,2.2067748344370868,2.1990706678721823,2.2067748344370868,2.1990706678721823,12.849,26.311390728476823,31.653773298961948,0.10460000000000001,4.611338849093825,1536,四川红香椿,花叶类,0.16890380313199105,5.8998603850206335,0.9965088569777579,5.920529801324503,0.9930299020351177,0.14493046876295737,0.14568054195437893,0.2169420572916667,0.8704127482078562,0.2749224141537862,滞销,193,Lumpy,0.0007075160050964645,引流品(量大但利薄),0.0015305536168807102,0.0008230376117842456
102900011034705,2023-01-06,2023-01-19,14,4,8.0,90.10000000000001,30.91925582422436,0.5714285714285714,2.0,1.1547005383792515,2.0,1.1547005383792515,3.0,6.7,11.262500000000001,0.0943,3.864906978028045,8,菌菇火锅套餐(份),食用菌,0.2857142857142857,2.0207259421636903,0.5773502691896257,3.5,0.3333333333333333,0.33104625151254813,0.3431659913898375,1.0,,0.2738743495316966,滞销,194,Intermittent,1.6986006490463487e-05,利润品(量小但利厚),3.0797507843166815e-05,1.3811501352703328e-05
102900011007044,2020-09-29,2023-04-29,943,141,287.0,1220.5,283.1128109178957,0.30434782608695654,2.0354609929078014,1.3596814097308159,2.0354609929078014,1.3596814097308159,7.0,3.043687943262411,4.2526132404181185,0.09140000000000001,0.9864557871703682,289,银耳(朵),食用菌,0.14952279957582185,4.4675246319726805,0.6679967901464984,6.6879432624113475,0.446219711646025,0.18289812434538597,0.23196461361564577,0.9930795847750865,0.9058444148124434,0.27031293627537806,滞销,195,Intermittent,0.0006093729828453776,引流品(量大但利薄),0.0002819980229897278,-0.00032737495985564984
102900011032350,2022-02-19,2023-02-17,364,101,76.59599999999999,1228.7949999999998,505.98214806227224,0.2104285714285714,0.7583762376237623,0.5423718070011595,0.7583762376237623,0.5423718070011595,3.4530000000000003,8.513663366336633,16.042547913729177,0.0943,6.6058560246262505,289,灯笼椒(2),辣椒类,0.2774725274725275,2.5774627623951916,0.7151751071481163,3.603960396039604,0.5114754338843196,0.27952771738439497,0.41177100172304765,0.265038062283737,0.5854491516986267,0.2690895011935719,滞销,196,Lumpy,0.00016263251914294265,利润品(量小但利厚),0.0005039897875304422,0.00034135726838749954
102900051006229,2021-12-18,2022-01-11,25,3,18.614,74.456,19.869120000000002,0.74456,6.204666666666667,5.250040888729662,6.204666666666667,5.250040888729662,10.432,2.956666666666667,4.0,0.0,1.067428817019448,34,藕尖,水生根茎类,0.12,7.051199216624129,0.8461439059948954,8.333333333333334,0.7159595096522984,0.1242050995254469,0.266857204254862,0.5474705882352942,,0.26147059979207204,滞销,197,Lumpy,3.952219060168592e-05,问题品(量小且利薄),1.9790883147886153e-05,-1.973130745379977e-05
102900005123880,2020-07-01,2023-04-03,1007,217,212.043,2675.0713,927.0027688657822,0.21056901688182722,0.9771566820276498,0.8761136634381489,0.9771566820276498,0.8761136634381489,5.758,6.442764976958525,12.615702003838845,0.16329999999999997,4.37176784362503,673,灯笼椒(1),辣椒类,0.21549155908639522,4.160695986579213,0.8965948650324618,4.640552995391705,0.8038823520025783,0.19377231338574816,0.34653385458016844,0.31507132243684993,0.9016426350832867,0.2596764806625794,滞销,198,Lumpy,0.0004502204717821687,利润品(量小但利厚),0.0009233525931893114,0.00047313212140714266
102900011031759,2022-01-09,2022-02-11,34,8,13.0,47.3,7.375080048581205,0.38235294117647056,1.625,0.7440238091428449,1.625,0.7440238091428449,3.0,2.71,3.6384615384615384,0.0943,0.567313849890862,13,红灯笼椒(份),辣椒类,0.23529411764705882,1.945908423912056,0.4578608056263661,4.25,0.20963651732882502,0.3394538648530145,0.15592135409262592,1.0,0.4575657233497425,0.2585731793260244,滞销,199,Intermittent,2.760226054700317e-05,问题品(量小且利薄),7.346039857214469e-06,-2.02562206897887e-05
102900011034569,2022-07-21,2022-09-23,65,12,40.0,395.20000000000005,26.976526443634796,0.6153846153846154,3.3333333333333335,3.0251471289038405,3.3333333333333335,3.0251471289038405,12.0,7.958333333333333,9.88,0.0943,0.6744131610908699,40,洪湖莲藕(脆藕),水生根茎类,0.18461538461538463,4.9158640844687405,0.9075441386711521,5.416666666666667,0.8236363636363634,0.16903701398843116,0.06826044140595848,1.0,0.8190839013800725,0.25433155462084794,滞销,200,Lumpy,8.493003245231745e-05,问题品(量小且利薄),2.6870303394505494e-05,-5.805972905781195e-05
102900011033241,2022-03-28,2022-09-20,177,16,65.0,232.90000000000003,-13.484012366125654,0.3672316384180791,4.0625,2.434988021873345,4.0625,2.434988021873345,11.0,3.0368749999999998,3.5830769230769235,0.0943,-0.20744634409424084,65,蔡甸藜蒿(份),花叶类,0.0903954802259887,6.630659690332032,0.5993816669226696,11.0625,0.35925838264299803,0.13105026833616887,-0.057896145839955566,1.0,0.6572310573321177,0.24957767689930435,滞销,201,Intermittent,0.00013801130273501585,问题品(量小且利薄),-1.3430917579774276e-05,-0.00015144222031479012
102900005119104,2021-10-10,2022-10-26,382,51,102.0,379.9,139.6069193477303,0.2670157068062827,2.0,1.1489125293076057,2.0,1.1489125293076057,5.0,2.09,3.7245098039215683,0.0924,1.368695287722846,102,蟹味菇(1),食用菌,0.13350785340314136,4.302790060740248,0.5744562646538028,7.490196078431373,0.32999999999999996,0.18857997177817823,0.36748333600350175,1.0,0.678770277170372,0.24104320116349676,滞销,202,Intermittent,0.00021657158275340948,利润品(量小但利厚),0.00013905720170029155,-7.751438105311792e-05
102900011035849,2023-03-07,2023-04-05,30,4,16.538,116.56400000000001,56.88714000000001,0.5512666666666667,4.1345,2.749562086345145,4.1345,2.749562086345145,7.199,3.58,7.048252509372355,0.0,3.439783528842666,39,大白菜秧,花叶类,0.13333333333333333,4.987716930121801,0.6650289240162401,7.5,0.4422634697781981,0.16700856297487968,0.48803352664630595,0.42405128205128206,,0.23967659482606296,滞销,203,Intermittent,3.5114321917410646e-05,利润品(量小但利厚),5.6663140610024014e-05,2.1548818692613368e-05
102900011027479,2021-07-15,2023-05-26,681,81,163.64,1921.8562,674.712712213824,0.2402936857562408,2.0202469135802468,1.7402916388558571,2.0202469135802468,1.7402916388558571,7.579,7.273827160493828,11.744415790760206,0.08710000000000001,4.123152726801663,641,小皱皮,辣椒类,0.11894273127753303,7.242352762532626,0.861425218451017,8.407407407407407,0.7420534069833824,0.12132458156191925,0.3510734633599663,0.25528861154446175,0.931489200152383,0.23861532047366768,滞销,204,Lumpy,0.0003474487627624306,利润品(量小但利厚),0.000672055956469996,0.00032460719370756543
102900011015384,2022-03-01,2022-04-14,45,14,3.3900000000000006,161.26579999999998,40.5936760018859,0.07533333333333335,0.2421428571428572,0.15106079119798968,0.2421428571428572,0.15106079119798968,0.649,29.979285714285712,47.571032448377565,0.1516,11.974535693771651,28,马兰头,花叶类,0.3111111111111111,2.0052317415662344,0.6238498751539395,3.2142857142857144,0.3891886667295859,0.3327530406952346,0.251719062577967,0.1210714285714286,0.61792395607576,0.23763406461563982,滞销,205,Intermittent,7.197820250333905e-06,问题品(量小且利薄),4.043383392402251e-05,3.323601367368861e-05
102900005116806,2021-06-10,2022-12-19,558,27,101.125,435.9168,202.08057377377378,0.18122759856630824,3.7453703703703702,5.571017709457431,3.7453703703703702,5.571017709457431,29.631,2.387407407407408,4.310672929542646,0.001,1.998324586143622,240,黑油菜,花叶类,0.04838709677419355,30.740448770108742,1.4874410695213907,20.666666666666668,2.2124809352989385,0.031505540682264715,0.46357601673937265,0.42135416666666664,1.0920634054954752,0.23626202182419,滞销,206,Lumpy,0.00021471373829351503,利润品(量小但利厚),0.00020128485921945931,-1.3428879074055717e-05
102900005117353,2021-05-19,2021-07-11,54,8,22.0,107.8,83.50939604725627,0.4074074074074074,2.75,1.4880476182856899,2.75,1.4880476182856899,5.0,1.0,4.8999999999999995,0.0943,3.795881638511649,22,白玉菇(1),食用菌,0.14814814814814814,3.65248051761033,0.54110822483116,6.75,0.29279811097992914,0.214939105325611,0.7746697221452344,1.0,0.20203050891044216,0.23214541254362345,滞销,207,Intermittent,4.67115178487746e-05,利润品(量小但利厚),8.318056858692255e-05,3.6469050738147956e-05
102900005119968,2020-09-05,2022-06-21,655,90,128.5,1142.4200000000003,494.04052747252746,0.19618320610687023,1.4277777777777778,1.1053391647650714,1.4277777777777778,1.1053391647650714,5.8149999999999995,5.028666666666666,8.890428015564204,0.09,3.8446733655449608,631,青杭椒(2),辣椒类,0.13740458015267176,5.634219088880325,0.7741675083957699,7.277777777777778,0.5993353310557145,0.1507336412323357,0.43245087399776555,0.20364500792393028,0.8104108060904792,0.2282859937161037,滞销,208,Lumpy,0.00027283772925306977,利润品(量小但利厚),0.0004920951883892608,0.00021925745913619103
106956146480203,2020-07-10,2022-02-07,578,32,95.0,394.3,168.1804192472606,0.1643598615916955,2.96875,1.942468914518574,2.96875,1.942468914518574,9.0,2.0625,4.150526315789474,0.1604,1.7703202026027431,95,蟹味菇(2),食用菌,0.05536332179930796,11.818389816755115,0.6543053185746776,18.0625,0.4281154499151103,0.07801291849409078,0.42652908761668934,1.0,0.5825212431076296,0.22690692181252872,滞销,209,Intermittent,0.00020170882707425393,利润品(量小但利厚),0.0001675181902915196,-3.419063678273434e-05
102900011008485,2021-06-23,2023-04-28,675,14,51.735,370.363,139.92677971014493,0.07664444444444445,3.695357142857143,2.8632387419505543,3.695357142857143,2.8632387419505543,10.388,4.789285714285714,7.158847975258529,0.1375,2.7046830909470363,104,芥菜,花叶类,0.02074074074074074,37.357420524144665,0.7748205738341115,48.214285714285715,0.6003469216366218,0.02607057477628181,0.3778098236328816,0.4974519230769231,1.0906253307118539,0.21740144329462835,滞销,210,Lumpy,0.00010984638072301608,利润品(量小但利厚),0.0001393758025772397,2.9529421854223626e-05
102900005115816,2020-07-08,2021-07-12,370,4,18.428,151.592,53.48452368846776,0.04980540540540541,4.607,1.7767860497726413,4.607,1.7767860497726413,6.23,4.58,8.226177555893207,0.1346,2.9023509707221486,42,南瓜尖,花叶类,0.010810810810810811,35.674562536134,0.3856709463365837,92.5,0.14874207884815605,0.027266855576388662,0.35281890659446247,0.4387619047619048,0.9792956749702278,0.21272669042434053,滞销,211,Intermittent,3.912726595078265e-05,利润品(量小但利厚),5.3273922475621175e-05,1.4146656524838525e-05
102900011001691,2020-08-10,2023-06-30,1055,105,126.422,1762.1858,473.98880918243174,0.11983127962085308,1.2040190476190475,0.9621660157900984,1.2040190476190475,0.9621660157900984,4.837,9.87847619047619,13.938917277056209,0.09609999999999999,3.749258904165665,307,菱角,水生根茎类,0.0995260663507109,8.029339408161189,0.7991285666890283,10.047619047619047,0.6386064660984608,0.11075007315553426,0.2689777713464901,0.41179804560260586,0.6184910977189055,0.20857556808310895,滞销,212,Lumpy,0.0002684256140671719,问题品(量小且利薄),0.0004721224259521918,0.00020369681188501994
102900011031216,2022-12-08,2023-06-17,192,23,29.0,255.4,48.00539817086775,0.15104166666666666,1.2608695652173914,0.4489777585448795,1.2608695652173914,0.4489777585448795,2.0,6.309565217391306,8.806896551724138,0.10339999999999999,1.6553585576161294,29,冰草(盒),花叶类,0.11979166666666667,2.9725424014005815,0.3560858085011113,8.347826086956522,0.12679710301589012,0.2517279613296096,0.1879616216557077,1.0,0.5883484054145521,0.20646767085887455,滞销,213,Intermittent,6.157427352793014e-05,问题品(量小且利薄),4.7816371619245905e-05,-1.3757901908684236e-05
102900011016909,2020-09-05,2022-07-10,674,81,101.379,1149.0113999999999,421.30306845839607,0.1504139465875371,1.2515925925925926,1.3024060117507308,1.2515925925925926,1.3024060117507308,7.138,7.059135802469137,11.33382061373657,0.0698,4.1557232608172905,193,花茄子,茄类,0.1201780415430267,8.658811508497742,1.0405990091814794,8.320987654320987,1.0828462979094766,0.10353240656163631,0.3666656992771317,0.525279792746114,0.7301305661401337,0.20630346638879468,滞销,214,Lumpy,0.00021525304399958725,利润品(量小但利厚),0.0004196441411449524,0.00020439109714536513
102900005115977,2020-11-21,2023-03-02,832,39,85.04800000000002,1134.0808,359.95020200785683,0.10222115384615386,2.180717948717949,2.0298329066403205,2.180717948717949,2.0298329066403205,7.924,10.174102564102565,13.334596933496375,0.0836,4.2323182439076374,391,豌豆尖,花叶类,0.046875,19.85726858156272,0.9308094647607525,21.333333333333332,0.8664062596881986,0.0479449164730982,0.31739378887981956,0.21751406649616373,1.2079736180112688,0.20415318345991426,滞销,215,Lumpy,0.00018057823500011738,问题品(量小且利薄),0.00035853285837498134,0.00017795462337486396
102900005116639,2021-03-09,2023-06-12,826,93,94.315,868.8514,285.72967023350714,0.11418280871670702,1.0141397849462366,0.7271744840461466,1.0141397849462366,0.7271744840461466,4.011,6.173440860215052,9.212229231829507,0.11779999999999999,3.0295252105551307,313,马齿苋,花叶类,0.11259079903147699,6.368511093909952,0.7170357527041471,8.881720430107526,0.5141402706560028,0.13571262732120964,0.32885907789698804,0.3013258785942492,0.8203001986129312,0.2022229189388894,滞销,216,Lumpy,0.00020025440026850798,问题品(量小且利薄),0.000284604578133072,8.435017786456402e-05
102900011011669,2020-11-25,2021-02-17,85,17,14.707999999999998,223.82999999999998,60.63707391847395,0.17303529411764704,0.8651764705882352,0.5990959058546175,0.8651764705882352,0.5990959058546175,2.513,10.007058823529412,15.218248572205603,0.1193,4.122727353717294,63,秀珍菇,食用菌,0.2,3.462275768129079,0.6924551536258158,5.0,0.47949413978295213,0.22410089648477174,0.2709068217775721,0.23346031746031742,0.6897397152749799,0.1966585686294105,滞销,217,Intermittent,3.122877293271712e-05,问题品(量小且利薄),6.039830874997247e-05,2.916953581725535e-05
102900011007969,2020-08-07,2023-06-30,1058,96,100.46900000000001,1073.3308000000002,255.06454115389224,0.09496124763705105,1.0465520833333335,0.8766021466860331,1.0465520833333335,0.8766021466860331,4.739,6.518229166666667,10.68320377429854,0.1663,2.5387387269097155,353,红莲藕带,水生根茎类,0.09073724007561437,9.231156587542655,0.8376096714594469,11.020833333333334,0.7015899617224025,0.09774066025121628,0.2376383321468947,0.284614730878187,0.8796318690626516,0.19472589863406936,滞销,218,Lumpy,0.00021332088576129704,问题品(量小且利薄),0.00025406019638242054,4.07393106211235e-05
102900011018132,2020-11-11,2023-06-30,962,23,50.815000000000005,734.5600000000002,177.93631428244188,0.052822245322245324,2.209347826086957,1.7770369262213295,2.209347826086957,1.7770369262213295,6.210999999999999,10.286521739130434,14.455574141493656,0.12689999999999999,3.5016494004219596,75,野生粉藕,水生根茎类,0.02390852390852391,33.64182865344719,0.8043264646874068,41.82608695652174,0.6469410617965422,0.028866836390303848,0.2422352350828276,0.6775333333333334,0.7993901463940346,0.18758787219612597,滞销,219,Lumpy,0.00010789298997661279,问题品(量小且利薄),0.0001772356704136546,6.934268043704182e-05
102900011002414,2021-02-22,2023-03-11,748,96,45.251999999999995,609.8486,273.75594497290786,0.06049732620320855,0.47137499999999993,0.2822156790004486,0.47137499999999993,0.2822156790004486,1.239,6.118125,13.476721470874217,0.16949999999999998,6.049587752428796,177,田七,花叶类,0.12834224598930483,4.664928133393785,0.5987073540184538,7.791666666666667,0.35845049575577814,0.1765247460254916,0.4488916510965309,0.2556610169491525,0.45198206335866614,0.18072701983347295,滞销,220,Intermittent,9.608134571330671e-05,利润品(量小但利厚),0.00027267800073671965,0.00017659665502341295
102900011021644,2021-12-26,2022-11-12,322,11,25.0,99.0,-54.926759320538274,0.07763975155279502,2.272727272727273,2.7601053998320095,2.272727272727273,2.7601053998320095,10.0,5.144545454545455,3.96,0.0934,-2.197070372821531,25,洪山菜苔,花叶类,0.034161490683229816,35.550157549836285,1.2144463759260842,29.272727272727273,1.4748799999999997,0.027359663187128427,-0.5548157507125078,1.0,1.201468339490849,0.17284720040649712,滞销,221,Lumpy,5.3081270282698406e-05,问题品(量小且利薄),-5.471047914577191e-05,-0.00010779174942847032
102900011030608,2021-12-30,2023-03-03,429,24,34.0,280.79999999999995,64.96458852867833,0.07925407925407925,1.4166666666666667,1.0754843869934452,1.4583333333333333,0.9770927002733856,4.0,5.7636,8.258823529411764,0.198,1.910723192019951,36,牛排菇(盒),食用菌,0.055944055944055944,13.57008241235847,0.6700064230446073,17.875,0.44890860692102935,0.06863379160791784,0.231355372253128,0.9444444444444444,0.7071067811865475,0.16355891576105794,滞销,222,Intermittent,7.219052758446983e-05,问题品(量小且利薄),6.470878329395454e-05,-7.481744290515293e-06
102900011029305,2022-02-05,2023-01-19,349,30,28.570999999999994,629.4794,150.67757671809258,0.08186532951289396,0.9523666666666665,0.504008858935096,0.9523666666666665,0.504008858935096,1.818,16.511333333333333,22.03210948164223,0.0018,5.273794292047622,133,水果辣椒,辣椒类,0.08595988538681948,6.156560560300603,0.529217240140453,11.633333333333333,0.2800708872618779,0.13973192730978526,0.23936855871390322,0.2148195488721804,0.7084638910675329,0.16209693583038046,滞销,223,Intermittent,6.066339892987903e-05,问题品(量小且利薄),0.00015008426713585812,8.942086820597908e-05
102900011026618,2022-06-01,2023-06-22,387,4,10.512,43.32,11.15251405268379,0.02716279069767442,2.628,1.8057072483286614,2.628,1.8057072483286614,4.874,2.7024999999999997,4.121004566210045,0.09269999999999999,1.060931702119843,27,艾蒿,花叶类,0.0103359173126615,66.47723602579832,0.6871032147369335,96.75,0.4721108277018285,0.014819812708654423,0.25744492273046604,0.38933333333333336,,0.16197891396670158,滞销,224,Intermittent,2.2319612528469024e-05,问题品(量小且利薄),1.1108599798170383e-05,-1.1211012730298642e-05
102900011031841,2022-02-08,2022-11-19,285,4,10.0,79.80000000000001,33.1178756762725,0.03508771929824561,2.5,2.3804761428476167,2.5,2.3804761428476167,6.0,2.755,7.980000000000001,0.0943,3.31178756762725,10,双孢菇(份),食用菌,0.014035087719298246,67.84357007115707,0.9521904571390467,71.25,0.9066666666666667,0.014525684809291482,0.4150109733868733,1.0,0.0,0.15789740229119628,滞销,225,Lumpy,2.123250811307936e-05,利润品(量小但利厚),3.2987470386978894e-05,1.1754962273899533e-05
102900011026793,2021-07-05,2021-10-06,94,5,10.0,49.0,15.721872584741085,0.10638297872340426,2.0,1.0,2.0,1.0,3.0,3.098,4.9,0.0943,1.5721872584741086,10,杏鲍菇(250克),食用菌,0.05319148936170213,9.4,0.5,18.8,0.25,0.09615384615384615,0.3208545425457364,1.0,0.2309401076758503,0.15544466172493035,滞销,226,Intermittent,2.123250811307936e-05,问题品(量小且利薄),1.565996597688099e-05,-5.572542136198371e-06
102900051009336,2020-08-31,2023-06-02,1006,82,39.977,1155.1683999999998,424.21044030797106,0.039738568588469185,0.4875243902439024,0.3316347174490705,0.4875243902439024,0.3316347174490705,1.734,16.628780487804878,28.89582509943217,0.1168,10.611362541160444,321,虫草花,食用菌,0.08151093439363817,8.345411755603596,0.6802423100989016,12.268292682926829,0.46272960044869016,0.10700438098946156,0.36722822430735735,0.12453894080996884,0.8674079396462443,0.1530629002988714,滞销,227,Intermittent,8.488119768365736e-05,利润品(量小但利厚),0.0004225400648971061,0.00033765886721344874
102900011000861,2021-07-03,2022-07-19,382,32,27.713,382.649,120.29992642756531,0.07254712041884817,0.86603125,0.6336400466111299,0.86603125,0.6336400466111299,2.746,8.66,13.807563237469779,0.0771,4.340920377713178,248,红线椒,辣椒类,0.08376963350785341,8.734186042848181,0.7316595637988005,11.9375,0.535325717298251,0.10273072608209616,0.31438714442626353,0.11174596774193549,0.6834063606301011,0.15125370185936218,滞销,228,Lumpy,5.884164973377683e-05,问题品(量小且利薄),0.00011982623219484538,6.098458246106855e-05
102900011012871,2020-09-22,2020-12-25,95,16,5.795,603.127,193.59691120602452,0.061,0.3621875,0.2563368145624034,0.3621875,0.2563368145624034,1.104,62.786249999999995,104.07713546160483,0.1103,33.407577429857554,35,黑皮鸡枞菌,食用菌,0.16842105263157894,4.202242861678744,0.7077461661774728,5.9375,0.5009046357389109,0.1922247820005281,0.3209886329181491,0.16557142857142856,0.6902701837326161,0.14834244339811103,滞销,229,Lumpy,1.230423845152949e-05,问题品(量小且利薄),0.00019283460200905336,0.00018053036355752386
102900011007464,2020-09-14,2023-06-10,1000,84,30.172000000000004,583.935,200.30054178145087,0.030172000000000004,0.3591904761904762,0.2954860596956636,0.3591904761904762,0.2954860596956636,1.48,15.116071428571429,19.35353970568739,0.1288,6.6386232858760055,234,紫苏,花叶类,0.084,9.793386573500715,0.8226444721740601,11.904761904761905,0.676743927598538,0.0926493268067634,0.3430185581981743,0.12894017094017096,1.0006868476023505,0.13970104887817067,滞销,230,Lumpy,6.406272347878305e-05,利润品(量小但利厚),0.000199511836299493,0.00013544911282070994
102900051010790,2021-02-22,2023-05-26,824,53,27.022,446.05819999999994,173.3247630440189,0.03279368932038835,0.5098490566037736,0.32489781803292317,0.5098490566037736,0.32489781803292317,1.482,7.889056603773584,16.50722374361631,0.19579999999999997,6.414209275553953,153,紫贝菜,花叶类,0.06432038834951456,9.907327439091432,0.6372431483881625,15.547169811320755,0.4060788301676577,0.09168148710893553,0.38856983919143046,0.1766143790849673,0.7206017098878577,0.13562151697155173,滞销,231,Intermittent,5.737448342316305e-05,利润品(量小但利厚),0.00017264227766701466,0.0001152677942438516
102900011006955,2021-06-23,2022-02-04,227,17,16.337,229.8204,87.76133422755619,0.07196916299559471,0.961,0.9715094569791897,0.961,0.9715094569791897,4.055,7.562352941176471,14.06747872926486,0.1501,5.371936966857819,48,冰草,花叶类,0.07488986784140969,13.498968398988557,1.0109359593956189,13.352941176470589,1.0219915139991405,0.06897042413512396,0.3818692084234306,0.3403541666666667,0.8267232207555044,0.1321920251796668,滞销,232,Lumpy,3.468754850433775e-05,利润品(量小但利厚),8.741576429153108e-05,5.272821578719333e-05
102900011008676,2020-11-09,2023-02-10,824,14,15.887,92.08840000000001,13.495862686567165,0.019280339805825244,1.1347857142857143,0.731689528375298,1.1347857142857143,0.731689528375298,2.588,5.425714285714285,5.7964625165229435,0.11560000000000001,0.8494909477287823,38,荠菜,花叶类,0.01699029126213592,37.95003281810572,0.644782110987233,58.857142857142854,0.4157439706491525,0.025673919317858836,0.1465533409915599,0.41807894736842105,0.7749251153544836,0.12562260438615788,滞销,233,Intermittent,3.373208563924918e-05,问题品(量小且利薄),1.344272123827163e-05,-2.0289364400977548e-05
102900011000632,2021-01-17,2022-04-29,468,15,13.251000000000001,180.25260000000003,45.80377496978648,0.028314102564102567,0.8834000000000001,0.5088410922310197,0.8834000000000001,0.5088410922310197,1.578,8.210666666666667,13.60294317410007,0.2553,3.4566277993952514,24,紫白菜(1),花菜类,0.03205128205128205,17.9712950844553,0.5760030475786956,31.2,0.33177951081994506,0.05271121426071645,0.2541088171254477,0.5521250000000001,1.167847421998132,0.11513798830765734,滞销,234,Intermittent,2.8135196500641463e-05,问题品(量小且利薄),4.562341755241887e-05,1.7488221051777407e-05
106931885000035,2020-10-04,2021-04-12,191,6,7.0,89.90000000000002,36.563666029031175,0.03664921465968586,1.1666666666666667,0.408248290463863,1.1666666666666667,0.408248290463863,2.0,6.585,12.842857142857145,0.11130000000000001,5.223380861290168,7,绣球菌,食用菌,0.031413612565445025,11.139346211228263,0.34992710611188255,31.833333333333332,0.1224489795918367,0.08237675922571942,0.4067148612795458,1.0,0.4,0.11402502886103959,滞销,235,Intermittent,1.4862755679155553e-05,利润品(量小但利厚),3.641969256005754e-05,2.1556936880901985e-05
102900011008133,2021-02-05,2023-02-25,751,19,14.227,286.49060000000003,28.52653192097123,0.018944074567243674,0.7487894736842106,0.6403831820738588,0.7487894736842106,0.6403831820738588,3.013,17.76105263157895,20.13710550361988,0.1598,2.0050981880207512,35,丝瓜尖,花叶类,0.02529960053262317,33.803877819460745,0.8552246052859575,39.526315789473685,0.7314091254865217,0.02873243048338842,0.09957231378960157,0.4064857142857143,1.0110511542435674,0.1097961330176129,滞销,236,Lumpy,3.020748929247801e-05,问题品(量小且利薄),2.8414205554266414e-05,-1.7932837382115943e-06
102900011008515,2021-03-11,2023-04-03,754,33,12.936,117.89720000000001,22.526764220183487,0.017156498673740053,0.392,0.3020300067874052,0.392,0.3020300067874052,1.203,6.595757575757576,9.113883735312308,0.128,1.7414010683506098,63,面条菜,花叶类,0.04376657824933687,17.604408249667866,0.7704847111923602,22.848484848484848,0.5936466901811747,0.05375070180035704,0.191071240200645,0.20533333333333334,0.9210070444661874,0.10037642818720792,滞销,237,Lumpy,2.746637249507946e-05,问题品(量小且利薄),2.2438062600740954e-05,-5.028309894338506e-06
102900011000335,2021-07-17,2022-07-02,351,8,7.6579999999999995,94.53,60.55079654895666,0.021817663817663816,0.9572499999999999,0.7384413604729511,0.9572499999999999,0.7384413604729511,2.525,3.6674999999999995,12.343954034996084,0.0032,7.90686818346261,14,紫圆茄,茄类,0.022792022792022793,33.84603258370408,0.7714195460673294,43.875,0.5950881160547246,0.02869767161004306,0.640545821950245,0.5469999999999999,0.941493816312431,0.10016797633319023,滞销,238,Lumpy,1.6259854712996174e-05,利润品(量小但利厚),6.031237110711643e-05,4.405251639412026e-05
102900011033173,2022-04-16,2023-05-16,396,20,9.300000000000002,174.07080000000002,63.11219423076923,0.02348484848484849,0.46500000000000014,0.39857100008061697,0.46500000000000014,0.39857100008061697,1.375,10.102000000000002,18.71729032258064,0.168,6.786257444168732,41,槐花,花叶类,0.050505050505050504,16.971410326013363,0.8571419356572405,19.8,0.734692297862241,0.055643935665556206,0.36256623299697144,0.226829268292683,0.6149160394209847,0.09315573798377612,滞销,239,Lumpy,1.974623254516381e-05,利润品(量小但利厚),6.286368300296381e-05,4.3117450457799995e-05
102900011029299,2022-06-18,2023-01-20,217,10,6.843000000000001,119.58539999999999,30.317839999999997,0.03153456221198157,0.6843000000000001,0.566337561294793,0.6843000000000001,0.566337561294793,1.965,12.735000000000001,17.4755808855765,0.0,4.4304895513663585,29,紫螺丝椒,辣椒类,0.04608294930875576,17.959265059326327,0.8276159013514436,21.7,0.6849480801697624,0.05274466055887995,0.25352459413941836,0.23596551724137935,0.6348304708414749,0.09100772400501994,滞销,240,Lumpy,1.4529405301780208e-05,问题品(量小且利薄),3.0198460160103145e-05,1.5669054858322937e-05
102900011021699,2020-12-12,2021-11-07,331,10,6.602,187.4036,74.3020982043748,0.01994561933534743,0.6602,0.421538135878594,0.6602,0.421538135878594,1.585,15.769,28.385883065737655,0.08109999999999999,11.254483217869554,25,牛排菇,食用菌,0.030211480362537766,21.134371853349684,0.6385006602220449,33.1,0.4076830931039872,0.04517860306248835,0.3964817015488219,0.26408000000000004,0.5181007066180471,0.08592004964384437,滞销,241,Intermittent,1.4017701856254995e-05,利润品(量小但利厚),7.40095254951172e-05,5.999182363886221e-05
102900011007471,2021-03-31,2023-06-10,802,31,7.568,133.5048,40.5222815498155,0.00943640897755611,0.2441290322580645,0.17008953366496596,0.2441290322580645,0.17008953366496596,0.746,10.717419354838707,17.640697674418604,0.1328,5.354424094848771,69,薄荷叶,花叶类,0.03865336658354115,18.024815803290526,0.6967198128453944,25.870967741935484,0.48541849761132144,0.0525629267762498,0.3035267761894367,0.10968115942028984,0.5587249660872005,0.0791124509431303,滞销,242,Intermittent,1.606876213997846e-05,问题品(量小且利薄),4.036272059548392e-05,2.4293958455505462e-05
102900011007495,2021-08-16,2023-04-08,601,18,4.232,123.91550000000001,31.626239771646055,0.007041597337770383,0.23511111111111113,0.2320222831309119,0.23511111111111113,0.2320222831309119,0.9359999999999999,19.0,29.28060018903592,0.1592,7.473119038668727,31,蒲公英,花叶类,0.029950083194675542,32.95023444274056,0.9868622628441431,33.388888888888886,0.9738971258258626,0.029454877599934395,0.25522424371161034,0.13651612903225807,0.851989152855352,0.056738469936885326,滞销,243,Lumpy,8.985597433455187e-06,问题品(量小且利薄),3.150170796329564e-05,2.2516110529840454e-05
102900005116905,2021-02-10,2021-09-06,209,5,1.817,33.1168,18.826410000000003,0.00869377990430622,0.3634,0.09637842082126061,0.3634,0.09637842082126061,0.496,7.601999999999999,18.226086956521737,0.0,10.361260319207487,5,青杭椒(1),辣椒类,0.023923444976076555,11.085905311856614,0.2652130457381965,41.8,0.0703379596297307,0.0827410089849845,0.56848517972751,0.3634,0.13906771161399198,0.052034961885854665,滞销,244,Intermittent,3.85794672414652e-06,利润品(量小但利厚),1.8752278933550925e-05,1.4894332209404405e-05
102900005128748,2021-08-20,2023-05-13,632,6,1.784,127.60759999999998,-7.323395066778981,0.002822784810126582,0.29733333333333334,0.23002231775779208,0.29733333333333334,0.23002231775779208,0.67,55.30833333333334,71.52892376681613,0.1689,-4.105042077790909,11,黄花菜,花叶类,0.00949367088607595,81.48772691867971,0.773617660620377,105.33333333333333,0.5984842848237447,0.012123015597045693,-0.05738996005550596,0.16218181818181818,0.6649284819578763,0.0316693590828637,滞销,245,Lumpy,3.787879447373358e-06,问题品(量小且利薄),-7.294558390730375e-06,-1.1082437838103733e-05
102900011011058,2022-08-28,2023-05-26,272,3,1.084,81.14439999999999,4.867476923076912,0.003985294117647059,0.36133333333333334,0.2396024485128091,0.36133333333333334,0.2396024485128091,0.638,64.41333333333334,74.85645756457563,0.1017,4.490292364462095,4,黑牛肝菌,食用菌,0.011029411764705883,60.12164759731003,0.6631064073232724,90.66666666666667,0.4397101074331777,0.01636081550988835,0.05998537080903811,0.271,0.6840846999386134,0.02671735210870267,滞销,246,Intermittent,2.301603879457803e-06,问题品(量小且利薄),4.848310695674876e-06,2.5467068162170732e-06
